Reading pref.tcl

# 2021.2_1

# vsim -coverage -c vortex_tb_top "+UVM_TESTNAME=random_instruction_stress_test" "+NUM_CLUSTERS=1" "+NUM_CORES=1" "+NUM_WARPS=4" "+NUM_THREADS=4" "+TIMEOUT=6700000" "+STARTUP_ADDR=80000000" "+USE_AXI_WRAPPER" "+PROGRAM=/home/samuel_ubuntu22/Vortex_UVM_GP/vortex_uvm_env/results/20260910/run_154137_random_instruction_stress_test/programs/riscv_arithmetic_basic_test_0.hex" "+WAVE=/home/samuel_ubuntu22/Vortex_UVM_GP/vortex_uvm_env/results/20260910/run_154137_random_instruction_stress_test/waves/random_instruction_stress_test_axi.vcd" -sv_lib /opt/questa_sim-2021.2_1/questasim/uvm-1.2/linux_x86_64/uvm_dpi -sv_lib /home/samuel_ubuntu22/Vortex_UVM_GP/Vortex/sim/uvmsim/uvm_env/ref_model/simx_model -onfinish stop -do "run -all; coverage save -testname random_instruction_stress_test_riscv_arithmetic_basic_test /home/samuel_ubuntu22/Vortex_UVM_GP/vortex_uvm_env/results/20260910/run_154137_random_instruction_stress_test/reports/coverage.ucdb; quit -f" 
# Start time: 15:41:39 on Sep 10,2026
# Loading /tmp/samuel_ubuntu22@SAMUEL_dpi_19053/linux_x86_64_gcc-7.4.0/export_tramp.so
# ** Note: (vsim-8009) Loading existing optimized design _opt2
# //  Questa Sim-64
# //  Version 2021.2_1 linux_x86_64 May 15 2021
# //
# //  Copyright 1991-2021 Mentor Graphics Corporation
# //  All Rights Reserved.
# //
# //  QuestaSim and its associated documentation contain trade
# //  secrets and commercial or financial information that are the property of
# //  Mentor Graphics Corporation and are privileged, confidential,
# //  and exempt from disclosure under the Freedom of Information Act,
# //  5 U.S.C. Section 552. Furthermore, this information
# //  is prohibited from disclosure under the Trade Secrets Act,
# //  18 U.S.C. Section 1905.
# //
# ** Note: (vsim-8785) UVM-aware debugging capabilities will be disabled since no compiled "questa_uvm_pkg" can be found.
# This also means that later if you turn on UVM-aware debugging your debug simulations may have
# different random seeds from your non-debug simulations.
# Loading sv_std.std
# Loading work.VX_gpu_pkg(fast)
# Loading work.uvm_pkg(fast)
# Loading work.vortex_config_pkg(fast)
# Loading work.vortex_dcr_if_sv_unit(fast)
# Loading work.vortex_mem_if_sv_unit(fast)
# Loading work.vortex_if_sv_unit(fast)
# Loading work.vortex_if(fast)
# Loading work.rvvi_if(fast)
# Loading work.vortex_dcr_if(fast)
# Loading work.dcr_agent_pkg(fast)
# Loading work.vortex_dcr_ral_pkg(fast)
# Loading work.rvvi_registry_pkg(fast)
# Loading work.lockstep_pkg(fast)
# Loading work.simx_pkg(fast)
# Loading work.vortex_status_if(fast)
# Loading work.status_agent_pkg(fast)
# Loading work.vortex_mem_if(fast)
# Loading work.mem_model_pkg(fast)
# Loading work.host_agent_pkg(fast)
# ** Warning: (vsim-PLI-3691) Expected a system task, not a system function '$fseek'.
#    Time: 0 ns  Iteration: 0  Region: /host_agent_pkg::host_transaction::load_program_from_file File: /home/samuel_ubuntu22/Vortex_UVM_GP/Vortex/sim/uvmsim/uvm_env/agents/host_agent/host_transaction.svh Line: 185
# ** Warning: (vsim-PLI-3691) Expected a system task, not a system function '$fseek'.
#    Time: 0 ns  Iteration: 0  Region: /host_agent_pkg::host_transaction::load_program_from_file File: /home/samuel_ubuntu22/Vortex_UVM_GP/Vortex/sim/uvmsim/uvm_env/agents/host_agent/host_transaction.svh Line: 187
# Loading work.vortex_axi_if(fast)
# Loading work.axi_agent_pkg(fast)
# Loading work.mem_agent_pkg(fast)
# Loading work.vortex_env_pkg(fast)
# Loading work.vortex_test_pkg(fast)
# Loading work.vortex_tb_top(fast)
# Loading work.Vortex_axi(fast)
# Loading work.Vortex(fast)
# Loading work.VX_cache_wrap(fast)
# Loading work.VX_cache_bypass(fast)
# Loading work.VX_mem_switch(fast)
# Loading work.VX_mem_arb(fast)
# Loading work.VX_cluster(fast)
# Loading work.VX_cache_wrap(fast__1)
# Loading work.VX_cache_bypass(fast__1)
# Loading work.VX_mem_switch(fast__1)
# Loading work.VX_socket(fast)
# Loading work.VX_cache_cluster(fast)
# Loading work.VX_mem_arb(fast__1)
# Loading work.VX_cache_wrap(fast__2)
# Loading work.VX_cache(fast)
# Loading work.VX_cache_init(fast)
# Loading work.VX_elastic_buffer(fast__5)
# Loading work.vx_cache_probe(fast)
# Loading work.VX_elastic_buffer(fast__8)
# Loading work.VX_elastic_buffer(fast__10)
# Loading work.VX_mem_arb(fast__2)
# Loading work.VX_cache_cluster(fast__1)
# Loading work.VX_mem_arb(fast__3)
# Loading work.VX_cache_wrap(fast__3)
# Loading work.VX_cache_bypass(fast__2)
# Loading work.VX_mem_switch(fast__2)
# Loading work.VX_mem_arb(fast__4)
# Loading work.VX_bits_remove(fast)
# Loading work.VX_mem_arb(fast__5)
# Loading work.VX_bits_insert(fast__1)
# Loading work.VX_bits_remove(fast__1)
# Loading work.VX_cache(fast__1)
# Loading work.VX_cache_init(fast__1)
# Loading work.VX_elastic_buffer(fast__18)
# Loading work.vx_cache_probe(fast__1)
# Loading work.VX_elastic_buffer(fast__20)
# Loading work.VX_elastic_buffer(fast__21)
# Loading work.VX_mem_arb(fast__6)
# Loading work.VX_mem_arb(fast__7)
# Loading work.VX_bits_insert(fast__2)
# Loading work.VX_bits_remove(fast__2)
# Loading work.VX_core(fast)
# Loading work.vx_dcr_probe(fast)
# Loading work.VX_schedule(fast)
# Loading work.VX_elastic_buffer(fast__26)
# Loading work.vx_sched_probe(fast)
# Loading work.VX_fetch(fast)
# Loading work.VX_dp_ram(fast__6)
# Loading work.VX_elastic_buffer(fast__27)
# Loading work.VX_decode(fast)
# Loading work.VX_elastic_buffer(fast__28)
# Loading work.VX_issue(fast)
# Loading work.VX_issue_slice(fast)
# Loading work.VX_ibuffer(fast)
# Loading work.VX_elastic_buffer(fast__29)
# Loading work.VX_tcu_pkg(fast)
# Loading work.VX_uop_sequencer(fast)
# Loading work.VX_scoreboard(fast)
# Loading work.VX_stream_arb(fast__15)
# Loading work.vx_hazard_probe(fast)
# Loading work.VX_operands(fast)
# Loading work.VX_opc_unit(fast)
# Loading work.VX_nz_iterator(fast)
# Loading work.VX_dp_ram(fast__8)
# Loading work.VX_elastic_buffer(fast__32)
# Loading work.VX_dispatch(fast)
# Loading work.VX_elastic_buffer(fast__34)
# Loading work.vx_instr_probe(fast)
# Loading work.VX_fpu_pkg(fast)
# Loading work.VX_execute(fast)
# Loading work.VX_alu_unit(fast)
# Loading work.VX_dispatch_unit(fast)
# Loading work.VX_elastic_buffer(fast__35)
# Loading work.VX_pe_switch(fast)
# Loading work.VX_alu_int(fast)
# Loading work.VX_priority_encoder(fast__4)
# Loading work.VX_elastic_buffer(fast__37)
# Loading work.VX_pipe_register(fast__11)
# Loading work.VX_alu_muldiv(fast)
# Loading work.VX_shift_register(fast__13)
# Loading work.VX_stream_arb(fast__19)
# Loading work.VX_gather_unit(fast)
# Loading work.VX_elastic_buffer(fast__39)
# Loading work.VX_lsu_unit(fast)
# Loading work.VX_dispatch_unit(fast__1)
# Loading work.VX_lsu_slice(fast)
# Loading work.VX_elastic_buffer(fast__43)
# Loading work.VX_elastic_buffer(fast__44)
# Loading work.VX_stream_arb(fast__20)
# Loading work.vx_lsu_probe(fast)
# Loading work.VX_gather_unit(fast__1)
# Loading work.VX_elastic_buffer(fast__45)
# Loading work.VX_fpu_unit(fast)
# Loading work.VX_dispatch_unit(fast__2)
# Loading work.VX_index_buffer(fast__1)
# Loading work.defs_div_sqrt_mvp(fast)
# Loading work.cf_math_pkg(fast)
# Loading work.fpnew_pkg(fast)
# Loading work.VX_fpu_fpnew(fast)
# Loading work.norm_div_sqrt_mvp_sv_unit(fast)
# Loading work.control_mvp_sv_unit(fast)
# Loading work.nrbd_nrsc_mvp_sv_unit(fast)
# Loading work.preprocess_mvp_sv_unit(fast)
# Loading work.div_sqrt_top_mvp_sv_unit(fast)
# Loading work.fpnew_top(fast)
# Loading work.rr_arb_tree(fast)
# Loading work.rr_arb_tree(fast__1)
# Loading work.rr_arb_tree(fast__2)
# Loading work.rr_arb_tree(fast__3)
# Loading work.rr_arb_tree(fast__4)
# Loading work.VX_pipe_register(fast__13)
# Loading work.VX_elastic_buffer(fast__47)
# Loading work.VX_gather_unit(fast__2)
# Loading work.VX_tcu_unit(fast)
# Loading work.VX_dispatch_unit(fast__3)
# Loading work.VX_pe_switch(fast__1)
# Loading work.VX_tcu_fp(fast)
# Loading work.VX_tcu_fedp_bhf(fast)
# Loading work.VX_tcu_int(fast)
# Loading work.VX_gather_unit(fast__3)
# Loading work.VX_sfu_unit(fast)
# Loading work.VX_dispatch_unit(fast__4)
# Loading work.VX_pe_switch(fast__2)
# Loading work.VX_wctl_unit(fast)
# Loading work.VX_elastic_buffer(fast__48)
# Loading work.VX_pipe_register(fast__27)
# Loading work.VX_csr_unit(fast)
# Loading work.VX_csr_data(fast)
# Loading work.VX_gather_unit(fast__4)
# Loading work.VX_commit(fast)
# Loading work.VX_pipe_register(fast__30)
# Loading work.vx_commit_probe(fast)
# Loading work.VX_mem_unit(fast)
# Loading work.VX_lmem_switch(fast)
# Loading work.VX_elastic_buffer(fast__50)
# Loading work.VX_stream_arb(fast__22)
# Loading work.VX_lsu_mem_arb(fast)
# Loading work.VX_lsu_adapter(fast)
# Loading work.VX_stream_unpack(fast)
# Loading work.VX_stream_pack(fast)
# Loading work.VX_local_mem(fast)
# Loading work.vx_lmem_probe(fast)
# Loading work.VX_mem_coalescer(fast)
# Loading work.vx_coalescer_probe(fast)
# Loading work.VX_lsu_adapter(fast__1)
# Loading work.VX_stream_unpack(fast__1)
# Loading work.VX_stream_pack(fast__1)
# Loading work.VX_axi_adapter(fast)
# ** Warning: (vsim-3015) [PCDPC] - Port size (8) does not match connection size (4) for port 'barrier_ctrs'. The port definition is at: /home/samuel_ubuntu22/Vortex_UVM_GP/Vortex/sim/uvmsim/tb/vx_sched_probe.sv(69).
#    Time: 0 ps  Iteration: 0  Instance: /vortex_tb_top/dut/vortex/g_clusters[0]/cluster/g_sockets[0]/socket/g_cores[0]/core/schedule/u_sched_probe File: /home/samuel_ubuntu22/Vortex_UVM_GP/Vortex/sim/uvmsim/tb/vortex_tb_top_binds.svh Line: 25
# Compiling /tmp/samuel_ubuntu22@SAMUEL_dpi_19053/linux_x86_64_gcc-7.4.0/exportwrapper.c
# Compiling /tmp/samuel_ubuntu22@SAMUEL_dpi_19053/linux_x86_64_gcc-11/exportwrapper.c
# Loading /tmp/samuel_ubuntu22@SAMUEL_dpi_19053/linux_x86_64_gcc-11/vsim_auto_compile.so
# Loading /opt/questa_sim-2021.2_1/questasim/uvm-1.2/linux_x86_64/uvm_dpi.so
# Loading /home/samuel_ubuntu22/Vortex_UVM_GP/Vortex/sim/uvmsim/uvm_env/ref_model/simx_model.so
# ** Warning: (vsim-3770) Failed to find user specified function 'dpi_trace' in DPI precompiled library search list "/opt/questa_sim-2021.2_1/questasim/uvm-1.2/linux_x86_64/uvm_dpi.so /home/samuel_ubuntu22/Vortex_UVM_GP/Vortex/sim/uvmsim/uvm_env/ref_model/simx_model.so ".
#    Time: 0 ps  Iteration: 0  Region: /VX_tcu_pkg File: /home/samuel_ubuntu22/Vortex_UVM_GP/Vortex/hw/rtl/tcu/VX_tcu_pkg.sv
# run -all
# UVM_INFO /opt/questa_sim-2021.2_1/questasim/verilog_src/uvm-1.2/src/base/uvm_root.svh(392) @ 0: reporter [UVM/RELNOTES] 
# ----------------------------------------------------------------
# UVM-1.2
# (C) 2007-2014 Mentor Graphics Corporation
# (C) 2007-2014 Cadence Design Systems, Inc.
# (C) 2006-2014 Synopsys, Inc.
# (C) 2011-2013 Cypress Semiconductor Corp.
# (C) 2013-2014 NVIDIA Corporation
# ----------------------------------------------------------------
# 
#   ***********       IMPORTANT RELEASE NOTES         ************
# 
#   You are using a version of the UVM library that has been compiled
#   with `UVM_NO_DEPRECATED undefined.
#   See http://www.eda.org/svdb/view.php?id=3313 for more details.
# 
#   You are using a version of the UVM library that has been compiled
#   with `UVM_OBJECT_DO_NOT_NEED_CONSTRUCTOR undefined.
#   See http://www.eda.org/svdb/view.php?id=3770 for more details.
# 
#       (Specify +UVM_NO_RELNOTES to turn off this notice)
# 
# ** Warning: (vsim-8556) On evaluating the expression 'binsof(axi_usage_cp) intersect{ value_list }' inside the select expression of Bin 'simul' of Cross 'system_axi_cross' in Covergroup instance 'vortex_system_coverage', no matching bins were found. The binsof expression will result in an empty set.
#    Time: 0 ps  Iteration: 0  Instance: /vortex_tb_top
# ** Warning: (vsim-8560) On evaluating the select expression of Cross bin 'system_axi_cross.simul' in Covergroup instance 'vortex_system_coverage', the bin is found to be empty since no cross products are selected.
#    Time: 0 ps  Iteration: 0  Instance: /vortex_tb_top
# ** Warning: (vsim-3881) /home/samuel_ubuntu22/Vortex_UVM_GP/Vortex/sim/uvmsim/tb/vx_sched_probe.sv(170): Sign-and-Width conversion applied in bin 'deeper' for Coverpoint 'cp_split_depth'. Value '4' changed to '3 (maximum)' value.
#    Time: 0 ps  Iteration: 0  Instance: /vortex_tb_top/dut/vortex/g_clusters[0]/cluster/g_sockets[0]/socket/g_cores[0]/core/schedule/u_sched_probe
# ** Warning: (vsim-8475) The invalid value range [4 : 3] is found in bin 'deeper' of Coverpoint 'cp_split_depth'. It will be ignored.
#    Time: 0 ps  Iteration: 0  Process: /vortex_tb_top/dut/vortex/g_clusters[0]/cluster/g_sockets[0]/socket/g_cores[0]/core/schedule/u_sched_probe/#INITIAL#281 File: /home/samuel_ubuntu22/Vortex_UVM_GP/Vortex/sim/uvmsim/tb/vx_sched_probe.sv Line: 170
# ** Warning: (vsim-8549) After dropping the illegal, ignore or invalid values, the values list associated with scalar bin 'deeper' in Coverpoint 'cp_split_depth' of Covergroup instance 'warp_divergence_cg' has converged to empty list. The bin will be taken out of coverage calculation.
#    Time: 0 ps  Iteration: 0  Instance: /vortex_tb_top/dut/vortex/g_clusters[0]/cluster/g_sockets[0]/socket/g_cores[0]/core/schedule/u_sched_probe
# ** Warning: (vsim-3881) /home/samuel_ubuntu22/Vortex_UVM_GP/Vortex/sim/uvmsim/tb/vx_sched_probe.sv(204): Sign-and-Width conversion applied in bin 'deeper' for Coverpoint 'cp_join_depth'. Value '4' changed to '3 (maximum)' value.
#    Time: 0 ps  Iteration: 0  Instance: /vortex_tb_top/dut/vortex/g_clusters[0]/cluster/g_sockets[0]/socket/g_cores[0]/core/schedule/u_sched_probe
# ** Warning: (vsim-8475) The invalid value range [4 : 3] is found in bin 'deeper' of Coverpoint 'cp_join_depth'. It will be ignored.
#    Time: 0 ps  Iteration: 0  Process: /vortex_tb_top/dut/vortex/g_clusters[0]/cluster/g_sockets[0]/socket/g_cores[0]/core/schedule/u_sched_probe/#INITIAL#281 File: /home/samuel_ubuntu22/Vortex_UVM_GP/Vortex/sim/uvmsim/tb/vx_sched_probe.sv Line: 204
# ** Warning: (vsim-8549) After dropping the illegal, ignore or invalid values, the values list associated with scalar bin 'deeper' in Coverpoint 'cp_join_depth' of Covergroup instance 'warp_reconverge_cg' has converged to empty list. The bin will be taken out of coverage calculation.
#    Time: 0 ps  Iteration: 0  Instance: /vortex_tb_top/dut/vortex/g_clusters[0]/cluster/g_sockets[0]/socket/g_cores[0]/core/schedule/u_sched_probe
# ================================================================================
# VORTEX INTERFACE INITIALIZED
# ================================================================================
# Sub-interfaces instantiated:
#   - vortex_axi_if    ADDR=32 DATA=512 ID=50
#   - vortex_mem_if    ADDR=26 DATA=512 TAG=50
#   - vortex_dcr_if    ADDR=12 DATA=32
#   - vortex_status_if (Status and performance monitoring)
# All interfaces use clocking blocks for race-free operation
# ================================================================================
# [TB_TOP @ 0] Program file: /home/samuel_ubuntu22/Vortex_UVM_GP/vortex_uvm_env/results/20260910/run_154137_random_instruction_stress_test/programs/riscv_arithmetic_basic_test_0.hex
# [TB_TOP @ 0] Custom timeout: 6700000 cycles
# [TB_TOP @ 0] Waveform output: /home/samuel_ubuntu22/Vortex_UVM_GP/vortex_uvm_env/results/20260910/run_154137_random_instruction_stress_test/waves/random_instruction_stress_test_axi.vcd
# [TB_TOP @ 0] Waveforms: vsim.wlf (Questa)
# [TB_TOP @ 0] DUT: Vortex_axi AXI_TID_W=50
# [I2-ASSERT] Topology OK: 1CL 1C 4W 4T (RTL == UVM plusargs)
# [I2-ASSERT] Structural config OK: XLEN=32 L2=0 L3=0 icache=1 dcache=1 (RTL == UVM)
# ================================================================================
# [TB_TOP @ 0] Vortex GPGPU UVM Testbench Initialized
# ================================================================================
# [TB_TOP @ 0] Memory model created
# [MEM_MODEL] Loaded 83704 bytes from /home/samuel_ubuntu22/Vortex_UVM_GP/vortex_uvm_env/results/20260910/run_154137_random_instruction_stress_test/programs/riscv_arithmetic_basic_test_0.hex at base=0x0000000080000000
# [TB_TOP @ 0] Pre-loaded 83704 bytes from '/home/samuel_ubuntu22/Vortex_UVM_GP/vortex_uvm_env/results/20260910/run_154137_random_instruction_stress_test/programs/riscv_arithmetic_basic_test_0.hex' @ 0x0000000080000000 (before reset)
# ** Warning: (vsim-8549) After dropping the illegal, ignore or invalid values, the values list associated with scalar bin 'writeback' in Coverpoint 'cp_event' of Covergroup instance 'cache_event_cg_cluster0-socket0-icache0-bank0_b0' has converged to empty list. The bin will be taken out of coverage calculation.
#    Time: 0 ps  Iteration: 0  Instance: /vortex_tb_top/dut/vortex/g_clusters[0]/cluster/g_sockets[0]/socket/icache/g_cache_wrap[0]/cache_wrap/g_cache/cache/g_banks[0]/bank/u_cache_probe
# ** Warning: (vsim-8549) After dropping the illegal, ignore or invalid values, the values list associated with scalar bin 'flush' in Coverpoint 'cp_event' of Covergroup instance 'cache_event_cg_cluster0-socket0-icache0-bank0_b0' has converged to empty list. The bin will be taken out of coverage calculation.
#    Time: 0 ps  Iteration: 0  Instance: /vortex_tb_top/dut/vortex/g_clusters[0]/cluster/g_sockets[0]/socket/icache/g_cache_wrap[0]/cache_wrap/g_cache/cache/g_banks[0]/bank/u_cache_probe
# ** Warning: (vsim-8549) After dropping the illegal, ignore or invalid values, the values list associated with scalar bin 'wr' in Coverpoint 'cp_rw' of Covergroup instance 'cache_event_cg_cluster0-socket0-icache0-bank0_b0' has converged to empty list. The bin will be taken out of coverage calculation.
#    Time: 0 ps  Iteration: 0  Instance: /vortex_tb_top/dut/vortex/g_clusters[0]/cluster/g_sockets[0]/socket/icache/g_cache_wrap[0]/cache_wrap/g_cache/cache/g_banks[0]/bank/u_cache_probe
# ** Warning: (vsim-8549) After dropping the illegal, ignore or invalid values, the values list associated with scalar bin 'stall' in Coverpoint 'cp_mshr_stall' of Covergroup instance 'cache_event_cg_cluster0-socket0-icache0-bank0_b0' has converged to empty list. The bin will be taken out of coverage calculation.
#    Time: 0 ps  Iteration: 0  Instance: /vortex_tb_top/dut/vortex/g_clusters[0]/cluster/g_sockets[0]/socket/icache/g_cache_wrap[0]/cache_wrap/g_cache/cache/g_banks[0]/bank/u_cache_probe
# ** Warning: (vsim-8855) The evaluation of coverpoint bin 'flush_unreachable' 'with' expression resulted in an empty value range list.
#    Time: 0 ps  Iteration: 0  Process: /vortex_tb_top/dut/vortex/g_clusters[0]/cluster/g_sockets[0]/socket/dcache/g_cache_wrap[0]/cache_wrap/g_cache/cache/g_banks[0]/bank/u_cache_probe/#INITIAL#217 File: /home/samuel_ubuntu22/Vortex_UVM_GP/Vortex/sim/uvmsim/tb/vx_cache_probe.sv Line: 145
# ** Warning: (vsim-8858) After processing coverbin with/set expression, the values list associated with scalar bin 'flush_unreachable' in Coverpoint 'cp_event' of Covergroup instance 'cache_event_cg_cluster0-socket0-dcache0-bank0_b0' has converged to empty list. The bin will be taken out of coverage calculation.
#    Time: 0 ps  Iteration: 0  Instance: /vortex_tb_top/dut/vortex/g_clusters[0]/cluster/g_sockets[0]/socket/dcache/g_cache_wrap[0]/cache_wrap/g_cache/cache/g_banks[0]/bank/u_cache_probe
# ** Warning: (vsim-8549) After dropping the illegal, ignore or invalid values, the values list associated with scalar bin 'writeback' in Coverpoint 'cp_event' of Covergroup instance 'cache_event_cg_cluster0-socket0-dcache0-bank0_b0' has converged to empty list. The bin will be taken out of coverage calculation.
#    Time: 0 ps  Iteration: 0  Instance: /vortex_tb_top/dut/vortex/g_clusters[0]/cluster/g_sockets[0]/socket/dcache/g_cache_wrap[0]/cache_wrap/g_cache/cache/g_banks[0]/bank/u_cache_probe
# ** Warning: (vsim-8855) The evaluation of coverpoint bin 'wr_unreachable' 'with' expression resulted in an empty value range list.
#    Time: 0 ps  Iteration: 0  Process: /vortex_tb_top/dut/vortex/g_clusters[0]/cluster/g_sockets[0]/socket/dcache/g_cache_wrap[0]/cache_wrap/g_cache/cache/g_banks[0]/bank/u_cache_probe/#INITIAL#217 File: /home/samuel_ubuntu22/Vortex_UVM_GP/Vortex/sim/uvmsim/tb/vx_cache_probe.sv Line: 165
# ** Warning: (vsim-8858) After processing coverbin with/set expression, the values list associated with scalar bin 'wr_unreachable' in Coverpoint 'cp_rw' of Covergroup instance 'cache_event_cg_cluster0-socket0-dcache0-bank0_b0' has converged to empty list. The bin will be taken out of coverage calculation.
#    Time: 0 ps  Iteration: 0  Instance: /vortex_tb_top/dut/vortex/g_clusters[0]/cluster/g_sockets[0]/socket/dcache/g_cache_wrap[0]/cache_wrap/g_cache/cache/g_banks[0]/bank/u_cache_probe
# ** Warning: (vsim-8549) After dropping the illegal, ignore or invalid values, the values list associated with scalar bin 'stall' in Coverpoint 'cp_mshr_stall' of Covergroup instance 'cache_event_cg_cluster0-socket0-dcache0-bank0_b0' has converged to empty list. The bin will be taken out of coverage calculation.
#    Time: 0 ps  Iteration: 0  Instance: /vortex_tb_top/dut/vortex/g_clusters[0]/cluster/g_sockets[0]/socket/dcache/g_cache_wrap[0]/cache_wrap/g_cache/cache/g_banks[0]/bank/u_cache_probe
# ** Warning: (vsim-8549) After dropping the illegal, ignore or invalid values, the values list associated with scalar bin 'f2f' in Coverpoint 'cp_fpu_op' of Covergroup instance 'instr_class_cg_fpu' has converged to empty list. The bin will be taken out of coverage calculation.
#    Time: 0 ps  Iteration: 0  Instance: /vortex_tb_top/dut/vortex/g_clusters[0]/cluster/g_sockets[0]/socket/g_cores[0]/core/issue/g_slices[0]/issue_slice/dispatch/u_instr_probe
# CONFIGS: num_threads=4, num_warps=4, num_cores=1, num_clusters=1, socket_size=1, local_mem_base=0xffff0000, num_barriers=2
# [TB_TOP @ 0] Virtual interfaces registered in UVM config DB
# [TB_TOP @ 0] Starting UVM test phase...
# ================================================================================
# UVM_INFO @ 0: reporter [RNTST] Running test random_instruction_stress_test...
# [TB_TOP @ 0] Timeout watchdog armed (6700000 cycles)
# UVM_INFO /home/samuel_ubuntu22/Vortex_UVM_GP/Vortex/sim/uvmsim/uvm_tests/vortex_base_test.svh(66) @ 0: uvm_test_top [random_instruction_stress_test] Building test...
# UVM_INFO /home/samuel_ubuntu22/Vortex_UVM_GP/Vortex/sim/uvmsim/uvm_tests/vortex_base_test.svh(73) @ 0: uvm_test_top [random_instruction_stress_test] DEBUG cfg after plusargs: cores=1 warps=4 threads=4 str=1CL_1C_4W_4T_RV32_ F_AXI
# UVM_INFO /home/samuel_ubuntu22/Vortex_UVM_GP/Vortex/sim/uvmsim/uvm_tests/random_instruction_stress_test.svh(83) @ 0: uvm_test_top [random_instruction_stress_test] Stress config: program=/home/samuel_ubuntu22/Vortex_UVM_GP/vortex_uvm_env/results/20260910/run_154137_random_instruction_stress_test/programs/riscv_arithmetic_basic_test_0.hex  timeout=6700000  iterations=1
# UVM_INFO /home/samuel_ubuntu22/Vortex_UVM_GP/Vortex/sim/uvmsim/uvm_env/vortex_env.svh(156) @ 0: uvm_test_top.env [VORTEX_ENV] axi_agent created
# UVM_INFO /home/samuel_ubuntu22/Vortex_UVM_GP/Vortex/sim/uvmsim/uvm_env/vortex_env.svh(161) @ 0: uvm_test_top.env [VORTEX_ENV] dcr_agent created
# UVM_INFO /home/samuel_ubuntu22/Vortex_UVM_GP/Vortex/sim/uvmsim/uvm_env/vortex_env.svh(172) @ 0: uvm_test_top.env [VORTEX_ENV] DCR RAL (reg block + backdoor checker) created
# UVM_INFO /home/samuel_ubuntu22/Vortex_UVM_GP/Vortex/sim/uvmsim/uvm_env/vortex_env.svh(177) @ 0: uvm_test_top.env [VORTEX_ENV] host_agent created
# UVM_INFO /home/samuel_ubuntu22/Vortex_UVM_GP/Vortex/sim/uvmsim/uvm_env/vortex_env.svh(182) @ 0: uvm_test_top.env [VORTEX_ENV] status_agent created (always PASSIVE)
# UVM_INFO /home/samuel_ubuntu22/Vortex_UVM_GP/Vortex/sim/uvmsim/uvm_env/vortex_env.svh(191) @ 0: uvm_test_top.env [VORTEX_ENV] Virtual sequencer created
# UVM_INFO /home/samuel_ubuntu22/Vortex_UVM_GP/Vortex/sim/uvmsim/uvm_env/vortex_env.svh(199) @ 0: uvm_test_top.env [VORTEX_ENV] Scoreboard created
# ** Warning: (vsim-8549) After dropping the illegal, ignore or invalid values, the values list associated with array bin 'slot' in Coverpoint 'cp_route_slot' of Covergroup instance '\/vortex_env_pkg::vortex_coverage_collector::axi_transaction_cg ' has converged to empty list. The bin will be taken out of coverage calculation.
#    Time: 0 ps  Iteration: 12  Region: /uvm_pkg::uvm_phase::m_run_phases
# ** Warning: (vsim-8522) The number of coverpoint bins is zero for the coverpoint 'cp_route_slot' of covergroup instance '\/vortex_env_pkg::vortex_coverage_collector::axi_transaction_cg '. All the user defined bins in the coverpoint are empty bins and hence it would not contribute towards the overall coverage result.
#    Time: 0 ps  Iteration: 12  Region: /uvm_pkg::uvm_phase::m_run_phases
# ** Warning: (vsim-8549) After dropping the illegal, ignore or invalid values, the values list associated with scalar bin 'byte_1' in Coverpoint 'cp_size' of Covergroup instance '\/vortex_env_pkg::vortex_coverage_collector::axi_transaction_cg ' has converged to empty list. The bin will be taken out of coverage calculation.
#    Time: 0 ps  Iteration: 12  Region: /uvm_pkg::uvm_phase::m_run_phases
# ** Warning: (vsim-8549) After dropping the illegal, ignore or invalid values, the values list associated with scalar bin 'byte_2' in Coverpoint 'cp_size' of Covergroup instance '\/vortex_env_pkg::vortex_coverage_collector::axi_transaction_cg ' has converged to empty list. The bin will be taken out of coverage calculation.
#    Time: 0 ps  Iteration: 12  Region: /uvm_pkg::uvm_phase::m_run_phases
# ** Warning: (vsim-8549) After dropping the illegal, ignore or invalid values, the values list associated with scalar bin 'byte_4' in Coverpoint 'cp_size' of Covergroup instance '\/vortex_env_pkg::vortex_coverage_collector::axi_transaction_cg ' has converged to empty list. The bin will be taken out of coverage calculation.
#    Time: 0 ps  Iteration: 12  Region: /uvm_pkg::uvm_phase::m_run_phases
# ** Warning: (vsim-8549) After dropping the illegal, ignore or invalid values, the values list associated with scalar bin 'byte_8' in Coverpoint 'cp_size' of Covergroup instance '\/vortex_env_pkg::vortex_coverage_collector::axi_transaction_cg ' has converged to empty list. The bin will be taken out of coverage calculation.
#    Time: 0 ps  Iteration: 12  Region: /uvm_pkg::uvm_phase::m_run_phases
# ** Warning: (vsim-8550) The number of coverable (sub)bins is zero for the Coverpoint 'cp_route_slot' specified in the list of Coverpoints of Cross 'cross_port_slot' of Covergroup instance '\/vortex_env_pkg::vortex_coverage_collector::axi_transaction_cg '. The cross will never be covered.
#    Time: 0 ps  Iteration: 12  Region: /uvm_pkg::uvm_phase::m_run_phases
# ** Warning: (vsim-8549) After dropping the illegal, ignore or invalid values, the values list associated with scalar bin 'sm' in Coverpoint 'cp_num_clusters' of Covergroup instance '\/vortex_env_pkg::vortex_coverage_collector::host_operation_cg ' has converged to empty list. The bin will be taken out of coverage calculation.
#    Time: 0 ps  Iteration: 12  Region: /uvm_pkg::uvm_phase::m_run_phases
# ** Warning: (vsim-8549) After dropping the illegal, ignore or invalid values, the values list associated with scalar bin 'lg' in Coverpoint 'cp_num_clusters' of Covergroup instance '\/vortex_env_pkg::vortex_coverage_collector::host_operation_cg ' has converged to empty list. The bin will be taken out of coverage calculation.
#    Time: 0 ps  Iteration: 12  Region: /uvm_pkg::uvm_phase::m_run_phases
# ** Warning: (vsim-8549) After dropping the illegal, ignore or invalid values, the values list associated with scalar bin 'sm' in Coverpoint 'cp_num_cores' of Covergroup instance '\/vortex_env_pkg::vortex_coverage_collector::host_operation_cg ' has converged to empty list. The bin will be taken out of coverage calculation.
#    Time: 0 ps  Iteration: 12  Region: /uvm_pkg::uvm_phase::m_run_phases
# ** Warning: (vsim-8549) After dropping the illegal, ignore or invalid values, the values list associated with scalar bin 'md' in Coverpoint 'cp_num_cores' of Covergroup instance '\/vortex_env_pkg::vortex_coverage_collector::host_operation_cg ' has converged to empty list. The bin will be taken out of coverage calculation.
#    Time: 0 ps  Iteration: 12  Region: /uvm_pkg::uvm_phase::m_run_phases
# ** Warning: (vsim-8549) After dropping the illegal, ignore or invalid values, the values list associated with scalar bin 'lg' in Coverpoint 'cp_num_cores' of Covergroup instance '\/vortex_env_pkg::vortex_coverage_collector::host_operation_cg ' has converged to empty list. The bin will be taken out of coverage calculation.
#    Time: 0 ps  Iteration: 12  Region: /uvm_pkg::uvm_phase::m_run_phases
# ** Warning: (vsim-8549) After dropping the illegal, ignore or invalid values, the values list associated with scalar bin 'xl' in Coverpoint 'cp_num_cores' of Covergroup instance '\/vortex_env_pkg::vortex_coverage_collector::host_operation_cg ' has converged to empty list. The bin will be taken out of coverage calculation.
#    Time: 0 ps  Iteration: 12  Region: /uvm_pkg::uvm_phase::m_run_phases
# ** Warning: (vsim-8549) After dropping the illegal, ignore or invalid values, the values list associated with scalar bin 'low' in Coverpoint 'cp_num_warps' of Covergroup instance '\/vortex_env_pkg::vortex_coverage_collector::host_operation_cg ' has converged to empty list. The bin will be taken out of coverage calculation.
#    Time: 0 ps  Iteration: 12  Region: /uvm_pkg::uvm_phase::m_run_phases
# ** Warning: (vsim-8549) After dropping the illegal, ignore or invalid values, the values list associated with scalar bin 'high' in Coverpoint 'cp_num_warps' of Covergroup instance '\/vortex_env_pkg::vortex_coverage_collector::host_operation_cg ' has converged to empty list. The bin will be taken out of coverage calculation.
#    Time: 0 ps  Iteration: 12  Region: /uvm_pkg::uvm_phase::m_run_phases
# ** Warning: (vsim-8549) After dropping the illegal, ignore or invalid values, the values list associated with scalar bin 'wide' in Coverpoint 'cp_num_warps' of Covergroup instance '\/vortex_env_pkg::vortex_coverage_collector::host_operation_cg ' has converged to empty list. The bin will be taken out of coverage calculation.
#    Time: 0 ps  Iteration: 12  Region: /uvm_pkg::uvm_phase::m_run_phases
# ** Warning: (vsim-8549) After dropping the illegal, ignore or invalid values, the values list associated with scalar bin 'xl' in Coverpoint 'cp_num_warps' of Covergroup instance '\/vortex_env_pkg::vortex_coverage_collector::host_operation_cg ' has converged to empty list. The bin will be taken out of coverage calculation.
#    Time: 0 ps  Iteration: 12  Region: /uvm_pkg::uvm_phase::m_run_phases
# ** Warning: (vsim-8549) After dropping the illegal, ignore or invalid values, the values list associated with scalar bin 't1' in Coverpoint 'cp_num_threads' of Covergroup instance '\/vortex_env_pkg::vortex_coverage_collector::host_operation_cg ' has converged to empty list. The bin will be taken out of coverage calculation.
#    Time: 0 ps  Iteration: 12  Region: /uvm_pkg::uvm_phase::m_run_phases
# ** Warning: (vsim-8549) After dropping the illegal, ignore or invalid values, the values list associated with scalar bin 't2' in Coverpoint 'cp_num_threads' of Covergroup instance '\/vortex_env_pkg::vortex_coverage_collector::host_operation_cg ' has converged to empty list. The bin will be taken out of coverage calculation.
#    Time: 0 ps  Iteration: 12  Region: /uvm_pkg::uvm_phase::m_run_phases
# ** Warning: (vsim-8549) After dropping the illegal, ignore or invalid values, the values list associated with scalar bin 't8' in Coverpoint 'cp_num_threads' of Covergroup instance '\/vortex_env_pkg::vortex_coverage_collector::host_operation_cg ' has converged to empty list. The bin will be taken out of coverage calculation.
#    Time: 0 ps  Iteration: 12  Region: /uvm_pkg::uvm_phase::m_run_phases
# ** Warning: (vsim-8549) After dropping the illegal, ignore or invalid values, the values list associated with scalar bin 't16' in Coverpoint 'cp_num_threads' of Covergroup instance '\/vortex_env_pkg::vortex_coverage_collector::host_operation_cg ' has converged to empty list. The bin will be taken out of coverage calculation.
#    Time: 0 ps  Iteration: 12  Region: /uvm_pkg::uvm_phase::m_run_phases
# ** Warning: (vsim-8549) After dropping the illegal, ignore or invalid values, the values list associated with scalar bin 'txl' in Coverpoint 'cp_num_threads' of Covergroup instance '\/vortex_env_pkg::vortex_coverage_collector::host_operation_cg ' has converged to empty list. The bin will be taken out of coverage calculation.
#    Time: 0 ps  Iteration: 12  Region: /uvm_pkg::uvm_phase::m_run_phases
# ** Warning: (vsim-8549) After dropping the illegal, ignore or invalid values, the values list associated with scalar bin 'high_ipc' in Coverpoint 'cp_ipc_bucket' of Covergroup instance '\/vortex_env_pkg::vortex_coverage_collector::status_performance_cg ' has converged to empty list. The bin will be taken out of coverage calculation.
#    Time: 0 ps  Iteration: 12  Region: /uvm_pkg::uvm_phase::m_run_phases
# ** Warning: (vsim-8549) After dropping the illegal, ignore or invalid values, the values list associated with scalar bin 'many' in Coverpoint 'cp_active_warps' of Covergroup instance '\/vortex_env_pkg::vortex_coverage_collector::status_performance_cg ' has converged to empty list. The bin will be taken out of coverage calculation.
#    Time: 0 ps  Iteration: 12  Region: /uvm_pkg::uvm_phase::m_run_phases
# UVM_INFO /home/samuel_ubuntu22/Vortex_UVM_GP/Vortex/sim/uvmsim/uvm_env/vortex_env.svh(225) @ 0: uvm_test_top.env [VORTEX_ENV] Coverage collector created
# UVM_INFO /home/samuel_ubuntu22/Vortex_UVM_GP/Vortex/sim/uvmsim/uvm_env/agents/axi_agent/axi_monitor.svh(149) @ 0: uvm_test_top.env.m_axi_agent.m_monitor [AXI_MON] mem_model found â R-beat inline comparison enabled
# UVM_INFO /home/samuel_ubuntu22/Vortex_UVM_GP/Vortex/sim/uvmsim/uvm_env/vortex_coverage_collector.svh(781) @ 0: uvm_test_top.env.m_coverage [COVERAGE] AXI route decode: AXI_ID_W=50 UUID_W=44 ROUTE_W=6 | MEM_PORTS=1 PORT_SEL_W=0 | TAG_BUF_SZ=16 SLOT_W=4
# UVM_INFO /home/samuel_ubuntu22/Vortex_UVM_GP/Vortex/sim/uvmsim/uvm_env/vortex_coverage_collector.svh(791) @ 0: uvm_test_top.env.m_coverage [COVERAGE] AXI tag buffer  ABSENT (MEM_PORTS=1) -> cp_route_slot/cross_port_slot IGNORED (read id is the raw cache tag)
# UVM_INFO /home/samuel_ubuntu22/Vortex_UVM_GP/Vortex/sim/uvmsim/uvm_env/vortex_env.svh(264) @ 0: uvm_test_top.env [VORTEX_ENV] DCR RAL frontdoor attached to dcr_sequencer
# UVM_INFO /home/samuel_ubuntu22/Vortex_UVM_GP/Vortex/sim/uvmsim/uvm_env/vortex_env.svh(272) @ 0: uvm_test_top.env [VORTEX_ENV] DCR RAL predictor attached to dcr monitor
# UVM_INFO /home/samuel_ubuntu22/Vortex_UVM_GP/Vortex/sim/uvmsim/uvm_env/vortex_env.svh(283) @ 0: uvm_test_top.env [VORTEX_ENV] DCR RAL per-core completeness armed: expecting 1 probe instance(s) (1 cluster(s) x 1 core(s))
# UVM_INFO /home/samuel_ubuntu22/Vortex_UVM_GP/Vortex/sim/uvmsim/uvm_env/vortex_env.svh(315) @ 0: uvm_test_top.env [VORTEX_ENV] Scoreboard connected to all agents
# UVM_INFO /home/samuel_ubuntu22/Vortex_UVM_GP/Vortex/sim/uvmsim/uvm_env/vortex_env.svh(347) @ 0: uvm_test_top.env [VORTEX_ENV] Coverage collector connected to all agents
# UVM_INFO /home/samuel_ubuntu22/Vortex_UVM_GP/Vortex/sim/uvmsim/uvm_env/agents/axi_agent/axi_agent.svh(136) @ 0: uvm_test_top.env.m_axi_agent [AXI_AGENT] AXI Agent configured:  ACTIVE mode, ID_WIDTH=50
# UVM_INFO /home/samuel_ubuntu22/Vortex_UVM_GP/Vortex/sim/uvmsim/uvm_env/agents/dcr_agent/dcr_sequencer.svh(59) @ 0: uvm_test_top.env.m_dcr_agent.m_sequencer [DCR_SQCR] DCR sequencer ready
# UVM_INFO /home/samuel_ubuntu22/Vortex_UVM_GP/Vortex/sim/uvmsim/uvm_env/agents/dcr_agent/dcr_agent.svh(143) @ 0: uvm_test_top.env.m_dcr_agent [DCR_AGENT] DCR agent configured: ACTIVE mode
# UVM_INFO /home/samuel_ubuntu22/Vortex_UVM_GP/Vortex/sim/uvmsim/uvm_env/agents/host_agent/host_sequencer.svh(66) @ 0: uvm_test_top.env.m_host_agent.m_sequencer [HOST_SQCR] Host sequencer ready
# UVM_INFO /home/samuel_ubuntu22/Vortex_UVM_GP/Vortex/sim/uvmsim/uvm_env/agents/host_agent/host_agent.svh(140) @ 0: uvm_test_top.env.m_host_agent [HOST_AGENT] 
# ========================================
#     Host Agent Configuration
# ========================================
#   Mode:           ACTIVE
#   Driver:        â
#   Sequencer:     â
#   Monitor:       â
# ========================================
#   Interfaces Used:
#     - vortex_mem_if.master_driver
#     - vortex_dcr_if.master_driver
#     - vortex_status_if.monitor
# ========================================
# UVM_INFO /home/samuel_ubuntu22/Vortex_UVM_GP/Vortex/sim/uvmsim/uvm_env/agents/status_agent/status_agent.svh(115) @ 0: uvm_test_top.env.m_status_agent [STATUS_AGENT] Status agent configured: PASSIVE (monitor-only)
# UVM_INFO /home/samuel_ubuntu22/Vortex_UVM_GP/Vortex/sim/uvmsim/uvm_env/agents/status_agent/status_agent.svh(118) @ 0: uvm_test_top.env.m_status_agent [STATUS_AGENT] Status sampling every 10 cycles
# UVM_INFO /home/samuel_ubuntu22/Vortex_UVM_GP/Vortex/sim/uvmsim/uvm_env/vortex_virtual_sequencer.svh(83) @ 0: uvm_test_top.env.m_virtual_sequencer [VIRT_SQCR] 
# ========================================
#   Virtual Sequencer Configuration
# ========================================
#   mem_sequencer:  â
#   axi_sequencer:  â
#   dcr_sequencer:  â
#   host_sequencer: â
# ========================================
# UVM_INFO /home/samuel_ubuntu22/Vortex_UVM_GP/Vortex/sim/uvmsim/uvm_env/vortex_env.svh(359) @ 0: uvm_test_top.env [VORTEX_ENV] 
# ââââââââââââââââââââââââââââââââââââââââââââââââ
# â       Vortex UVM Environment Topology        â
# â âââââââââââââââââââââââââââââââââââââââââââââââ£
# â  Config        : 1CL_1C_4W_4T_RV32_ F_AXI   â
# â âââââââââââââââââââââââââââââââââââââââââââââââ£
# â  mem_agent     : DISABLED                   â
# â  axi_agent     : ACTIVE                     â
# â  dcr_agent     : ACTIVE                     â
# â  host_agent    : ACTIVE                     â
# â  status_agent  : PASSIVE                    â
# â âââââââââââââââââââââââââââââââââââââââââââââââ£
# â  Scoreboard    : ENABLED                    â
# â  Coverage      : ENABLED                    â
# â  Virt Seqr     : CREATED                    â
# ââââââââââââââââââââââââââââââââââââââââââââââââ
# 
# UVM_INFO /home/samuel_ubuntu22/Vortex_UVM_GP/Vortex/sim/uvmsim/uvm_tests/vortex_base_test.svh(125) @ 0: uvm_test_top [random_instruction_stress_test] 
# ================================================================================
#   Test:        random_instruction_stress_test
#   Config:      1CL_1C_4W_4T_RV32_ F_AXI
#   Timeout:     6700000 cycles
# ================================================================================
# UVM_INFO /home/samuel_ubuntu22/Vortex_UVM_GP/Vortex/sim/uvmsim/uvm_tests/random_instruction_stress_test.svh(96) @ 0: uvm_test_top [random_instruction_stress_test] 
# ----------------------------------------------------------------
#  RANDOM INSTRUCTION STRESS TEST                                
# ----------------------------------------------------------------
#  Test Flow:                                                     
#    1. Load riscv-dv random program into mem_model              
#    2. Wait for reset release                                   
#    3. Launch kernel via host agent  (N iterations)             
#    4. Wait for EBREAK on each iteration                        
#    5. Check: bytes_loaded / EBREAK detected / 0 UVM errors     
#  Program    : /home/samuel_ubuntu22/Vortex_UVM_GP/vortex_uvm_env/results/20260910/run_154137_random_instruction_stress_test/programs/riscv_arithmetic_basic_test_0.hex
#  Startup    : 0x0000000080000000
#  Timeout    : 6700000 cycles/iter
#  Iterations : 1
# ----------------------------------------------------------------
# UVM_INFO /home/samuel_ubuntu22/Vortex_UVM_GP/Vortex/sim/uvmsim/uvm_tests/vortex_base_test.svh(147) @ 0: uvm_test_top [random_instruction_stress_test] Starting test execution...
# UVM_INFO /home/samuel_ubuntu22/Vortex_UVM_GP/Vortex/sim/uvmsim/uvm_env/vortex_scoreboard.svh(250) @ 0: uvm_test_top.env.m_scoreboard [SCOREBOARD] Initialising SimX: cores=1 warps=4 threads=4
# [SimX-DPI] ========================================
# [SimX-DPI] Initializing SimX Golden Model
# [SimX-DPI] Cores=1, Warps=4, Threads=4
# [SimX-DPI] Architecture created successfully
# [SimX-DPI] Creating RAM: capacity=0x100000000, page_size=0x1000
# [SimX-DPI] RAM created successfully
# [SimX-DPI] Attaching RAM to processor...
# [SimX-DPI] RAM attached successfully
# [SimX-DPI] Verifying RAM...
# [SimX-DPI] RAM verification PASSED
# [SimX-DPI] Initialization successful
# [SimX-DPI] ========================================
# UVM_INFO /home/samuel_ubuntu22/Vortex_UVM_GP/Vortex/sim/uvmsim/uvm_env/vortex_scoreboard.svh(261) @ 0: uvm_test_top.env.m_scoreboard [SCOREBOARD] SimX initialised successfully
# [SimX-DPI] Loaded 83704 bytes from '/home/samuel_ubuntu22/Vortex_UVM_GP/vortex_uvm_env/results/20260910/run_154137_random_instruction_stress_test/programs/riscv_arithmetic_basic_test_0.hex' mapped to absolute memory
# UVM_INFO /home/samuel_ubuntu22/Vortex_UVM_GP/Vortex/sim/uvmsim/uvm_env/vortex_scoreboard.svh(280) @ 0: uvm_test_top.env.m_scoreboard [SCOREBOARD] SimX: loaded hex '/home/samuel_ubuntu22/Vortex_UVM_GP/vortex_uvm_env/results/20260910/run_154137_random_instruction_stress_test/programs/riscv_arithmetic_basic_test_0.hex' @ 0x80000000
# [SimX-DPI] ========================================
# [SimX-DPI] Installing Exit Code Bootstrap
# [SimX-DPI] Bootstrap address: 0x7ffffff0
# [SimX-DPI] Main program at:   0x80000000
# [SimX-DPI] Bootstrap code written to memory
# [SimX-DPI] DCRs updated to start at bootstrap
# [SimX-DPI] Bootstrap will:
# [SimX-DPI]   1. Set x3 = 0 (exit code)
# [SimX-DPI]   2. Jump to 0x80000000 (auipc+jalr x1+12)
# [SimX-DPI] ========================================
# UVM_INFO /home/samuel_ubuntu22/Vortex_UVM_GP/Vortex/sim/uvmsim/uvm_env/agents/axi_agent/axi_driver.svh(147) @ 0: uvm_test_top.env.m_axi_agent.m_driver [AXI_DRV] Waiting for reset...
# [TB_TOP @ 1000] mem_model verified in config_db
# UVM_INFO /home/samuel_ubuntu22/Vortex_UVM_GP/Vortex/sim/uvmsim/uvm_tests/random_instruction_stress_test.svh(151) @ 2000: uvm_test_top [random_instruction_stress_test] Loading stress program: /home/samuel_ubuntu22/Vortex_UVM_GP/vortex_uvm_env/results/20260910/run_154137_random_instruction_stress_test/programs/riscv_arithmetic_basic_test_0.hex  (HEX)  at 0x0000000080000000
# [MEM_MODEL] Loaded 83704 bytes from /home/samuel_ubuntu22/Vortex_UVM_GP/vortex_uvm_env/results/20260910/run_154137_random_instruction_stress_test/programs/riscv_arithmetic_basic_test_0.hex at base=0x0000000080000000
# UVM_INFO /home/samuel_ubuntu22/Vortex_UVM_GP/Vortex/sim/uvmsim/uvm_tests/random_instruction_stress_test.svh(162) @ 2000: uvm_test_top [random_instruction_stress_test] â Loaded 83704 bytes into mem_model
# UVM_INFO /home/samuel_ubuntu22/Vortex_UVM_GP/Vortex/sim/uvmsim/uvm_tests/vortex_base_test.svh(215) @ 2000: uvm_test_top [random_instruction_stress_test] Waiting for reset...
# UVM_INFO /home/samuel_ubuntu22/Vortex_UVM_GP/Vortex/sim/uvmsim/uvm_env/agents/dcr_agent/dcr_driver.svh(115) @ 5000: uvm_test_top.env.m_dcr_agent.m_driver [DCR_DRV] Applying bootstrap DCRs during reset: PC=0x0000000080000000 argv=0x0000000000000000
# UVM_INFO /home/samuel_ubuntu22/Vortex_UVM_GP/Vortex/sim/uvmsim/uvm_env/agents/host_agent/host_driver.svh(108) @ 5000: uvm_test_top.env.m_host_agent.m_driver [HOST_DRV] Host driver reset complete
# UVM_INFO /home/samuel_ubuntu22/Vortex_UVM_GP/Vortex/sim/uvmsim/uvm_env/agents/host_agent/host_monitor.svh(143) @ 35000: uvm_test_top.env.m_host_agent.m_monitor [HOST_MON] Startup address set to 0x80000000
# [SimX-DPI] DCR Write: addr=0x1, value=0x80000000
# [SimX-DPI] DCR write successful
# [SimX-DPI] DCR Write: addr=0x2, value=0x0
# [SimX-DPI] DCR write successful
# UVM_INFO /home/samuel_ubuntu22/Vortex_UVM_GP/Vortex/sim/uvmsim/uvm_env/agents/dcr_agent/dcr_monitor.svh(176) @ 75000: uvm_test_top.env.m_dcr_agent.m_monitor [DCR_MON] â Startup configuration complete: PC=0x0000000080000000
# [SimX-DPI] DCR Write: addr=0x3, value=0x0
# [SimX-DPI] DCR write successful
# [SimX-DPI] DCR Write: addr=0x4, value=0x0
# [SimX-DPI] DCR write successful
# [SimX-DPI] DCR Write: addr=0x5, value=0x0
# [SimX-DPI] DCR write successful
# UVM_INFO /home/samuel_ubuntu22/Vortex_UVM_GP/Vortex/sim/uvmsim/uvm_env/agents/dcr_agent/dcr_driver.svh(130) @ 205000: uvm_test_top.env.m_dcr_agent.m_driver [DCR_DRV] Bootstrap DCRs written during reset â signalled dcr_bootstrap_done
# UVM_INFO /home/samuel_ubuntu22/Vortex_UVM_GP/Vortex/sim/uvmsim/uvm_env/agents/dcr_agent/dcr_driver.svh(133) @ 205000: uvm_test_top.env.m_dcr_agent.m_driver [DCR_DRV] DCR driver reset complete
# [TB_TOP @ 3845000] Releasing reset
# UVM_INFO /home/samuel_ubuntu22/Vortex_UVM_GP/Vortex/sim/uvmsim/uvm_env/agents/axi_agent/axi_driver.svh(174) @ 3845000: uvm_test_top.env.m_axi_agent.m_driver [AXI_DRV] Reset complete â slave responder ready
# [TB_TOP @ 3895000] Hardware Reset Complete - System ready
# UVM_INFO /home/samuel_ubuntu22/Vortex_UVM_GP/Vortex/sim/uvmsim/uvm_tests/vortex_base_test.svh(218) @ 3895000: uvm_test_top [random_instruction_stress_test] Reset complete
# UVM_INFO /home/samuel_ubuntu22/Vortex_UVM_GP/Vortex/sim/uvmsim/uvm_tests/random_instruction_stress_test.svh(183) @ 3895000: uvm_test_top [random_instruction_stress_test] Starting stress vseq: 1 iteration(s) at 0x0000000080000000
# UVM_INFO /home/samuel_ubuntu22/Vortex_UVM_GP/Vortex/sim/uvmsim/uvm_env/sequences/random_instr_stress_vseq.svh(43) @ 3895000: uvm_test_top.env.m_virtual_sequencer@@stress_vseq [STRESS_VSEQ] --- Stress iteration 1 / 1 ---
# UVM_INFO /home/samuel_ubuntu22/Vortex_UVM_GP/Vortex/sim/uvmsim/uvm_env/sequences/random_instr_stress_vseq.svh(61) @ 3895000: uvm_test_top.env.m_virtual_sequencer@@stress_vseq [STRESS_VSEQ] Iter 1: launching at 0x0000000080000000 (cores=1 warps=4 threads=4)
# UVM_INFO /home/samuel_ubuntu22/Vortex_UVM_GP/Vortex/sim/uvmsim/uvm_env/agents/host_agent/host_sequences.svh(214) @ 3895000: uvm_test_top.env.m_host_agent.m_sequencer@@launch_seq_0 [HOST_SEQ] Launching kernel at 0x0000000080000000 (clusters=1 cores=1 warps=4 threads=4)
# UVM_INFO /home/samuel_ubuntu22/Vortex_UVM_GP/Vortex/sim/uvmsim/uvm_env/agents/host_agent/host_driver.svh(121) @ 3895000: uvm_test_top.env.m_host_agent.m_driver [HOST_DRV] Executing transaction:
# 
# ââ Host Transaction âââââââââââââââ
# â Operation: HOST_LAUNCH_KERNEL
# â Startup Addr:  0x0000000080000000
# â Configuration: 1 clusters, 1 cores, 4 warps, 4 threads
# â [Executed via dcr_vif.master_cb]
# âââââââââââââââââââââââââââââââââââ
# UVM_INFO /home/samuel_ubuntu22/Vortex_UVM_GP/Vortex/sim/uvmsim/uvm_env/agents/host_agent/host_driver.svh(199) @ 3895000: uvm_test_top.env.m_host_agent.m_driver [HOST_DRV] Launching kernel...
# UVM_INFO /home/samuel_ubuntu22/Vortex_UVM_GP/Vortex/sim/uvmsim/uvm_env/agents/host_agent/host_driver.svh(175) @ 3895000: uvm_test_top.env.m_host_agent.m_driver [HOST_DRV] Writing DCR[0x00000001] = 0x80000000
# UVM_INFO /home/samuel_ubuntu22/Vortex_UVM_GP/Vortex/sim/uvmsim/uvm_env/agents/status_agent/status_monitor.svh(224) @ 3895000: uvm_test_top.env.m_status_agent.m_monitor [STATUS_MON] â Execution started @ cycle 4, time 3895000
# UVM_INFO /home/samuel_ubuntu22/Vortex_UVM_GP/Vortex/sim/uvmsim/uvm_env/agents/host_agent/host_monitor.svh(213) @ 3895000: uvm_test_top.env.m_host_agent.m_monitor [HOST_MON] Kernel execution started at time 3895000, cycle 4
# [DCR_IF @ 3915000] Write: STARTUP_ADDR0 [0x001] = 0x80000000
# UVM_INFO /home/samuel_ubuntu22/Vortex_UVM_GP/Vortex/sim/uvmsim/uvm_env/agents/host_agent/host_monitor.svh(143) @ 3915000: uvm_test_top.env.m_host_agent.m_monitor [HOST_MON] Startup address set to 0x80000000
# [SimX-DPI] DCR Write: addr=0x1, value=0x80000000
# [SimX-DPI] DCR write successful
# UVM_INFO /home/samuel_ubuntu22/Vortex_UVM_GP/Vortex/sim/uvmsim/uvm_env/agents/host_agent/host_driver.svh(175) @ 3945000: uvm_test_top.env.m_host_agent.m_driver [HOST_DRV] Writing DCR[0x00000002] = 0x00000000
# [DCR_IF @ 3975000] Write: UNKNOWN_DCR[0x002] [0x002] = 0x00000000
# [SimX-DPI] DCR Write: addr=0x2, value=0x0
# [SimX-DPI] DCR write successful
# UVM_INFO /home/samuel_ubuntu22/Vortex_UVM_GP/Vortex/sim/uvmsim/uvm_env/agents/host_agent/host_driver.svh(222) @ 4005000: uvm_test_top.env.m_host_agent.m_driver [HOST_DRV] Kernel launched at 0x0000000080000000
# UVM_INFO /home/samuel_ubuntu22/Vortex_UVM_GP/Vortex/sim/uvmsim/uvm_env/sequences/random_instr_stress_vseq.svh(75) @ 4005000: uvm_test_top.env.m_virtual_sequencer@@stress_vseq [STRESS_VSEQ] Iter 1: waiting for EBREAK (timeout=6700000 cycles)
# UVM_INFO /home/samuel_ubuntu22/Vortex_UVM_GP/Vortex/sim/uvmsim/uvm_env/agents/host_agent/host_sequences.svh(256) @ 4005000: uvm_test_top.env.m_host_agent.m_sequencer@@wait_seq_0 [HOST_SEQ] Waiting for completion (timeout=6700000 cycles)
# UVM_INFO /home/samuel_ubuntu22/Vortex_UVM_GP/Vortex/sim/uvmsim/uvm_env/agents/host_agent/host_driver.svh(121) @ 4005000: uvm_test_top.env.m_host_agent.m_driver [HOST_DRV] Executing transaction:
# 
# ââ Host Transaction âââââââââââââââ
# â Operation: HOST_WAIT_DONE
# â Timeout:       6700000 cycles
# â Completed:      NO
# â [Monitored via status_vif.monitor_cb]
# âââââââââââââââââââââââââââââââââââ
# UVM_INFO /home/samuel_ubuntu22/Vortex_UVM_GP/Vortex/sim/uvmsim/uvm_env/agents/host_agent/host_driver.svh(228) @ 4005000: uvm_test_top.env.m_host_agent.m_driver [HOST_DRV] Waiting for completion (timeout: 6700000 cycles)
# [TB_TOP @ 4535000] DCR-write-timing assertion armed (startup config window closed)
# 
# [TB_STATUS @ 4575000] Execution STARTED
# [TB_STATUS @ 13855000] cyc=1000 mem=9 busy=1 idle=5
# [TB_PROBE_AXI @ 13855000] cyc=1000 per_cluster_busy=1 dut_busy=1 ebreak_detect=0 axi_idle=1 mem_idle=1
# [TB_PROBE_PIPELINE @ 13855000] cyc=1000 | ICACHE: req=0 ready=1 rsp=0 stall_cyc=0 | DCACHE: req=0 ready=x rsp=0 stall_cyc=0 | PC=0xxxxxxxxx instr=0x01d40a33 ebreak_seen=0 exit_addr_seen=0
# [TB_STATUS @ 23855000] cyc=2000 mem=14 busy=1 idle=14
# [TB_PROBE_AXI @ 23855000] cyc=2000 per_cluster_busy=1 dut_busy=1 ebreak_detect=0 axi_idle=1 mem_idle=1
# [TB_PROBE_PIPELINE @ 23855000] cyc=2000 | ICACHE: req=1 ready=1 rsp=0 stall_cyc=0 | DCACHE: req=0 ready=x rsp=0 stall_cyc=0 | PC=0xxxxxxxxx instr=0x2ac3d6b7 ebreak_seen=0 exit_addr_seen=0
# [TB_STATUS @ 33855000] cyc=3000 mem=21 busy=1 idle=1
# [TB_PROBE_AXI @ 33855000] cyc=3000 per_cluster_busy=1 dut_busy=1 ebreak_detect=0 axi_idle=1 mem_idle=1
# [TB_PROBE_PIPELINE @ 33855000] cyc=3000 | ICACHE: req=0 ready=1 rsp=1 stall_cyc=0 | DCACHE: req=0 ready=x rsp=0 stall_cyc=0 | PC=0x80000510 instr=0xfff00393 ebreak_seen=0 exit_addr_seen=0
# [TB_STATUS @ 43855000] cyc=4000 mem=28 busy=1 idle=22
# [TB_PROBE_AXI @ 43855000] cyc=4000 per_cluster_busy=1 dut_busy=1 ebreak_detect=0 axi_idle=1 mem_idle=1
# [TB_PROBE_PIPELINE @ 43855000] cyc=4000 | ICACHE: req=0 ready=1 rsp=1 stall_cyc=0 | DCACHE: req=0 ready=x rsp=0 stall_cyc=0 | PC=0x800006f4 instr=0x0351c6b3 ebreak_seen=0 exit_addr_seen=0
# [TB_STATUS @ 53855000] cyc=5000 mem=35 busy=1 idle=11
# [TB_PROBE_AXI @ 53855000] cyc=5000 per_cluster_busy=1 dut_busy=1 ebreak_detect=0 axi_idle=1 mem_idle=1
# [TB_PROBE_PIPELINE @ 53855000] cyc=5000 | ICACHE: req=0 ready=1 rsp=0 stall_cyc=0 | DCACHE: req=0 ready=x rsp=0 stall_cyc=0 | PC=0xxxxxxxxx instr=0x0215f533 ebreak_seen=0 exit_addr_seen=0
# [TB_STATUS @ 63855000] cyc=6000 mem=41 busy=1 idle=21
# [TB_PROBE_AXI @ 63855000] cyc=6000 per_cluster_busy=1 dut_busy=1 ebreak_detect=0 axi_idle=1 mem_idle=1
# [TB_PROBE_PIPELINE @ 63855000] cyc=6000 | ICACHE: req=1 ready=1 rsp=0 stall_cyc=0 | DCACHE: req=0 ready=x rsp=0 stall_cyc=0 | PC=0xxxxxxxxx instr=0x03d13b33 ebreak_seen=0 exit_addr_seen=0
# [TB_STATUS @ 73855000] cyc=7000 mem=48 busy=1 idle=3
# [TB_PROBE_AXI @ 73855000] cyc=7000 per_cluster_busy=1 dut_busy=1 ebreak_detect=0 axi_idle=1 mem_idle=1
# [TB_PROBE_PIPELINE @ 73855000] cyc=7000 | ICACHE: req=0 ready=1 rsp=0 stall_cyc=0 | DCACHE: req=0 ready=x rsp=0 stall_cyc=0 | PC=0xxxxxxxxx instr=0x03f0b9b3 ebreak_seen=0 exit_addr_seen=0
# [TB_STATUS @ 83855000] cyc=8000 mem=55 busy=1 idle=1
# [TB_PROBE_AXI @ 83855000] cyc=8000 per_cluster_busy=1 dut_busy=1 ebreak_detect=0 axi_idle=1 mem_idle=1
# [TB_PROBE_PIPELINE @ 83855000] cyc=8000 | ICACHE: req=0 ready=1 rsp=1 stall_cyc=0 | DCACHE: req=0 ready=x rsp=0 stall_cyc=0 | PC=0x80000da0 instr=0x001352b3 ebreak_seen=0 exit_addr_seen=0
# [TB_STATUS @ 93855000] cyc=9000 mem=64 busy=1 idle=0
# [TB_PROBE_AXI @ 93855000] cyc=9000 per_cluster_busy=1 dut_busy=1 ebreak_detect=0 axi_idle=1 mem_idle=1
# [TB_PROBE_PIPELINE @ 93855000] cyc=9000 | ICACHE: req=1 ready=1 rsp=0 stall_cyc=0 | DCACHE: req=0 ready=x rsp=0 stall_cyc=0 | PC=0xxxxxxxxx instr=0x6d8ee293 ebreak_seen=0 exit_addr_seen=0
# [TB_STATUS @ 103855000] cyc=10000 mem=71 busy=1 idle=3
# [TB_PROBE_AXI @ 103855000] cyc=10000 per_cluster_busy=1 dut_busy=1 ebreak_detect=0 axi_idle=1 mem_idle=1
# [TB_PROBE_PIPELINE @ 103855000] cyc=10000 | ICACHE: req=0 ready=1 rsp=0 stall_cyc=0 | DCACHE: req=0 ready=x rsp=0 stall_cyc=0 | PC=0xxxxxxxxx instr=0x03b0bb33 ebreak_seen=0 exit_addr_seen=0
# ** Warning: [STATUS_IF @ 103895000] Busy stuck high for >10000 cycles!
#    Time: 103895 ns Started: 3895 ns  Scope: vortex_tb_top.vif.status_if.assert_busy_eventually_idles File: /home/samuel_ubuntu22/Vortex_UVM_GP/Vortex/sim/uvmsim/tb/vortex_status_if.sv Line: 135
# [TB_STATUS @ 113855000] cyc=11000 mem=79 busy=1 idle=0
# [TB_PROBE_AXI @ 113855000] cyc=11000 per_cluster_busy=1 dut_busy=1 ebreak_detect=0 axi_idle=1 mem_idle=1
# [TB_PROBE_PIPELINE @ 113855000] cyc=11000 | ICACHE: req=0 ready=1 rsp=0 stall_cyc=0 | DCACHE: req=0 ready=x rsp=0 stall_cyc=0 | PC=0xxxxxxxxx instr=0x80000137 ebreak_seen=0 exit_addr_seen=0
# [TB_STATUS @ 123855000] cyc=12000 mem=88 busy=1 idle=0
# [TB_PROBE_AXI @ 123855000] cyc=12000 per_cluster_busy=1 dut_busy=1 ebreak_detect=0 axi_idle=1 mem_idle=1
# [TB_PROBE_PIPELINE @ 123855000] cyc=12000 | ICACHE: req=0 ready=1 rsp=0 stall_cyc=0 | DCACHE: req=0 ready=x rsp=0 stall_cyc=0 | PC=0xxxxxxxxx instr=0x2ac3d6b7 ebreak_seen=0 exit_addr_seen=0
# [TB_STATUS @ 133855000] cyc=13000 mem=97 busy=1 idle=3
# [TB_PROBE_AXI @ 133855000] cyc=13000 per_cluster_busy=1 dut_busy=1 ebreak_detect=0 axi_idle=1 mem_idle=1
# [TB_PROBE_PIPELINE @ 133855000] cyc=13000 | ICACHE: req=0 ready=1 rsp=0 stall_cyc=0 | DCACHE: req=0 ready=x rsp=0 stall_cyc=0 | PC=0xxxxxxxxx instr=0x037247b3 ebreak_seen=0 exit_addr_seen=0
# [TB_STATUS @ 143855000] cyc=14000 mem=106 busy=1 idle=1
# [TB_PROBE_AXI @ 143855000] cyc=14000 per_cluster_busy=1 dut_busy=1 ebreak_detect=0 axi_idle=1 mem_idle=1
# [TB_PROBE_PIPELINE @ 143855000] cyc=14000 | ICACHE: req=0 ready=1 rsp=0 stall_cyc=0 | DCACHE: req=0 ready=x rsp=0 stall_cyc=0 | PC=0xxxxxxxxx instr=0x800007b7 ebreak_seen=0 exit_addr_seen=0
# [TB_STATUS @ 153855000] cyc=15000 mem=114 busy=1 idle=4
# [TB_PROBE_AXI @ 153855000] cyc=15000 per_cluster_busy=1 dut_busy=1 ebreak_detect=0 axi_idle=1 mem_idle=1
# [TB_PROBE_PIPELINE @ 153855000] cyc=15000 | ICACHE: req=0 ready=1 rsp=0 stall_cyc=0 | DCACHE: req=0 ready=x rsp=0 stall_cyc=0 | PC=0xxxxxxxxx instr=0x2be6b093 ebreak_seen=0 exit_addr_seen=0
# [TB_STATUS @ 163855000] cyc=16000 mem=122 busy=1 idle=24
# [TB_PROBE_AXI @ 163855000] cyc=16000 per_cluster_busy=1 dut_busy=1 ebreak_detect=0 axi_idle=1 mem_idle=1
# [TB_PROBE_PIPELINE @ 163855000] cyc=16000 | ICACHE: req=0 ready=1 rsp=1 stall_cyc=0 | DCACHE: req=0 ready=x rsp=0 stall_cyc=0 | PC=0x80001e78 instr=0x0023b433 ebreak_seen=0 exit_addr_seen=0
# [TB_STATUS @ 173855000] cyc=17000 mem=130 busy=1 idle=3
# [TB_PROBE_AXI @ 173855000] cyc=17000 per_cluster_busy=1 dut_busy=1 ebreak_detect=0 axi_idle=1 mem_idle=1
# [TB_PROBE_PIPELINE @ 173855000] cyc=17000 | ICACHE: req=0 ready=1 rsp=0 stall_cyc=0 | DCACHE: req=0 ready=x rsp=0 stall_cyc=0 | PC=0xxxxxxxxx instr=0x00066613 ebreak_seen=0 exit_addr_seen=0
# [TB_STATUS @ 183855000] cyc=18000 mem=137 busy=1 idle=0
# [TB_PROBE_AXI @ 183855000] cyc=18000 per_cluster_busy=1 dut_busy=1 ebreak_detect=0 axi_idle=1 mem_idle=1
# [TB_PROBE_PIPELINE @ 183855000] cyc=18000 | ICACHE: req=0 ready=1 rsp=0 stall_cyc=0 | DCACHE: req=0 ready=x rsp=0 stall_cyc=0 | PC=0xxxxxxxxx instr=0x01d40a33 ebreak_seen=0 exit_addr_seen=0
# [TB_STATUS @ 193855000] cyc=19000 mem=146 busy=1 idle=11
# [TB_PROBE_AXI @ 193855000] cyc=19000 per_cluster_busy=1 dut_busy=1 ebreak_detect=0 axi_idle=1 mem_idle=1
# [TB_PROBE_PIPELINE @ 193855000] cyc=19000 | ICACHE: req=0 ready=1 rsp=0 stall_cyc=0 | DCACHE: req=0 ready=x rsp=0 stall_cyc=0 | PC=0xxxxxxxxx instr=0x02789fb3 ebreak_seen=0 exit_addr_seen=0
# [TB_STATUS @ 203855000] cyc=20000 mem=153 busy=1 idle=0
# [TB_PROBE_AXI @ 203855000] cyc=20000 per_cluster_busy=1 dut_busy=1 ebreak_detect=0 axi_idle=1 mem_idle=1
# [TB_PROBE_PIPELINE @ 203855000] cyc=20000 | ICACHE: req=0 ready=1 rsp=1 stall_cyc=0 | DCACHE: req=0 ready=x rsp=0 stall_cyc=0 | PC=0x80002624 instr=0x038252b3 ebreak_seen=0 exit_addr_seen=0
# [TB_STATUS @ 213855000] cyc=21000 mem=162 busy=1 idle=8
# [TB_PROBE_AXI @ 213855000] cyc=21000 per_cluster_busy=1 dut_busy=1 ebreak_detect=0 axi_idle=1 mem_idle=1
# [TB_PROBE_PIPELINE @ 213855000] cyc=21000 | ICACHE: req=0 ready=1 rsp=0 stall_cyc=0 | DCACHE: req=0 ready=x rsp=0 stall_cyc=0 | PC=0xxxxxxxxx instr=0xa86caa37 ebreak_seen=0 exit_addr_seen=0
# [TB_STATUS @ 223855000] cyc=22000 mem=171 busy=1 idle=0
# [TB_PROBE_AXI @ 223855000] cyc=22000 per_cluster_busy=1 dut_busy=1 ebreak_detect=0 axi_idle=1 mem_idle=1
# [TB_PROBE_PIPELINE @ 223855000] cyc=22000 | ICACHE: req=0 ready=1 rsp=1 stall_cyc=0 | DCACHE: req=0 ready=x rsp=0 stall_cyc=0 | PC=0x80002a88 instr=0xf74d0393 ebreak_seen=0 exit_addr_seen=0
# [TB_STATUS @ 233855000] cyc=23000 mem=179 busy=1 idle=0
# [TB_PROBE_AXI @ 233855000] cyc=23000 per_cluster_busy=1 dut_busy=1 ebreak_detect=0 axi_idle=1 mem_idle=1
# [TB_PROBE_PIPELINE @ 233855000] cyc=23000 | ICACHE: req=0 ready=1 rsp=1 stall_cyc=0 | DCACHE: req=0 ready=x rsp=0 stall_cyc=0 | PC=0x80002ca0 instr=0x0276c233 ebreak_seen=0 exit_addr_seen=0
# [TB_STATUS @ 243855000] cyc=24000 mem=187 busy=1 idle=8
# [TB_PROBE_AXI @ 243855000] cyc=24000 per_cluster_busy=1 dut_busy=1 ebreak_detect=0 axi_idle=1 mem_idle=1
# [TB_PROBE_PIPELINE @ 243855000] cyc=24000 | ICACHE: req=0 ready=1 rsp=0 stall_cyc=0 | DCACHE: req=0 ready=x rsp=0 stall_cyc=0 | PC=0xxxxxxxxx instr=0x038252b3 ebreak_seen=0 exit_addr_seen=0
# [TB_STATUS @ 253855000] cyc=25000 mem=193 busy=1 idle=40
# [TB_PROBE_AXI @ 253855000] cyc=25000 per_cluster_busy=1 dut_busy=1 ebreak_detect=0 axi_idle=1 mem_idle=1
# [TB_PROBE_PIPELINE @ 253855000] cyc=25000 | ICACHE: req=0 ready=1 rsp=1 stall_cyc=0 | DCACHE: req=0 ready=x rsp=0 stall_cyc=0 | PC=0x8000303c instr=0x001352b3 ebreak_seen=0 exit_addr_seen=0
# [TB_STATUS @ 263855000] cyc=26000 mem=203 busy=1 idle=0
# [TB_PROBE_AXI @ 263855000] cyc=26000 per_cluster_busy=1 dut_busy=1 ebreak_detect=0 axi_idle=1 mem_idle=1
# [TB_PROBE_PIPELINE @ 263855000] cyc=26000 | ICACHE: req=0 ready=1 rsp=1 stall_cyc=0 | DCACHE: req=0 ready=x rsp=0 stall_cyc=0 | PC=0x80003280 instr=0x2be6b093 ebreak_seen=0 exit_addr_seen=0
# [TB_STATUS @ 273855000] cyc=27000 mem=212 busy=1 idle=6
# [TB_PROBE_AXI @ 273855000] cyc=27000 per_cluster_busy=1 dut_busy=1 ebreak_detect=0 axi_idle=1 mem_idle=1
# [TB_PROBE_PIPELINE @ 273855000] cyc=27000 | ICACHE: req=0 ready=1 rsp=0 stall_cyc=0 | DCACHE: req=0 ready=x rsp=0 stall_cyc=0 | PC=0xxxxxxxxx instr=0x6a268693 ebreak_seen=0 exit_addr_seen=0
# [TB_STATUS @ 283855000] cyc=28000 mem=220 busy=1 idle=3
# [TB_PROBE_AXI @ 283855000] cyc=28000 per_cluster_busy=1 dut_busy=1 ebreak_detect=0 axi_idle=1 mem_idle=1
# [TB_PROBE_PIPELINE @ 283855000] cyc=28000 | ICACHE: req=0 ready=1 rsp=0 stall_cyc=0 | DCACHE: req=0 ready=x rsp=0 stall_cyc=0 | PC=0xxxxxxxxx instr=0x0376d733 ebreak_seen=0 exit_addr_seen=0
# [TB_STATUS @ 293855000] cyc=29000 mem=228 busy=1 idle=27
# [TB_PROBE_AXI @ 293855000] cyc=29000 per_cluster_busy=1 dut_busy=1 ebreak_detect=0 axi_idle=1 mem_idle=1
# [TB_PROBE_PIPELINE @ 293855000] cyc=29000 | ICACHE: req=0 ready=1 rsp=0 stall_cyc=0 | DCACHE: req=0 ready=x rsp=0 stall_cyc=0 | PC=0xxxxxxxxx instr=0x80000637 ebreak_seen=0 exit_addr_seen=0
# [TB_STATUS @ 303855000] cyc=30000 mem=236 busy=1 idle=0
# [TB_PROBE_AXI @ 303855000] cyc=30000 per_cluster_busy=1 dut_busy=1 ebreak_detect=0 axi_idle=1 mem_idle=1
# [TB_PROBE_PIPELINE @ 303855000] cyc=30000 | ICACHE: req=0 ready=0 rsp=0 stall_cyc=0 | DCACHE: req=0 ready=x rsp=0 stall_cyc=0 | PC=0xxxxxxxxx instr=0x1d550513 ebreak_seen=0 exit_addr_seen=0
# [TB_STATUS @ 313855000] cyc=31000 mem=244 busy=1 idle=9
# [TB_PROBE_AXI @ 313855000] cyc=31000 per_cluster_busy=1 dut_busy=1 ebreak_detect=0 axi_idle=1 mem_idle=1
# [TB_PROBE_PIPELINE @ 313855000] cyc=31000 | ICACHE: req=0 ready=1 rsp=1 stall_cyc=0 | DCACHE: req=0 ready=x rsp=0 stall_cyc=0 | PC=0x80003cc4 instr=0x027b25b3 ebreak_seen=0 exit_addr_seen=0
# [TB_STATUS @ 323855000] cyc=32000 mem=253 busy=1 idle=6
# [TB_PROBE_AXI @ 323855000] cyc=32000 per_cluster_busy=1 dut_busy=1 ebreak_detect=0 axi_idle=1 mem_idle=1
# [TB_PROBE_PIPELINE @ 323855000] cyc=32000 | ICACHE: req=0 ready=1 rsp=0 stall_cyc=0 | DCACHE: req=0 ready=x rsp=0 stall_cyc=0 | PC=0xxxxxxxxx instr=0xf74d0393 ebreak_seen=0 exit_addr_seen=0
# [TB_STATUS @ 333855000] cyc=33000 mem=261 busy=1 idle=5
# [TB_PROBE_AXI @ 333855000] cyc=33000 per_cluster_busy=1 dut_busy=1 ebreak_detect=0 axi_idle=1 mem_idle=1
# [TB_PROBE_PIPELINE @ 333855000] cyc=33000 | ICACHE: req=0 ready=1 rsp=1 stall_cyc=0 | DCACHE: req=0 ready=x rsp=0 stall_cyc=0 | PC=0x80004130 instr=0x41abd5b3 ebreak_seen=0 exit_addr_seen=0
# [TB_STATUS @ 343855000] cyc=34000 mem=269 busy=1 idle=2
# [TB_PROBE_AXI @ 343855000] cyc=34000 per_cluster_busy=1 dut_busy=1 ebreak_detect=0 axi_idle=1 mem_idle=1
# [TB_PROBE_PIPELINE @ 343855000] cyc=34000 | ICACHE: req=0 ready=1 rsp=0 stall_cyc=0 | DCACHE: req=0 ready=x rsp=0 stall_cyc=0 | PC=0xxxxxxxxx instr=0x03ae3333 ebreak_seen=0 exit_addr_seen=0
# [TB_STATUS @ 353855000] cyc=35000 mem=276 busy=1 idle=0
# [TB_PROBE_AXI @ 353855000] cyc=35000 per_cluster_busy=1 dut_busy=1 ebreak_detect=0 axi_idle=1 mem_idle=1
# [TB_PROBE_PIPELINE @ 353855000] cyc=35000 | ICACHE: req=0 ready=1 rsp=0 stall_cyc=0 | DCACHE: req=0 ready=x rsp=0 stall_cyc=0 | PC=0xxxxxxxxx instr=0x0276c233 ebreak_seen=0 exit_addr_seen=0
# [TB_STATUS @ 363855000] cyc=36000 mem=285 busy=1 idle=2
# [TB_PROBE_AXI @ 363855000] cyc=36000 per_cluster_busy=1 dut_busy=1 ebreak_detect=0 axi_idle=1 mem_idle=1
# [TB_PROBE_PIPELINE @ 363855000] cyc=36000 | ICACHE: req=1 ready=1 rsp=0 stall_cyc=0 | DCACHE: req=0 ready=x rsp=0 stall_cyc=0 | PC=0xxxxxxxxx instr=0x41abd5b3 ebreak_seen=0 exit_addr_seen=0
# [TB_STATUS @ 373855000] cyc=37000 mem=294 busy=1 idle=22
# [TB_PROBE_AXI @ 373855000] cyc=37000 per_cluster_busy=1 dut_busy=1 ebreak_detect=0 axi_idle=1 mem_idle=1
# [TB_PROBE_PIPELINE @ 373855000] cyc=37000 | ICACHE: req=1 ready=1 rsp=0 stall_cyc=0 | DCACHE: req=0 ready=x rsp=0 stall_cyc=0 | PC=0xxxxxxxxx instr=0x03e387b3 ebreak_seen=0 exit_addr_seen=0
# [TB_STATUS @ 383855000] cyc=38000 mem=302 busy=1 idle=13
# [TB_PROBE_AXI @ 383855000] cyc=38000 per_cluster_busy=1 dut_busy=1 ebreak_detect=0 axi_idle=1 mem_idle=1
# [TB_PROBE_PIPELINE @ 383855000] cyc=38000 | ICACHE: req=0 ready=1 rsp=1 stall_cyc=0 | DCACHE: req=0 ready=x rsp=0 stall_cyc=0 | PC=0x80004b70 instr=0x40bbd113 ebreak_seen=0 exit_addr_seen=0
# [TB_STATUS @ 393855000] cyc=39000 mem=311 busy=1 idle=0
# [TB_PROBE_AXI @ 393855000] cyc=39000 per_cluster_busy=1 dut_busy=1 ebreak_detect=0 axi_idle=1 mem_idle=1
# [TB_PROBE_PIPELINE @ 393855000] cyc=39000 | ICACHE: req=0 ready=1 rsp=0 stall_cyc=0 | DCACHE: req=0 ready=x rsp=0 stall_cyc=0 | PC=0xxxxxxxxx instr=0x00094eb3 ebreak_seen=0 exit_addr_seen=0
# [TB_STATUS @ 403855000] cyc=40000 mem=319 busy=1 idle=0
# [TB_PROBE_AXI @ 403855000] cyc=40000 per_cluster_busy=1 dut_busy=1 ebreak_detect=0 axi_idle=1 mem_idle=1
# [TB_PROBE_PIPELINE @ 403855000] cyc=40000 | ICACHE: req=0 ready=1 rsp=0 stall_cyc=0 | DCACHE: req=0 ready=x rsp=0 stall_cyc=0 | PC=0xxxxxxxxx instr=0x003e95b3 ebreak_seen=0 exit_addr_seen=0
# [TB_STATUS @ 413855000] cyc=41000 mem=328 busy=1 idle=31
# [TB_PROBE_AXI @ 413855000] cyc=41000 per_cluster_busy=1 dut_busy=1 ebreak_detect=0 axi_idle=1 mem_idle=1
# [TB_PROBE_PIPELINE @ 413855000] cyc=41000 | ICACHE: req=0 ready=1 rsp=0 stall_cyc=0 | DCACHE: req=0 ready=x rsp=0 stall_cyc=0 | PC=0xxxxxxxxx instr=0x00094eb3 ebreak_seen=0 exit_addr_seen=0
# [TB_STATUS @ 423855000] cyc=42000 mem=335 busy=1 idle=10
# [TB_PROBE_AXI @ 423855000] cyc=42000 per_cluster_busy=1 dut_busy=1 ebreak_detect=0 axi_idle=1 mem_idle=1
# [TB_PROBE_PIPELINE @ 423855000] cyc=42000 | ICACHE: req=1 ready=1 rsp=0 stall_cyc=0 | DCACHE: req=0 ready=x rsp=0 stall_cyc=0 | PC=0xxxxxxxxx instr=0x13722417 ebreak_seen=0 exit_addr_seen=0
# [TB_STATUS @ 433855000] cyc=43000 mem=344 busy=1 idle=1
# [TB_PROBE_AXI @ 433855000] cyc=43000 per_cluster_busy=1 dut_busy=1 ebreak_detect=0 axi_idle=1 mem_idle=1
# [TB_PROBE_PIPELINE @ 433855000] cyc=43000 | ICACHE: req=0 ready=0 rsp=0 stall_cyc=0 | DCACHE: req=0 ready=x rsp=0 stall_cyc=0 | PC=0xxxxxxxxx instr=0x00bcaeb3 ebreak_seen=0 exit_addr_seen=0
# [TB_STATUS @ 443855000] cyc=44000 mem=353 busy=1 idle=1
# [TB_PROBE_AXI @ 443855000] cyc=44000 per_cluster_busy=1 dut_busy=1 ebreak_detect=0 axi_idle=1 mem_idle=1
# [TB_PROBE_PIPELINE @ 443855000] cyc=44000 | ICACHE: req=0 ready=1 rsp=1 stall_cyc=0 | DCACHE: req=0 ready=x rsp=0 stall_cyc=0 | PC=0x80005818 instr=0x41abd5b3 ebreak_seen=0 exit_addr_seen=0
# [TB_STATUS @ 453855000] cyc=45000 mem=360 busy=1 idle=13
# [TB_PROBE_AXI @ 453855000] cyc=45000 per_cluster_busy=1 dut_busy=1 ebreak_detect=0 axi_idle=1 mem_idle=1
# [TB_PROBE_PIPELINE @ 453855000] cyc=45000 | ICACHE: req=0 ready=1 rsp=1 stall_cyc=0 | DCACHE: req=0 ready=x rsp=0 stall_cyc=0 | PC=0x800059d8 instr=0x672c2913 ebreak_seen=0 exit_addr_seen=0
# [TB_STATUS @ 463855000] cyc=46000 mem=368 busy=1 idle=20
# [TB_PROBE_AXI @ 463855000] cyc=46000 per_cluster_busy=1 dut_busy=1 ebreak_detect=0 axi_idle=1 mem_idle=1
# [TB_PROBE_PIPELINE @ 463855000] cyc=46000 | ICACHE: req=0 ready=1 rsp=1 stall_cyc=0 | DCACHE: req=0 ready=x rsp=0 stall_cyc=0 | PC=0x80005bf4 instr=0x6d8ee293 ebreak_seen=0 exit_addr_seen=0
# [TB_STATUS @ 473855000] cyc=47000 mem=378 busy=1 idle=4
# [TB_PROBE_AXI @ 473855000] cyc=47000 per_cluster_busy=1 dut_busy=1 ebreak_detect=0 axi_idle=1 mem_idle=1
# [TB_PROBE_PIPELINE @ 473855000] cyc=47000 | ICACHE: req=0 ready=1 rsp=0 stall_cyc=0 | DCACHE: req=0 ready=x rsp=0 stall_cyc=0 | PC=0x80005e40 instr=0x672c2913 ebreak_seen=0 exit_addr_seen=0
# [TB_STATUS @ 483855000] cyc=48000 mem=386 busy=1 idle=4
# [TB_PROBE_AXI @ 483855000] cyc=48000 per_cluster_busy=1 dut_busy=1 ebreak_detect=0 axi_idle=1 mem_idle=1
# [TB_PROBE_PIPELINE @ 483855000] cyc=48000 | ICACHE: req=0 ready=1 rsp=0 stall_cyc=0 | DCACHE: req=0 ready=x rsp=0 stall_cyc=0 | PC=0xxxxxxxxx instr=0x13722417 ebreak_seen=0 exit_addr_seen=0
# [TB_STATUS @ 493855000] cyc=49000 mem=395 busy=1 idle=8
# [TB_PROBE_AXI @ 493855000] cyc=49000 per_cluster_busy=1 dut_busy=1 ebreak_detect=0 axi_idle=1 mem_idle=1
# [TB_PROBE_PIPELINE @ 493855000] cyc=49000 | ICACHE: req=0 ready=1 rsp=1 stall_cyc=0 | DCACHE: req=0 ready=x rsp=0 stall_cyc=0 | PC=0x80006284 instr=0x02329833 ebreak_seen=0 exit_addr_seen=0
# [TB_STATUS @ 503855000] cyc=50000 mem=402 busy=1 idle=2
# [TB_PROBE_AXI @ 503855000] cyc=50000 per_cluster_busy=1 dut_busy=1 ebreak_detect=0 axi_idle=1 mem_idle=1
# [TB_PROBE_PIPELINE @ 503855000] cyc=50000 | ICACHE: req=0 ready=1 rsp=0 stall_cyc=0 | DCACHE: req=0 ready=x rsp=0 stall_cyc=0 | PC=0x80006440 instr=0x038252b3 ebreak_seen=0 exit_addr_seen=0
# [TB_STATUS @ 513855000] cyc=51000 mem=410 busy=1 idle=2
# [TB_PROBE_AXI @ 513855000] cyc=51000 per_cluster_busy=1 dut_busy=1 ebreak_detect=0 axi_idle=1 mem_idle=1
# [TB_PROBE_PIPELINE @ 513855000] cyc=51000 | ICACHE: req=0 ready=0 rsp=0 stall_cyc=0 | DCACHE: req=0 ready=x rsp=0 stall_cyc=0 | PC=0xxxxxxxxx instr=0x2be6b093 ebreak_seen=0 exit_addr_seen=0
# [TB_STATUS @ 523855000] cyc=52000 mem=417 busy=1 idle=4
# [TB_PROBE_AXI @ 523855000] cyc=52000 per_cluster_busy=1 dut_busy=1 ebreak_detect=0 axi_idle=1 mem_idle=1
# [TB_PROBE_PIPELINE @ 523855000] cyc=52000 | ICACHE: req=1 ready=1 rsp=0 stall_cyc=0 | DCACHE: req=0 ready=x rsp=0 stall_cyc=0 | PC=0xxxxxxxxx instr=0xaf59fa13 ebreak_seen=0 exit_addr_seen=0
# [TB_STATUS @ 533855000] cyc=53000 mem=425 busy=1 idle=0
# [TB_PROBE_AXI @ 533855000] cyc=53000 per_cluster_busy=1 dut_busy=1 ebreak_detect=0 axi_idle=1 mem_idle=1
# [TB_PROBE_PIPELINE @ 533855000] cyc=53000 | ICACHE: req=0 ready=1 rsp=1 stall_cyc=0 | DCACHE: req=0 ready=x rsp=0 stall_cyc=0 | PC=0x80006a3c instr=0x008b9e93 ebreak_seen=0 exit_addr_seen=0
# [TB_STATUS @ 543855000] cyc=54000 mem=433 busy=1 idle=8
# [TB_PROBE_AXI @ 543855000] cyc=54000 per_cluster_busy=1 dut_busy=1 ebreak_detect=0 axi_idle=1 mem_idle=1
# [TB_PROBE_PIPELINE @ 543855000] cyc=54000 | ICACHE: req=0 ready=1 rsp=0 stall_cyc=0 | DCACHE: req=0 ready=x rsp=0 stall_cyc=0 | PC=0xxxxxxxxx instr=0x2be6b093 ebreak_seen=0 exit_addr_seen=0
# [TB_STATUS @ 553855000] cyc=55000 mem=440 busy=1 idle=7
# [TB_PROBE_AXI @ 553855000] cyc=55000 per_cluster_busy=1 dut_busy=1 ebreak_detect=0 axi_idle=1 mem_idle=1
# [TB_PROBE_PIPELINE @ 553855000] cyc=55000 | ICACHE: req=0 ready=1 rsp=1 stall_cyc=0 | DCACHE: req=0 ready=x rsp=0 stall_cyc=0 | PC=0x80006de4 instr=0x00860b33 ebreak_seen=0 exit_addr_seen=0
# [TB_STATUS @ 563855000] cyc=56000 mem=448 busy=1 idle=2
# [TB_PROBE_AXI @ 563855000] cyc=56000 per_cluster_busy=1 dut_busy=1 ebreak_detect=0 axi_idle=1 mem_idle=1
# [TB_PROBE_PIPELINE @ 563855000] cyc=56000 | ICACHE: req=0 ready=1 rsp=0 stall_cyc=0 | DCACHE: req=0 ready=x rsp=0 stall_cyc=0 | PC=0xxxxxxxxx instr=0x2be6b093 ebreak_seen=0 exit_addr_seen=0
# [TB_STATUS @ 573855000] cyc=57000 mem=456 busy=1 idle=3
# [TB_PROBE_AXI @ 573855000] cyc=57000 per_cluster_busy=1 dut_busy=1 ebreak_detect=0 axi_idle=1 mem_idle=1
# [TB_PROBE_PIPELINE @ 573855000] cyc=57000 | ICACHE: req=0 ready=1 rsp=0 stall_cyc=0 | DCACHE: req=0 ready=x rsp=0 stall_cyc=0 | PC=0xxxxxxxxx instr=0x00094eb3 ebreak_seen=0 exit_addr_seen=0
# [TB_STATUS @ 583855000] cyc=58000 mem=464 busy=1 idle=1
# [TB_PROBE_AXI @ 583855000] cyc=58000 per_cluster_busy=1 dut_busy=1 ebreak_detect=0 axi_idle=1 mem_idle=1
# [TB_PROBE_PIPELINE @ 583855000] cyc=58000 | ICACHE: req=0 ready=1 rsp=0 stall_cyc=0 | DCACHE: req=0 ready=x rsp=0 stall_cyc=0 | PC=0xxxxxxxxx instr=0x0279e333 ebreak_seen=0 exit_addr_seen=0
# [TB_STATUS @ 593855000] cyc=59000 mem=471 busy=1 idle=0
# [TB_PROBE_AXI @ 593855000] cyc=59000 per_cluster_busy=1 dut_busy=1 ebreak_detect=0 axi_idle=1 mem_idle=1
# [TB_PROBE_PIPELINE @ 593855000] cyc=59000 | ICACHE: req=0 ready=1 rsp=1 stall_cyc=0 | DCACHE: req=0 ready=x rsp=0 stall_cyc=0 | PC=0x800075ac instr=0x40b20233 ebreak_seen=0 exit_addr_seen=0
# [TB_STATUS @ 603855000] cyc=60000 mem=479 busy=1 idle=13
# [TB_PROBE_AXI @ 603855000] cyc=60000 per_cluster_busy=1 dut_busy=1 ebreak_detect=0 axi_idle=1 mem_idle=1
# [TB_PROBE_PIPELINE @ 603855000] cyc=60000 | ICACHE: req=0 ready=1 rsp=0 stall_cyc=0 | DCACHE: req=0 ready=x rsp=0 stall_cyc=0 | PC=0xxxxxxxxx instr=0x07584893 ebreak_seen=0 exit_addr_seen=0
# [TB_STATUS @ 613855000] cyc=61000 mem=486 busy=1 idle=13
# [TB_PROBE_AXI @ 613855000] cyc=61000 per_cluster_busy=1 dut_busy=1 ebreak_detect=0 axi_idle=1 mem_idle=1
# [TB_PROBE_PIPELINE @ 613855000] cyc=61000 | ICACHE: req=0 ready=1 rsp=1 stall_cyc=0 | DCACHE: req=0 ready=x rsp=0 stall_cyc=0 | PC=0x80007974 instr=0x027b25b3 ebreak_seen=0 exit_addr_seen=0
# [TB_STATUS @ 623855000] cyc=62000 mem=494 busy=1 idle=24
# [TB_PROBE_AXI @ 623855000] cyc=62000 per_cluster_busy=1 dut_busy=1 ebreak_detect=0 axi_idle=1 mem_idle=1
# [TB_PROBE_PIPELINE @ 623855000] cyc=62000 | ICACHE: req=0 ready=1 rsp=0 stall_cyc=0 | DCACHE: req=0 ready=x rsp=0 stall_cyc=0 | PC=0xxxxxxxxx instr=0x00094eb3 ebreak_seen=0 exit_addr_seen=0
# [TB_STATUS @ 633855000] cyc=63000 mem=504 busy=1 idle=1
# [TB_PROBE_AXI @ 633855000] cyc=63000 per_cluster_busy=1 dut_busy=1 ebreak_detect=0 axi_idle=1 mem_idle=1
# [TB_PROBE_PIPELINE @ 633855000] cyc=63000 | ICACHE: req=0 ready=1 rsp=1 stall_cyc=0 | DCACHE: req=0 ready=x rsp=0 stall_cyc=0 | PC=0x80007dcc instr=0x672c2913 ebreak_seen=0 exit_addr_seen=0
# [TB_STATUS @ 643855000] cyc=64000 mem=513 busy=1 idle=0
# [TB_PROBE_AXI @ 643855000] cyc=64000 per_cluster_busy=1 dut_busy=1 ebreak_detect=0 axi_idle=1 mem_idle=1
# [TB_PROBE_PIPELINE @ 643855000] cyc=64000 | ICACHE: req=0 ready=1 rsp=0 stall_cyc=0 | DCACHE: req=0 ready=x rsp=0 stall_cyc=0 | PC=0xxxxxxxxx instr=0x672c2913 ebreak_seen=0 exit_addr_seen=0
# [TB_STATUS @ 653855000] cyc=65000 mem=521 busy=1 idle=3
# [TB_PROBE_AXI @ 653855000] cyc=65000 per_cluster_busy=1 dut_busy=1 ebreak_detect=0 axi_idle=1 mem_idle=1
# [TB_PROBE_PIPELINE @ 653855000] cyc=65000 | ICACHE: req=0 ready=1 rsp=0 stall_cyc=0 | DCACHE: req=0 ready=x rsp=0 stall_cyc=0 | PC=0xxxxxxxxx instr=0x07584893 ebreak_seen=0 exit_addr_seen=0
# [TB_STATUS @ 663855000] cyc=66000 mem=529 busy=1 idle=6
# [TB_PROBE_AXI @ 663855000] cyc=66000 per_cluster_busy=1 dut_busy=1 ebreak_detect=0 axi_idle=1 mem_idle=1
# [TB_PROBE_PIPELINE @ 663855000] cyc=66000 | ICACHE: req=0 ready=1 rsp=0 stall_cyc=0 | DCACHE: req=0 ready=x rsp=0 stall_cyc=0 | PC=0xxxxxxxxx instr=0x672c2913 ebreak_seen=0 exit_addr_seen=0
# [TB_STATUS @ 673855000] cyc=67000 mem=538 busy=1 idle=8
# [TB_PROBE_AXI @ 673855000] cyc=67000 per_cluster_busy=1 dut_busy=1 ebreak_detect=0 axi_idle=1 mem_idle=1
# [TB_PROBE_PIPELINE @ 673855000] cyc=67000 | ICACHE: req=0 ready=1 rsp=1 stall_cyc=0 | DCACHE: req=0 ready=x rsp=0 stall_cyc=0 | PC=0x80008664 instr=0x03375833 ebreak_seen=0 exit_addr_seen=0
# [TB_STATUS @ 683855000] cyc=68000 mem=545 busy=1 idle=16
# [TB_PROBE_AXI @ 683855000] cyc=68000 per_cluster_busy=1 dut_busy=1 ebreak_detect=0 axi_idle=1 mem_idle=1
# [TB_PROBE_PIPELINE @ 683855000] cyc=68000 | ICACHE: req=0 ready=1 rsp=0 stall_cyc=0 | DCACHE: req=0 ready=x rsp=0 stall_cyc=0 | PC=0xxxxxxxxx instr=0x02329833 ebreak_seen=0 exit_addr_seen=0
# [TB_STATUS @ 693855000] cyc=69000 mem=554 busy=1 idle=15
# [TB_PROBE_AXI @ 693855000] cyc=69000 per_cluster_busy=1 dut_busy=1 ebreak_detect=0 axi_idle=1 mem_idle=1
# [TB_PROBE_PIPELINE @ 693855000] cyc=69000 | ICACHE: req=0 ready=1 rsp=0 stall_cyc=0 | DCACHE: req=0 ready=x rsp=0 stall_cyc=0 | PC=0xxxxxxxxx instr=0x41abd5b3 ebreak_seen=0 exit_addr_seen=0
# [TB_STATUS @ 703855000] cyc=70000 mem=562 busy=1 idle=6
# [TB_PROBE_AXI @ 703855000] cyc=70000 per_cluster_busy=1 dut_busy=1 ebreak_detect=0 axi_idle=1 mem_idle=1
# [TB_PROBE_PIPELINE @ 703855000] cyc=70000 | ICACHE: req=0 ready=1 rsp=1 stall_cyc=0 | DCACHE: req=0 ready=x rsp=0 stall_cyc=0 | PC=0x80008c5c instr=0x02329833 ebreak_seen=0 exit_addr_seen=0
# [TB_STATUS @ 713855000] cyc=71000 mem=571 busy=1 idle=4
# [TB_PROBE_AXI @ 713855000] cyc=71000 per_cluster_busy=1 dut_busy=1 ebreak_detect=0 axi_idle=1 mem_idle=1
# [TB_PROBE_PIPELINE @ 713855000] cyc=71000 | ICACHE: req=1 ready=1 rsp=0 stall_cyc=0 | DCACHE: req=0 ready=x rsp=0 stall_cyc=0 | PC=0xxxxxxxxx instr=0x0178d913 ebreak_seen=0 exit_addr_seen=0
# [TB_STATUS @ 723855000] cyc=72000 mem=580 busy=1 idle=12
# [TB_PROBE_AXI @ 723855000] cyc=72000 per_cluster_busy=1 dut_busy=1 ebreak_detect=0 axi_idle=1 mem_idle=1
# [TB_PROBE_PIPELINE @ 723855000] cyc=72000 | ICACHE: req=0 ready=1 rsp=1 stall_cyc=0 | DCACHE: req=0 ready=x rsp=0 stall_cyc=0 | PC=0x800090f4 instr=0x40b20233 ebreak_seen=0 exit_addr_seen=0
# [TB_STATUS @ 733855000] cyc=73000 mem=588 busy=1 idle=0
# [TB_PROBE_AXI @ 733855000] cyc=73000 per_cluster_busy=1 dut_busy=1 ebreak_detect=0 axi_idle=1 mem_idle=1
# [TB_PROBE_PIPELINE @ 733855000] cyc=73000 | ICACHE: req=0 ready=1 rsp=0 stall_cyc=0 | DCACHE: req=0 ready=x rsp=0 stall_cyc=0 | PC=0xxxxxxxxx instr=0x41abd5b3 ebreak_seen=0 exit_addr_seen=0
# [TB_STATUS @ 743855000] cyc=74000 mem=597 busy=1 idle=4
# [TB_PROBE_AXI @ 743855000] cyc=74000 per_cluster_busy=1 dut_busy=1 ebreak_detect=0 axi_idle=1 mem_idle=1
# [TB_PROBE_PIPELINE @ 743855000] cyc=74000 | ICACHE: req=0 ready=1 rsp=0 stall_cyc=0 | DCACHE: req=0 ready=x rsp=0 stall_cyc=0 | PC=0x80009540 instr=0xaf59fa13 ebreak_seen=0 exit_addr_seen=0
# [TB_STATUS @ 753855000] cyc=75000 mem=607 busy=1 idle=5
# [TB_PROBE_AXI @ 753855000] cyc=75000 per_cluster_busy=1 dut_busy=1 ebreak_detect=0 axi_idle=1 mem_idle=1
# [TB_PROBE_PIPELINE @ 753855000] cyc=75000 | ICACHE: req=0 ready=1 rsp=0 stall_cyc=0 | DCACHE: req=0 ready=x rsp=0 stall_cyc=0 | PC=0xxxxxxxxx instr=0x03d97e33 ebreak_seen=0 exit_addr_seen=0
# [TB_STATUS @ 763855000] cyc=76000 mem=615 busy=1 idle=2
# [TB_PROBE_AXI @ 763855000] cyc=76000 per_cluster_busy=1 dut_busy=1 ebreak_detect=0 axi_idle=1 mem_idle=1
# [TB_PROBE_PIPELINE @ 763855000] cyc=76000 | ICACHE: req=0 ready=1 rsp=0 stall_cyc=0 | DCACHE: req=0 ready=x rsp=0 stall_cyc=0 | PC=0xxxxxxxxx instr=0x6d8ee293 ebreak_seen=0 exit_addr_seen=0
# [TB_STATUS @ 773855000] cyc=77000 mem=622 busy=1 idle=1
# [TB_PROBE_AXI @ 773855000] cyc=77000 per_cluster_busy=1 dut_busy=1 ebreak_detect=0 axi_idle=1 mem_idle=1
# [TB_PROBE_PIPELINE @ 773855000] cyc=77000 | ICACHE: req=0 ready=1 rsp=0 stall_cyc=0 | DCACHE: req=0 ready=x rsp=0 stall_cyc=0 | PC=0xxxxxxxxx instr=0x00306133 ebreak_seen=0 exit_addr_seen=0
# [TB_STATUS @ 783855000] cyc=78000 mem=631 busy=1 idle=6
# [TB_PROBE_AXI @ 783855000] cyc=78000 per_cluster_busy=1 dut_busy=1 ebreak_detect=0 axi_idle=1 mem_idle=1
# [TB_PROBE_PIPELINE @ 783855000] cyc=78000 | ICACHE: req=0 ready=1 rsp=0 stall_cyc=0 | DCACHE: req=0 ready=x rsp=0 stall_cyc=0 | PC=0xxxxxxxxx instr=0x41abd5b3 ebreak_seen=0 exit_addr_seen=0
# [TB_STATUS @ 793855000] cyc=79000 mem=639 busy=1 idle=12
# [TB_PROBE_AXI @ 793855000] cyc=79000 per_cluster_busy=1 dut_busy=1 ebreak_detect=0 axi_idle=1 mem_idle=1
# [TB_PROBE_PIPELINE @ 793855000] cyc=79000 | ICACHE: req=0 ready=1 rsp=0 stall_cyc=0 | DCACHE: req=0 ready=x rsp=0 stall_cyc=0 | PC=0xxxxxxxxx instr=0x672c2913 ebreak_seen=0 exit_addr_seen=0
# [TB_STATUS @ 803855000] cyc=80000 mem=647 busy=1 idle=6
# [TB_PROBE_AXI @ 803855000] cyc=80000 per_cluster_busy=1 dut_busy=1 ebreak_detect=0 axi_idle=1 mem_idle=1
# [TB_PROBE_PIPELINE @ 803855000] cyc=80000 | ICACHE: req=1 ready=1 rsp=0 stall_cyc=0 | DCACHE: req=0 ready=x rsp=0 stall_cyc=0 | PC=0xxxxxxxxx instr=0x003e95b3 ebreak_seen=0 exit_addr_seen=0
# [TB_STATUS @ 813855000] cyc=81000 mem=655 busy=1 idle=8
# [TB_PROBE_AXI @ 813855000] cyc=81000 per_cluster_busy=1 dut_busy=1 ebreak_detect=0 axi_idle=1 mem_idle=1
# [TB_PROBE_PIPELINE @ 813855000] cyc=81000 | ICACHE: req=0 ready=1 rsp=0 stall_cyc=0 | DCACHE: req=0 ready=x rsp=0 stall_cyc=0 | PC=0xxxxxxxxx instr=0x01f97cb3 ebreak_seen=0 exit_addr_seen=0
# [TB_STATUS @ 823855000] cyc=82000 mem=663 busy=1 idle=1
# [TB_PROBE_AXI @ 823855000] cyc=82000 per_cluster_busy=1 dut_busy=1 ebreak_detect=0 axi_idle=1 mem_idle=1
# [TB_PROBE_PIPELINE @ 823855000] cyc=82000 | ICACHE: req=1 ready=1 rsp=0 stall_cyc=0 | DCACHE: req=0 ready=x rsp=0 stall_cyc=0 | PC=0xxxxxxxxx instr=0x0023b433 ebreak_seen=0 exit_addr_seen=0
# [TB_STATUS @ 833855000] cyc=83000 mem=672 busy=1 idle=1
# [TB_PROBE_AXI @ 833855000] cyc=83000 per_cluster_busy=1 dut_busy=1 ebreak_detect=0 axi_idle=1 mem_idle=1
# [TB_PROBE_PIPELINE @ 833855000] cyc=83000 | ICACHE: req=0 ready=1 rsp=0 stall_cyc=0 | DCACHE: req=0 ready=x rsp=0 stall_cyc=0 | PC=0xxxxxxxxx instr=0x0023b433 ebreak_seen=0 exit_addr_seen=0
# [TB_STATUS @ 843855000] cyc=84000 mem=680 busy=1 idle=0
# [TB_PROBE_AXI @ 843855000] cyc=84000 per_cluster_busy=1 dut_busy=1 ebreak_detect=0 axi_idle=1 mem_idle=1
# [TB_PROBE_PIPELINE @ 843855000] cyc=84000 | ICACHE: req=0 ready=1 rsp=1 stall_cyc=0 | DCACHE: req=0 ready=x rsp=0 stall_cyc=0 | PC=0x8000a9d8 instr=0x0178d913 ebreak_seen=0 exit_addr_seen=0
# [TB_STATUS @ 853855000] cyc=85000 mem=688 busy=1 idle=0
# [TB_PROBE_AXI @ 853855000] cyc=85000 per_cluster_busy=1 dut_busy=1 ebreak_detect=0 axi_idle=1 mem_idle=1
# [TB_PROBE_PIPELINE @ 853855000] cyc=85000 | ICACHE: req=0 ready=1 rsp=0 stall_cyc=0 | DCACHE: req=0 ready=x rsp=0 stall_cyc=0 | PC=0xxxxxxxxx instr=0x008b9e93 ebreak_seen=0 exit_addr_seen=0
# [TB_STATUS @ 863855000] cyc=86000 mem=695 busy=1 idle=3
# [TB_PROBE_AXI @ 863855000] cyc=86000 per_cluster_busy=1 dut_busy=1 ebreak_detect=0 axi_idle=1 mem_idle=1
# [TB_PROBE_PIPELINE @ 863855000] cyc=86000 | ICACHE: req=0 ready=1 rsp=0 stall_cyc=0 | DCACHE: req=0 ready=x rsp=0 stall_cyc=0 | PC=0xxxxxxxxx instr=0x41abd5b3 ebreak_seen=0 exit_addr_seen=0
# [TB_STATUS @ 873855000] cyc=87000 mem=704 busy=1 idle=3
# [TB_PROBE_AXI @ 873855000] cyc=87000 per_cluster_busy=1 dut_busy=1 ebreak_detect=0 axi_idle=1 mem_idle=1
# [TB_PROBE_PIPELINE @ 873855000] cyc=87000 | ICACHE: req=0 ready=1 rsp=0 stall_cyc=0 | DCACHE: req=0 ready=x rsp=0 stall_cyc=0 | PC=0xxxxxxxxx instr=0x03d97e33 ebreak_seen=0 exit_addr_seen=0
# [TB_STATUS @ 883855000] cyc=88000 mem=713 busy=1 idle=5
# [TB_PROBE_AXI @ 883855000] cyc=88000 per_cluster_busy=1 dut_busy=1 ebreak_detect=0 axi_idle=1 mem_idle=1
# [TB_PROBE_PIPELINE @ 883855000] cyc=88000 | ICACHE: req=0 ready=1 rsp=0 stall_cyc=0 | DCACHE: req=0 ready=x rsp=0 stall_cyc=0 | PC=0xxxxxxxxx instr=0x07584893 ebreak_seen=0 exit_addr_seen=0
# UVM_INFO /home/samuel_ubuntu22/Vortex_UVM_GP/Vortex/sim/uvmsim/uvm_env/agents/host_agent/host_monitor.svh(249) @ 891545000: uvm_test_top.env.m_host_agent.m_monitor [HOST_MON] Kernel execution completed at time 891545000  cycles=88765  instrs=11517  IPC=0.130
# UVM_INFO /home/samuel_ubuntu22/Vortex_UVM_GP/Vortex/sim/uvmsim/uvm_env/agents/status_agent/status_monitor.svh(232) @ 891545000: uvm_test_top.env.m_status_agent.m_monitor [STATUS_MON] Core went idle @ cycle 88769
# UVM_INFO /home/samuel_ubuntu22/Vortex_UVM_GP/Vortex/sim/uvmsim/uvm_env/agents/host_agent/host_driver.svh(240) @ 891545000: uvm_test_top.env.m_host_agent.m_driver [HOST_DRV] Kernel completed in 88754 cycles
# UVM_INFO /home/samuel_ubuntu22/Vortex_UVM_GP/Vortex/sim/uvmsim/uvm_env/agents/host_agent/host_sequences.svh(274) @ 891545000: uvm_test_top.env.m_host_agent.m_sequencer@@wait_seq_0 [HOST_SEQ] Kernel completed in 88754000 cycles
# UVM_INFO /home/samuel_ubuntu22/Vortex_UVM_GP/Vortex/sim/uvmsim/uvm_env/sequences/random_instr_stress_vseq.svh(81) @ 891545000: uvm_test_top.env.m_virtual_sequencer@@stress_vseq [STRESS_VSEQ] Iter 1: DONE
# UVM_INFO /home/samuel_ubuntu22/Vortex_UVM_GP/Vortex/sim/uvmsim/uvm_env/sequences/random_instr_stress_vseq.svh(86) @ 891545000: uvm_test_top.env.m_virtual_sequencer@@stress_vseq [STRESS_VSEQ] random_instr_stress_vseq complete â 1 iteration(s) passed
# 
# ** Warning: [TB_TOP @ 892545000] EXECUTION COMPLETE via sustained busy=0 fallback (100 cyc) â ebreak not decoded
#   Total Cycles: 88869  Mem Ops: 749  Instructions: 11517
# 
# ================================================================================
# VORTEX INTERFACE STATUS @ 892555000
# ================================================================================
# Clock: 1 | Reset: 1
# 
# STATUS INTERFACE:
#   Busy:   0
#   Idle:   1
#   ebreak: 1
#   Cycles: 88870
#   Instrs: 11517
#   IPC:    0.1296 (calculated)
# 
# AXI INTERFACE:
#   AW: valid=0 ready=1 addr=0x8000c0c0
#   W:  valid=0 ready=0 last=1
#   B:  valid=0 ready=1
#   AR: valid=0 ready=1 addr=0x8000c0c0
#   R:  valid=0 ready=1 last=0
# 
# MEMORY INTERFACE:
#   Req: valid=x ready=x rw=x addr=0xxxxxxxx
#   Rsp: valid=x ready=x
# 
# DCR INTERFACE:
#   Write: valid=0 addr=0x002 data=0x00000000
# ================================================================================
[SimX-ARGS] count=baadf00d src=baadf00dbaadf00d dst=baadf00dbaadf00d
# [TB_TOP @ 892555000] Watchdog disarmed after 88871 cycles (EBREAK detected)
# UVM_INFO /home/samuel_ubuntu22/Vortex_UVM_GP/Vortex/sim/uvmsim/uvm_env/vortex_scoreboard.svh(419) @ 892555000: uvm_test_top.env.m_scoreboard [SCOREBOARD] EBREAK detected â running SimX and comparing results.
# UVM_INFO /home/samuel_ubuntu22/Vortex_UVM_GP/Vortex/sim/uvmsim/uvm_env/vortex_scoreboard.svh(433) @ 892555000: uvm_test_top.env.m_scoreboard [SCOREBOARD] Running SimX to completion...
# [SimX-DPI] ========================================
# [SimX-DPI] Running processor to completion...
# [SimX-DPI] Startup address: 0x80000000
# [SimX-DPI] Re-staged 83705 memory regions after reset
# [SimX-DPI] Clean exit after 100300 cycles, exitcode=1947785756
# [SimX-DPI] Execution finished
# [SimX-DPI] Run status: 1947785756
# [SimX-DPI] Exit code: 1947785756
# [SimX-DPI] ========================================
# UVM_INFO /home/samuel_ubuntu22/Vortex_UVM_GP/Vortex/sim/uvmsim/uvm_env/vortex_scoreboard.svh(435) @ 892555000: uvm_test_top.env.m_scoreboard [SCOREBOARD] SimX done â exit code = 1947785756
# [SimX-DPI] Read 8 bytes from 0x8000c080
# [SimX-DPI] Read 8 bytes from 0x8000c088
# [SimX-DPI] Read 8 bytes from 0x8000c090
# [SimX-DPI] Read 8 bytes from 0x8000c098
# [SimX-DPI] Read 8 bytes from 0x8000c0a0
# [SimX-DPI] Read 8 bytes from 0x8000c0a8
# [SimX-DPI] Read 8 bytes from 0x8000c0b0
# [SimX-DPI] Read 8 bytes from 0x8000c0b8
# [SimX-DPI] Read 8 bytes from 0x8000c0c0
# [SimX-DPI] Read 8 bytes from 0x8000c0c8
# [SimX-DPI] Read 8 bytes from 0x8000c0d0
# [SimX-DPI] Read 8 bytes from 0x8000c0d8
# [SimX-DPI] Read 8 bytes from 0x8000c0e0
# [SimX-DPI] Read 8 bytes from 0x8000c0e8
# [SimX-DPI] Read 8 bytes from 0x8000c0f0
# [SimX-DPI] Read 8 bytes from 0x80000000
# [SimX-DPI] Read 8 bytes from 0x80000008
# [SimX-DPI] Read 8 bytes from 0x80000010
# [SimX-DPI] Read 8 bytes from 0x80000018
# [SimX-DPI] Read 8 bytes from 0x80000020
# [SimX-DPI] Read 8 bytes from 0x80000028
# [SimX-DPI] Read 8 bytes from 0x80000030
# [SimX-DPI] Read 8 bytes from 0x80000038
# [SimX-DPI] Read 8 bytes from 0x80000040
# [SimX-DPI] Read 8 bytes from 0x80000048
# [SimX-DPI] Read 8 bytes from 0x80000050
# [SimX-DPI] Read 8 bytes from 0x80000058
# [SimX-DPI] Read 8 bytes from 0x80000060
# [SimX-DPI] Read 8 bytes from 0x80000068
# [SimX-DPI] Read 8 bytes from 0x80000070
# [SimX-DPI] Read 8 bytes from 0x80000078
# [SimX-DPI] Read 8 bytes from 0x80000080
# [SimX-DPI] Read 8 bytes from 0x80000088
# [SimX-DPI] Read 8 bytes from 0x80000090
# [SimX-DPI] Read 8 bytes from 0x80000098
# [SimX-DPI] Read 8 bytes from 0x800000a0
# [SimX-DPI] Read 8 bytes from 0x800000a8
# [SimX-DPI] Read 8 bytes from 0x800000b0
# [SimX-DPI] Read 8 bytes from 0x800000b8
# [SimX-DPI] Read 8 bytes from 0x800000c0
# [SimX-DPI] Read 8 bytes from 0x800000c8
# [SimX-DPI] Read 8 bytes from 0x800000d0
# [SimX-DPI] Read 8 bytes from 0x800000d8
# [SimX-DPI] Read 8 bytes from 0x800000e0
# [SimX-DPI] Read 8 bytes from 0x800000e8
# [SimX-DPI] Read 8 bytes from 0x800000f0
# [SimX-DPI] Read 8 bytes from 0x800000f8
# [SimX-DPI] Read 8 bytes from 0x80000100
# [SimX-DPI] Read 8 bytes from 0x80000108
# [SimX-DPI] Read 8 bytes from 0x80000110
# [SimX-DPI] Read 8 bytes from 0x80000118
# [SimX-DPI] Read 8 bytes from 0x80000120
# [SimX-DPI] Read 8 bytes from 0x80000128
# [SimX-DPI] Read 8 bytes from 0x80000130
# [SimX-DPI] Read 8 bytes from 0x80000138
# [SimX-DPI] Read 8 bytes from 0x80000140
# [SimX-DPI] Read 8 bytes from 0x80000148
# [SimX-DPI] Read 8 bytes from 0x80000150
# [SimX-DPI] Read 8 bytes from 0x80000158
# [SimX-DPI] Read 8 bytes from 0x80000160
# [SimX-DPI] Read 8 bytes from 0x80000168
# [SimX-DPI] Read 8 bytes from 0x80000170
# [SimX-DPI] Read 8 bytes from 0x80000178
# [SimX-DPI] Read 8 bytes from 0x80000180
# [SimX-DPI] Read 8 bytes from 0x80000188
# [SimX-DPI] Read 8 bytes from 0x80000190
# [SimX-DPI] Read 8 bytes from 0x80000198
# [SimX-DPI] Read 8 bytes from 0x800001a0
# [SimX-DPI] Read 8 bytes from 0x800001a8
# [SimX-DPI] Read 8 bytes from 0x800001b0
# [SimX-DPI] Read 8 bytes from 0x800001b8
# [SimX-DPI] Read 8 bytes from 0x800001c0
# [SimX-DPI] Read 8 bytes from 0x800001c8
# [SimX-DPI] Read 8 bytes from 0x800001d0
# [SimX-DPI] Read 8 bytes from 0x800001d8
# [SimX-DPI] Read 8 bytes from 0x800001e0
# [SimX-DPI] Read 8 bytes from 0x800001e8
# [SimX-DPI] Read 8 bytes from 0x800001f0
# [SimX-DPI] Read 8 bytes from 0x800001f8
# [SimX-DPI] Read 8 bytes from 0x80000200
# [SimX-DPI] Read 8 bytes from 0x80000208
# [SimX-DPI] Read 8 bytes from 0x80000210
# [SimX-DPI] Read 8 bytes from 0x80000218
# [SimX-DPI] Read 8 bytes from 0x80000220
# [SimX-DPI] Read 8 bytes from 0x80000228
# [SimX-DPI] Read 8 bytes from 0x80000230
# [SimX-DPI] Read 8 bytes from 0x80000238
# [SimX-DPI] Read 8 bytes from 0x80000240
# [SimX-DPI] Read 8 bytes from 0x80000248
# [SimX-DPI] Read 8 bytes from 0x80000250
# [SimX-DPI] Read 8 bytes from 0x80000258
# [SimX-DPI] Read 8 bytes from 0x80000260
# [SimX-DPI] Read 8 bytes from 0x80000268
# [SimX-DPI] Read 8 bytes from 0x80000270
# [SimX-DPI] Read 8 bytes from 0x80000278
# [SimX-DPI] Read 8 bytes from 0x80000280
# [SimX-DPI] Read 8 bytes from 0x80000288
# [SimX-DPI] Read 8 bytes from 0x80000290
# [SimX-DPI] Read 8 bytes from 0x80000298
# [SimX-DPI] Read 8 bytes from 0x800002a0
# [SimX-DPI] Read 8 bytes from 0x800002a8
# [SimX-DPI] Read 8 bytes from 0x800002b0
# [SimX-DPI] Read 8 bytes from 0x800002b8
# [SimX-DPI] Read 8 bytes from 0x800002c0
# [SimX-DPI] Read 8 bytes from 0x800002c8
# [SimX-DPI] Read 8 bytes from 0x800002d0
# [SimX-DPI] Read 8 bytes from 0x800002d8
# [SimX-DPI] Read 8 bytes from 0x800002e0
# [SimX-DPI] Read 8 bytes from 0x800002e8
# [SimX-DPI] Read 8 bytes from 0x800002f0
# [SimX-DPI] Read 8 bytes from 0x800002f8
# [SimX-DPI] Read 8 bytes from 0x80000300
# [SimX-DPI] Read 8 bytes from 0x80000308
# [SimX-DPI] Read 8 bytes from 0x80000310
# [SimX-DPI] Read 8 bytes from 0x80000318
# [SimX-DPI] Read 8 bytes from 0x80000320
# [SimX-DPI] Read 8 bytes from 0x80000328
# [SimX-DPI] Read 8 bytes from 0x80000330
# [SimX-DPI] Read 8 bytes from 0x80000338
# [SimX-DPI] Read 8 bytes from 0x80000340
# [SimX-DPI] Read 8 bytes from 0x80000348
# [SimX-DPI] Read 8 bytes from 0x80000350
# [SimX-DPI] Read 8 bytes from 0x80000358
# [SimX-DPI] Read 8 bytes from 0x80000360
# [SimX-DPI] Read 8 bytes from 0x80000368
# [SimX-DPI] Read 8 bytes from 0x80000370
# [SimX-DPI] Read 8 bytes from 0x80000378
# [SimX-DPI] Read 8 bytes from 0x80000380
# [SimX-DPI] Read 8 bytes from 0x80000388
# [SimX-DPI] Read 8 bytes from 0x80000390
# [SimX-DPI] Read 8 bytes from 0x80000398
# [SimX-DPI] Read 8 bytes from 0x800003a0
# [SimX-DPI] Read 8 bytes from 0x800003a8
# [SimX-DPI] Read 8 bytes from 0x800003b0
# [SimX-DPI] Read 8 bytes from 0x800003b8
# [SimX-DPI] Read 8 bytes from 0x800003c0
# [SimX-DPI] Read 8 bytes from 0x800003c8
# [SimX-DPI] Read 8 bytes from 0x800003d0
# [SimX-DPI] Read 8 bytes from 0x800003d8
# [SimX-DPI] Read 8 bytes from 0x800003e0
# [SimX-DPI] Read 8 bytes from 0x800003e8
# [SimX-DPI] Read 8 bytes from 0x800003f0
# [SimX-DPI] Read 8 bytes from 0x800003f8
# [SimX-DPI] Read 8 bytes from 0x80000400
# [SimX-DPI] Read 8 bytes from 0x80000408
# [SimX-DPI] Read 8 bytes from 0x80000410
# [SimX-DPI] Read 8 bytes from 0x80000418
# [SimX-DPI] Read 8 bytes from 0x80000420
# [SimX-DPI] Read 8 bytes from 0x80000428
# [SimX-DPI] Read 8 bytes from 0x80000430
# [SimX-DPI] Read 8 bytes from 0x80000438
# [SimX-DPI] Read 8 bytes from 0x80000440
# [SimX-DPI] Read 8 bytes from 0x80000448
# [SimX-DPI] Read 8 bytes from 0x80000450
# [SimX-DPI] Read 8 bytes from 0x80000458
# [SimX-DPI] Read 8 bytes from 0x80000460
# [SimX-DPI] Read 8 bytes from 0x80000468
# [SimX-DPI] Read 8 bytes from 0x80000470
# [SimX-DPI] Read 8 bytes from 0x80000478
# [SimX-DPI] Read 8 bytes from 0x80000480
# [SimX-DPI] Read 8 bytes from 0x80000488
# [SimX-DPI] Read 8 bytes from 0x80000490
# [SimX-DPI] Read 8 bytes from 0x80000498
# [SimX-DPI] Read 8 bytes from 0x800004a0
# [SimX-DPI] Read 8 bytes from 0x800004a8
# [SimX-DPI] Read 8 bytes from 0x800004b0
# [SimX-DPI] Read 8 bytes from 0x800004b8
# [SimX-DPI] Read 8 bytes from 0x800004c0
# [SimX-DPI] Read 8 bytes from 0x800004c8
# [SimX-DPI] Read 8 bytes from 0x800004d0
# [SimX-DPI] Read 8 bytes from 0x800004d8
# [SimX-DPI] Read 8 bytes from 0x800004e0
# [SimX-DPI] Read 8 bytes from 0x800004e8
# [SimX-DPI] Read 8 bytes from 0x800004f0
# [SimX-DPI] Read 8 bytes from 0x800004f8
# [SimX-DPI] Read 8 bytes from 0x80000500
# [SimX-DPI] Read 8 bytes from 0x80000508
# [SimX-DPI] Read 8 bytes from 0x80000510
# [SimX-DPI] Read 8 bytes from 0x80000518
# [SimX-DPI] Read 8 bytes from 0x80000520
# [SimX-DPI] Read 8 bytes from 0x80000528
# [SimX-DPI] Read 8 bytes from 0x80000530
# [SimX-DPI] Read 8 bytes from 0x80000538
# [SimX-DPI] Read 8 bytes from 0x80000540
# [SimX-DPI] Read 8 bytes from 0x80000548
# [SimX-DPI] Read 8 bytes from 0x80000550
# [SimX-DPI] Read 8 bytes from 0x80000558
# [SimX-DPI] Read 8 bytes from 0x80000560
# [SimX-DPI] Read 8 bytes from 0x80000568
# [SimX-DPI] Read 8 bytes from 0x80000570
# [SimX-DPI] Read 8 bytes from 0x80000578
# [SimX-DPI] Read 8 bytes from 0x80000580
# [SimX-DPI] Read 8 bytes from 0x80000588
# [SimX-DPI] Read 8 bytes from 0x80000590
# [SimX-DPI] Read 8 bytes from 0x80000598
# [SimX-DPI] Read 8 bytes from 0x800005a0
# [SimX-DPI] Read 8 bytes from 0x800005a8
# [SimX-DPI] Read 8 bytes from 0x800005b0
# [SimX-DPI] Read 8 bytes from 0x800005b8
# [SimX-DPI] Read 8 bytes from 0x800005c0
# [SimX-DPI] Read 8 bytes from 0x800005c8
# [SimX-DPI] Read 8 bytes from 0x800005d0
# [SimX-DPI] Read 8 bytes from 0x800005d8
# [SimX-DPI] Read 8 bytes from 0x800005e0
# [SimX-DPI] Read 8 bytes from 0x800005e8
# [SimX-DPI] Read 8 bytes from 0x800005f0
# [SimX-DPI] Read 8 bytes from 0x800005f8
# [SimX-DPI] Read 8 bytes from 0x80000600
# [SimX-DPI] Read 8 bytes from 0x80000608
# [SimX-DPI] Read 8 bytes from 0x80000610
# [SimX-DPI] Read 8 bytes from 0x80000618
# [SimX-DPI] Read 8 bytes from 0x80000620
# [SimX-DPI] Read 8 bytes from 0x80000628
# [SimX-DPI] Read 8 bytes from 0x80000630
# [SimX-DPI] Read 8 bytes from 0x80000638
# [SimX-DPI] Read 8 bytes from 0x80000640
# [SimX-DPI] Read 8 bytes from 0x80000648
# [SimX-DPI] Read 8 bytes from 0x80000650
# [SimX-DPI] Read 8 bytes from 0x80000658
# [SimX-DPI] Read 8 bytes from 0x80000660
# [SimX-DPI] Read 8 bytes from 0x80000668
# [SimX-DPI] Read 8 bytes from 0x80000670
# [SimX-DPI] Read 8 bytes from 0x80000678
# [SimX-DPI] Read 8 bytes from 0x80000680
# [SimX-DPI] Read 8 bytes from 0x80000688
# [SimX-DPI] Read 8 bytes from 0x80000690
# [SimX-DPI] Read 8 bytes from 0x80000698
# [SimX-DPI] Read 8 bytes from 0x800006a0
# [SimX-DPI] Read 8 bytes from 0x800006a8
# [SimX-DPI] Read 8 bytes from 0x800006b0
# [SimX-DPI] Read 8 bytes from 0x800006b8
# [SimX-DPI] Read 8 bytes from 0x800006c0
# [SimX-DPI] Read 8 bytes from 0x800006c8
# [SimX-DPI] Read 8 bytes from 0x800006d0
# [SimX-DPI] Read 8 bytes from 0x800006d8
# [SimX-DPI] Read 8 bytes from 0x800006e0
# [SimX-DPI] Read 8 bytes from 0x800006e8
# [SimX-DPI] Read 8 bytes from 0x800006f0
# [SimX-DPI] Read 8 bytes from 0x800006f8
# [SimX-DPI] Read 8 bytes from 0x80000700
# [SimX-DPI] Read 8 bytes from 0x80000708
# [SimX-DPI] Read 8 bytes from 0x80000710
# [SimX-DPI] Read 8 bytes from 0x80000718
# [SimX-DPI] Read 8 bytes from 0x80000720
# [SimX-DPI] Read 8 bytes from 0x80000728
# [SimX-DPI] Read 8 bytes from 0x80000730
# [SimX-DPI] Read 8 bytes from 0x80000738
# [SimX-DPI] Read 8 bytes from 0x80000740
# [SimX-DPI] Read 8 bytes from 0x80000748
# [SimX-DPI] Read 8 bytes from 0x80000750
# [SimX-DPI] Read 8 bytes from 0x80000758
# [SimX-DPI] Read 8 bytes from 0x80000760
# [SimX-DPI] Read 8 bytes from 0x80000768
# [SimX-DPI] Read 8 bytes from 0x80000770
# [SimX-DPI] Read 8 bytes from 0x80000778
# [SimX-DPI] Read 8 bytes from 0x80000780
# [SimX-DPI] Read 8 bytes from 0x80000788
# [SimX-DPI] Read 8 bytes from 0x80000790
# [SimX-DPI] Read 8 bytes from 0x80000798
# [SimX-DPI] Read 8 bytes from 0x800007a0
# [SimX-DPI] Read 8 bytes from 0x800007a8
# [SimX-DPI] Read 8 bytes from 0x800007b0
# [SimX-DPI] Read 8 bytes from 0x800007b8
# [SimX-DPI] Read 8 bytes from 0x800007c0
# [SimX-DPI] Read 8 bytes from 0x800007c8
# [SimX-DPI] Read 8 bytes from 0x800007d0
# [SimX-DPI] Read 8 bytes from 0x800007d8
# [SimX-DPI] Read 8 bytes from 0x800007e0
# [SimX-DPI] Read 8 bytes from 0x800007e8
# [SimX-DPI] Read 8 bytes from 0x800007f0
# [SimX-DPI] Read 8 bytes from 0x800007f8
# [SimX-DPI] Read 8 bytes from 0x80000800
# [SimX-DPI] Read 8 bytes from 0x80000808
# [SimX-DPI] Read 8 bytes from 0x80000810
# [SimX-DPI] Read 8 bytes from 0x80000818
# [SimX-DPI] Read 8 bytes from 0x80000820
# [SimX-DPI] Read 8 bytes from 0x80000828
# [SimX-DPI] Read 8 bytes from 0x80000830
# [SimX-DPI] Read 8 bytes from 0x80000838
# [SimX-DPI] Read 8 bytes from 0x80000840
# [SimX-DPI] Read 8 bytes from 0x80000848
# [SimX-DPI] Read 8 bytes from 0x80000850
# [SimX-DPI] Read 8 bytes from 0x80000858
# [SimX-DPI] Read 8 bytes from 0x80000860
# [SimX-DPI] Read 8 bytes from 0x80000868
# [SimX-DPI] Read 8 bytes from 0x80000870
# [SimX-DPI] Read 8 bytes from 0x80000878
# [SimX-DPI] Read 8 bytes from 0x80000880
# [SimX-DPI] Read 8 bytes from 0x80000888
# [SimX-DPI] Read 8 bytes from 0x80000890
# [SimX-DPI] Read 8 bytes from 0x80000898
# [SimX-DPI] Read 8 bytes from 0x800008a0
# [SimX-DPI] Read 8 bytes from 0x800008a8
# [SimX-DPI] Read 8 bytes from 0x800008b0
# [SimX-DPI] Read 8 bytes from 0x800008b8
# [SimX-DPI] Read 8 bytes from 0x800008c0
# [SimX-DPI] Read 8 bytes from 0x800008c8
# [SimX-DPI] Read 8 bytes from 0x800008d0
# [SimX-DPI] Read 8 bytes from 0x800008d8
# [SimX-DPI] Read 8 bytes from 0x800008e0
# [SimX-DPI] Read 8 bytes from 0x800008e8
# [SimX-DPI] Read 8 bytes from 0x800008f0
# [SimX-DPI] Read 8 bytes from 0x800008f8
# [SimX-DPI] Read 8 bytes from 0x80000900
# [SimX-DPI] Read 8 bytes from 0x80000908
# [SimX-DPI] Read 8 bytes from 0x80000910
# [SimX-DPI] Read 8 bytes from 0x80000918
# [SimX-DPI] Read 8 bytes from 0x80000920
# [SimX-DPI] Read 8 bytes from 0x80000928
# [SimX-DPI] Read 8 bytes from 0x80000930
# [SimX-DPI] Read 8 bytes from 0x80000938
# [SimX-DPI] Read 8 bytes from 0x80000940
# [SimX-DPI] Read 8 bytes from 0x80000948
# [SimX-DPI] Read 8 bytes from 0x80000950
# [SimX-DPI] Read 8 bytes from 0x80000958
# [SimX-DPI] Read 8 bytes from 0x80000960
# [SimX-DPI] Read 8 bytes from 0x80000968
# [SimX-DPI] Read 8 bytes from 0x80000970
# [SimX-DPI] Read 8 bytes from 0x80000978
# [SimX-DPI] Read 8 bytes from 0x80000980
# [SimX-DPI] Read 8 bytes from 0x80000988
# [SimX-DPI] Read 8 bytes from 0x80000990
# [SimX-DPI] Read 8 bytes from 0x80000998
# [SimX-DPI] Read 8 bytes from 0x800009a0
# [SimX-DPI] Read 8 bytes from 0x800009a8
# [SimX-DPI] Read 8 bytes from 0x800009b0
# [SimX-DPI] Read 8 bytes from 0x800009b8
# [SimX-DPI] Read 8 bytes from 0x800009c0
# [SimX-DPI] Read 8 bytes from 0x800009c8
# [SimX-DPI] Read 8 bytes from 0x800009d0
# [SimX-DPI] Read 8 bytes from 0x800009d8
# [SimX-DPI] Read 8 bytes from 0x800009e0
# [SimX-DPI] Read 8 bytes from 0x800009e8
# [SimX-DPI] Read 8 bytes from 0x800009f0
# [SimX-DPI] Read 8 bytes from 0x800009f8
# [SimX-DPI] Read 8 bytes from 0x80000a00
# [SimX-DPI] Read 8 bytes from 0x80000a08
# [SimX-DPI] Read 8 bytes from 0x80000a10
# [SimX-DPI] Read 8 bytes from 0x80000a18
# [SimX-DPI] Read 8 bytes from 0x80000a20
# [SimX-DPI] Read 8 bytes from 0x80000a28
# [SimX-DPI] Read 8 bytes from 0x80000a30
# [SimX-DPI] Read 8 bytes from 0x80000a38
# [SimX-DPI] Read 8 bytes from 0x80000a40
# [SimX-DPI] Read 8 bytes from 0x80000a48
# [SimX-DPI] Read 8 bytes from 0x80000a50
# [SimX-DPI] Read 8 bytes from 0x80000a58
# [SimX-DPI] Read 8 bytes from 0x80000a60
# [SimX-DPI] Read 8 bytes from 0x80000a68
# [SimX-DPI] Read 8 bytes from 0x80000a70
# [SimX-DPI] Read 8 bytes from 0x80000a78
# [SimX-DPI] Read 8 bytes from 0x80000a80
# [SimX-DPI] Read 8 bytes from 0x80000a88
# [SimX-DPI] Read 8 bytes from 0x80000a90
# [SimX-DPI] Read 8 bytes from 0x80000a98
# [SimX-DPI] Read 8 bytes from 0x80000aa0
# [SimX-DPI] Read 8 bytes from 0x80000aa8
# [SimX-DPI] Read 8 bytes from 0x80000ab0
# [SimX-DPI] Read 8 bytes from 0x80000ab8
# [SimX-DPI] Read 8 bytes from 0x80000ac0
# [SimX-DPI] Read 8 bytes from 0x80000ac8
# [SimX-DPI] Read 8 bytes from 0x80000ad0
# [SimX-DPI] Read 8 bytes from 0x80000ad8
# [SimX-DPI] Read 8 bytes from 0x80000ae0
# [SimX-DPI] Read 8 bytes from 0x80000ae8
# [SimX-DPI] Read 8 bytes from 0x80000af0
# [SimX-DPI] Read 8 bytes from 0x80000af8
# [SimX-DPI] Read 8 bytes from 0x80000b00
# [SimX-DPI] Read 8 bytes from 0x80000b08
# [SimX-DPI] Read 8 bytes from 0x80000b10
# [SimX-DPI] Read 8 bytes from 0x80000b18
# [SimX-DPI] Read 8 bytes from 0x80000b20
# [SimX-DPI] Read 8 bytes from 0x80000b28
# [SimX-DPI] Read 8 bytes from 0x80000b30
# [SimX-DPI] Read 8 bytes from 0x80000b38
# [SimX-DPI] Read 8 bytes from 0x80000b40
# [SimX-DPI] Read 8 bytes from 0x80000b48
# [SimX-DPI] Read 8 bytes from 0x80000b50
# [SimX-DPI] Read 8 bytes from 0x80000b58
# [SimX-DPI] Read 8 bytes from 0x80000b60
# [SimX-DPI] Read 8 bytes from 0x80000b68
# [SimX-DPI] Read 8 bytes from 0x80000b70
# [SimX-DPI] Read 8 bytes from 0x80000b78
# [SimX-DPI] Read 8 bytes from 0x80000b80
# [SimX-DPI] Read 8 bytes from 0x80000b88
# [SimX-DPI] Read 8 bytes from 0x80000b90
# [SimX-DPI] Read 8 bytes from 0x80000b98
# [SimX-DPI] Read 8 bytes from 0x80000ba0
# [SimX-DPI] Read 8 bytes from 0x80000ba8
# [SimX-DPI] Read 8 bytes from 0x80000bb0
# [SimX-DPI] Read 8 bytes from 0x80000bb8
# [SimX-DPI] Read 8 bytes from 0x80000bc0
# [SimX-DPI] Read 8 bytes from 0x80000bc8
# [SimX-DPI] Read 8 bytes from 0x80000bd0
# [SimX-DPI] Read 8 bytes from 0x80000bd8
# [SimX-DPI] Read 8 bytes from 0x80000be0
# [SimX-DPI] Read 8 bytes from 0x80000be8
# [SimX-DPI] Read 8 bytes from 0x80000bf0
# [SimX-DPI] Read 8 bytes from 0x80000bf8
# [SimX-DPI] Read 8 bytes from 0x80000c00
# [SimX-DPI] Read 8 bytes from 0x80000c08
# [SimX-DPI] Read 8 bytes from 0x80000c10
# [SimX-DPI] Read 8 bytes from 0x80000c18
# [SimX-DPI] Read 8 bytes from 0x80000c20
# [SimX-DPI] Read 8 bytes from 0x80000c28
# [SimX-DPI] Read 8 bytes from 0x80000c30
# [SimX-DPI] Read 8 bytes from 0x80000c38
# [SimX-DPI] Read 8 bytes from 0x80000c40
# [SimX-DPI] Read 8 bytes from 0x80000c48
# [SimX-DPI] Read 8 bytes from 0x80000c50
# [SimX-DPI] Read 8 bytes from 0x80000c58
# [SimX-DPI] Read 8 bytes from 0x80000c60
# [SimX-DPI] Read 8 bytes from 0x80000c68
# [SimX-DPI] Read 8 bytes from 0x80000c70
# [SimX-DPI] Read 8 bytes from 0x80000c78
# [SimX-DPI] Read 8 bytes from 0x80000c80
# [SimX-DPI] Read 8 bytes from 0x80000c88
# [SimX-DPI] Read 8 bytes from 0x80000c90
# [SimX-DPI] Read 8 bytes from 0x80000c98
# [SimX-DPI] Read 8 bytes from 0x80000ca0
# [SimX-DPI] Read 8 bytes from 0x80000ca8
# [SimX-DPI] Read 8 bytes from 0x80000cb0
# [SimX-DPI] Read 8 bytes from 0x80000cb8
# [SimX-DPI] Read 8 bytes from 0x80000cc0
# [SimX-DPI] Read 8 bytes from 0x80000cc8
# [SimX-DPI] Read 8 bytes from 0x80000cd0
# [SimX-DPI] Read 8 bytes from 0x80000cd8
# [SimX-DPI] Read 8 bytes from 0x80000ce0
# [SimX-DPI] Read 8 bytes from 0x80000ce8
# [SimX-DPI] Read 8 bytes from 0x80000cf0
# [SimX-DPI] Read 8 bytes from 0x80000cf8
# [SimX-DPI] Read 8 bytes from 0x80000d00
# [SimX-DPI] Read 8 bytes from 0x80000d08
# [SimX-DPI] Read 8 bytes from 0x80000d10
# [SimX-DPI] Read 8 bytes from 0x80000d18
# [SimX-DPI] Read 8 bytes from 0x80000d20
# [SimX-DPI] Read 8 bytes from 0x80000d28
# [SimX-DPI] Read 8 bytes from 0x80000d30
# [SimX-DPI] Read 8 bytes from 0x80000d38
# [SimX-DPI] Read 8 bytes from 0x80000d40
# [SimX-DPI] Read 8 bytes from 0x80000d48
# [SimX-DPI] Read 8 bytes from 0x80000d50
# [SimX-DPI] Read 8 bytes from 0x80000d58
# [SimX-DPI] Read 8 bytes from 0x80000d60
# [SimX-DPI] Read 8 bytes from 0x80000d68
# [SimX-DPI] Read 8 bytes from 0x80000d70
# [SimX-DPI] Read 8 bytes from 0x80000d78
# [SimX-DPI] Read 8 bytes from 0x80000d80
# [SimX-DPI] Read 8 bytes from 0x80000d88
# [SimX-DPI] Read 8 bytes from 0x80000d90
# [SimX-DPI] Read 8 bytes from 0x80000d98
# [SimX-DPI] Read 8 bytes from 0x80000da0
# [SimX-DPI] Read 8 bytes from 0x80000da8
# [SimX-DPI] Read 8 bytes from 0x80000db0
# [SimX-DPI] Read 8 bytes from 0x80000db8
# [SimX-DPI] Read 8 bytes from 0x80000dc0
# [SimX-DPI] Read 8 bytes from 0x80000dc8
# [SimX-DPI] Read 8 bytes from 0x80000dd0
# [SimX-DPI] Read 8 bytes from 0x80000dd8
# [SimX-DPI] Read 8 bytes from 0x80000de0
# [SimX-DPI] Read 8 bytes from 0x80000de8
# [SimX-DPI] Read 8 bytes from 0x80000df0
# [SimX-DPI] Read 8 bytes from 0x80000df8
# [SimX-DPI] Read 8 bytes from 0x80000e00
# [SimX-DPI] Read 8 bytes from 0x80000e08
# [SimX-DPI] Read 8 bytes from 0x80000e10
# [SimX-DPI] Read 8 bytes from 0x80000e18
# [SimX-DPI] Read 8 bytes from 0x80000e20
# [SimX-DPI] Read 8 bytes from 0x80000e28
# [SimX-DPI] Read 8 bytes from 0x80000e30
# [SimX-DPI] Read 8 bytes from 0x80000e38
# [SimX-DPI] Read 8 bytes from 0x80000e40
# [SimX-DPI] Read 8 bytes from 0x80000e48
# [SimX-DPI] Read 8 bytes from 0x80000e50
# [SimX-DPI] Read 8 bytes from 0x80000e58
# [SimX-DPI] Read 8 bytes from 0x80000e60
# [SimX-DPI] Read 8 bytes from 0x80000e68
# [SimX-DPI] Read 8 bytes from 0x80000e70
# [SimX-DPI] Read 8 bytes from 0x80000e78
# [SimX-DPI] Read 8 bytes from 0x80000e80
# [SimX-DPI] Read 8 bytes from 0x80000e88
# [SimX-DPI] Read 8 bytes from 0x80000e90
# [SimX-DPI] Read 8 bytes from 0x80000e98
# [SimX-DPI] Read 8 bytes from 0x80000ea0
# [SimX-DPI] Read 8 bytes from 0x80000ea8
# [SimX-DPI] Read 8 bytes from 0x80000eb0
# [SimX-DPI] Read 8 bytes from 0x80000eb8
# [SimX-DPI] Read 8 bytes from 0x80000ec0
# [SimX-DPI] Read 8 bytes from 0x80000ec8
# [SimX-DPI] Read 8 bytes from 0x80000ed0
# [SimX-DPI] Read 8 bytes from 0x80000ed8
# [SimX-DPI] Read 8 bytes from 0x80000ee0
# [SimX-DPI] Read 8 bytes from 0x80000ee8
# [SimX-DPI] Read 8 bytes from 0x80000ef0
# [SimX-DPI] Read 8 bytes from 0x80000ef8
# [SimX-DPI] Read 8 bytes from 0x80000f00
# [SimX-DPI] Read 8 bytes from 0x80000f08
# [SimX-DPI] Read 8 bytes from 0x80000f10
# [SimX-DPI] Read 8 bytes from 0x80000f18
# [SimX-DPI] Read 8 bytes from 0x80000f20
# [SimX-DPI] Read 8 bytes from 0x80000f28
# [SimX-DPI] Read 8 bytes from 0x80000f30
# [SimX-DPI] Read 8 bytes from 0x80000f38
# [SimX-DPI] Read 8 bytes from 0x80000f40
# [SimX-DPI] Read 8 bytes from 0x80000f48
# [SimX-DPI] Read 8 bytes from 0x80000f50
# [SimX-DPI] Read 8 bytes from 0x80000f58
# [SimX-DPI] Read 8 bytes from 0x80000f60
# [SimX-DPI] Read 8 bytes from 0x80000f68
# [SimX-DPI] Read 8 bytes from 0x80000f70
# [SimX-DPI] Read 8 bytes from 0x80000f78
# [SimX-DPI] Read 8 bytes from 0x80000f80
# [SimX-DPI] Read 8 bytes from 0x80000f88
# [SimX-DPI] Read 8 bytes from 0x80000f90
# [SimX-DPI] Read 8 bytes from 0x80000f98
# [SimX-DPI] Read 8 bytes from 0x80000fa0
# [SimX-DPI] Read 8 bytes from 0x80000fa8
# [SimX-DPI] Read 8 bytes from 0x80000fb0
# [SimX-DPI] Read 8 bytes from 0x80000fb8
# [SimX-DPI] Read 8 bytes from 0x80000fc0
# [SimX-DPI] Read 8 bytes from 0x80000fc8
# [SimX-DPI] Read 8 bytes from 0x80000fd0
# [SimX-DPI] Read 8 bytes from 0x80000fd8
# [SimX-DPI] Read 8 bytes from 0x80000fe0
# [SimX-DPI] Read 8 bytes from 0x80000fe8
# [SimX-DPI] Read 8 bytes from 0x80000ff0
# [SimX-DPI] Read 8 bytes from 0x80000ff8
# [SimX-DPI] Read 8 bytes from 0x80001000
# [SimX-DPI] Read 8 bytes from 0x80001008
# [SimX-DPI] Read 8 bytes from 0x80001010
# [SimX-DPI] Read 8 bytes from 0x80001018
# [SimX-DPI] Read 8 bytes from 0x80001020
# [SimX-DPI] Read 8 bytes from 0x80001028
# [SimX-DPI] Read 8 bytes from 0x80001030
# [SimX-DPI] Read 8 bytes from 0x80001038
# [SimX-DPI] Read 8 bytes from 0x80001040
# [SimX-DPI] Read 8 bytes from 0x80001048
# [SimX-DPI] Read 8 bytes from 0x80001050
# [SimX-DPI] Read 8 bytes from 0x80001058
# [SimX-DPI] Read 8 bytes from 0x80001060
# [SimX-DPI] Read 8 bytes from 0x80001068
# [SimX-DPI] Read 8 bytes from 0x80001070
# [SimX-DPI] Read 8 bytes from 0x80001078
# [SimX-DPI] Read 8 bytes from 0x80001080
# [SimX-DPI] Read 8 bytes from 0x80001088
# [SimX-DPI] Read 8 bytes from 0x80001090
# [SimX-DPI] Read 8 bytes from 0x80001098
# [SimX-DPI] Read 8 bytes from 0x800010a0
# [SimX-DPI] Read 8 bytes from 0x800010a8
# [SimX-DPI] Read 8 bytes from 0x800010b0
# [SimX-DPI] Read 8 bytes from 0x800010b8
# [SimX-DPI] Read 8 bytes from 0x800010c0
# [SimX-DPI] Read 8 bytes from 0x800010c8
# [SimX-DPI] Read 8 bytes from 0x800010d0
# [SimX-DPI] Read 8 bytes from 0x800010d8
# [SimX-DPI] Read 8 bytes from 0x800010e0
# [SimX-DPI] Read 8 bytes from 0x800010e8
# [SimX-DPI] Read 8 bytes from 0x800010f0
# [SimX-DPI] Read 8 bytes from 0x800010f8
# [SimX-DPI] Read 8 bytes from 0x80001100
# [SimX-DPI] Read 8 bytes from 0x80001108
# [SimX-DPI] Read 8 bytes from 0x80001110
# [SimX-DPI] Read 8 bytes from 0x80001118
# [SimX-DPI] Read 8 bytes from 0x80001120
# [SimX-DPI] Read 8 bytes from 0x80001128
# [SimX-DPI] Read 8 bytes from 0x80001130
# [SimX-DPI] Read 8 bytes from 0x80001138
# [SimX-DPI] Read 8 bytes from 0x80001140
# [SimX-DPI] Read 8 bytes from 0x80001148
# [SimX-DPI] Read 8 bytes from 0x80001150
# [SimX-DPI] Read 8 bytes from 0x80001158
# [SimX-DPI] Read 8 bytes from 0x80001160
# [SimX-DPI] Read 8 bytes from 0x80001168
# [SimX-DPI] Read 8 bytes from 0x80001170
# [SimX-DPI] Read 8 bytes from 0x80001178
# [SimX-DPI] Read 8 bytes from 0x80001180
# [SimX-DPI] Read 8 bytes from 0x80001188
# [SimX-DPI] Read 8 bytes from 0x80001190
# [SimX-DPI] Read 8 bytes from 0x80001198
# [SimX-DPI] Read 8 bytes from 0x800011a0
# [SimX-DPI] Read 8 bytes from 0x800011a8
# [SimX-DPI] Read 8 bytes from 0x800011b0
# [SimX-DPI] Read 8 bytes from 0x800011b8
# [SimX-DPI] Read 8 bytes from 0x800011c0
# [SimX-DPI] Read 8 bytes from 0x800011c8
# [SimX-DPI] Read 8 bytes from 0x800011d0
# [SimX-DPI] Read 8 bytes from 0x800011d8
# [SimX-DPI] Read 8 bytes from 0x800011e0
# [SimX-DPI] Read 8 bytes from 0x800011e8
# [SimX-DPI] Read 8 bytes from 0x800011f0
# [SimX-DPI] Read 8 bytes from 0x800011f8
# [SimX-DPI] Read 8 bytes from 0x80001200
# [SimX-DPI] Read 8 bytes from 0x80001208
# [SimX-DPI] Read 8 bytes from 0x80001210
# [SimX-DPI] Read 8 bytes from 0x80001218
# [SimX-DPI] Read 8 bytes from 0x80001220
# [SimX-DPI] Read 8 bytes from 0x80001228
# [SimX-DPI] Read 8 bytes from 0x80001230
# [SimX-DPI] Read 8 bytes from 0x80001238
# [SimX-DPI] Read 8 bytes from 0x80001240
# [SimX-DPI] Read 8 bytes from 0x80001248
# [SimX-DPI] Read 8 bytes from 0x80001250
# [SimX-DPI] Read 8 bytes from 0x80001258
# [SimX-DPI] Read 8 bytes from 0x80001260
# [SimX-DPI] Read 8 bytes from 0x80001268
# [SimX-DPI] Read 8 bytes from 0x80001270
# [SimX-DPI] Read 8 bytes from 0x80001278
# [SimX-DPI] Read 8 bytes from 0x80001280
# [SimX-DPI] Read 8 bytes from 0x80001288
# [SimX-DPI] Read 8 bytes from 0x80001290
# [SimX-DPI] Read 8 bytes from 0x80001298
# [SimX-DPI] Read 8 bytes from 0x800012a0
# [SimX-DPI] Read 8 bytes from 0x800012a8
# [SimX-DPI] Read 8 bytes from 0x800012b0
# [SimX-DPI] Read 8 bytes from 0x800012b8
# [SimX-DPI] Read 8 bytes from 0x800012c0
# [SimX-DPI] Read 8 bytes from 0x800012c8
# [SimX-DPI] Read 8 bytes from 0x800012d0
# [SimX-DPI] Read 8 bytes from 0x800012d8
# [SimX-DPI] Read 8 bytes from 0x800012e0
# [SimX-DPI] Read 8 bytes from 0x800012e8
# [SimX-DPI] Read 8 bytes from 0x800012f0
# [SimX-DPI] Read 8 bytes from 0x800012f8
# [SimX-DPI] Read 8 bytes from 0x80001300
# [SimX-DPI] Read 8 bytes from 0x80001308
# [SimX-DPI] Read 8 bytes from 0x80001310
# [SimX-DPI] Read 8 bytes from 0x80001318
# [SimX-DPI] Read 8 bytes from 0x80001320
# [SimX-DPI] Read 8 bytes from 0x80001328
# [SimX-DPI] Read 8 bytes from 0x80001330
# [SimX-DPI] Read 8 bytes from 0x80001338
# [SimX-DPI] Read 8 bytes from 0x80001340
# [SimX-DPI] Read 8 bytes from 0x80001348
# [SimX-DPI] Read 8 bytes from 0x80001350
# [SimX-DPI] Read 8 bytes from 0x80001358
# [SimX-DPI] Read 8 bytes from 0x80001360
# [SimX-DPI] Read 8 bytes from 0x80001368
# [SimX-DPI] Read 8 bytes from 0x80001370
# [SimX-DPI] Read 8 bytes from 0x80001378
# [SimX-DPI] Read 8 bytes from 0x80001380
# [SimX-DPI] Read 8 bytes from 0x80001388
# [SimX-DPI] Read 8 bytes from 0x80001390
# [SimX-DPI] Read 8 bytes from 0x80001398
# [SimX-DPI] Read 8 bytes from 0x800013a0
# [SimX-DPI] Read 8 bytes from 0x800013a8
# [SimX-DPI] Read 8 bytes from 0x800013b0
# [SimX-DPI] Read 8 bytes from 0x800013b8
# [SimX-DPI] Read 8 bytes from 0x800013c0
# [SimX-DPI] Read 8 bytes from 0x800013c8
# [SimX-DPI] Read 8 bytes from 0x800013d0
# [SimX-DPI] Read 8 bytes from 0x800013d8
# [SimX-DPI] Read 8 bytes from 0x800013e0
# [SimX-DPI] Read 8 bytes from 0x800013e8
# [SimX-DPI] Read 8 bytes from 0x800013f0
# [SimX-DPI] Read 8 bytes from 0x800013f8
# [SimX-DPI] Read 8 bytes from 0x80001400
# [SimX-DPI] Read 8 bytes from 0x80001408
# [SimX-DPI] Read 8 bytes from 0x80001410
# [SimX-DPI] Read 8 bytes from 0x80001418
# [SimX-DPI] Read 8 bytes from 0x80001420
# [SimX-DPI] Read 8 bytes from 0x80001428
# [SimX-DPI] Read 8 bytes from 0x80001430
# [SimX-DPI] Read 8 bytes from 0x80001438
# [SimX-DPI] Read 8 bytes from 0x80001440
# [SimX-DPI] Read 8 bytes from 0x80001448
# [SimX-DPI] Read 8 bytes from 0x80001450
# [SimX-DPI] Read 8 bytes from 0x80001458
# [SimX-DPI] Read 8 bytes from 0x80001460
# [SimX-DPI] Read 8 bytes from 0x80001468
# [SimX-DPI] Read 8 bytes from 0x80001470
# [SimX-DPI] Read 8 bytes from 0x80001478
# [SimX-DPI] Read 8 bytes from 0x80001480
# [SimX-DPI] Read 8 bytes from 0x80001488
# [SimX-DPI] Read 8 bytes from 0x80001490
# [SimX-DPI] Read 8 bytes from 0x80001498
# [SimX-DPI] Read 8 bytes from 0x800014a0
# [SimX-DPI] Read 8 bytes from 0x800014a8
# [SimX-DPI] Read 8 bytes from 0x800014b0
# [SimX-DPI] Read 8 bytes from 0x800014b8
# [SimX-DPI] Read 8 bytes from 0x800014c0
# [SimX-DPI] Read 8 bytes from 0x800014c8
# [SimX-DPI] Read 8 bytes from 0x800014d0
# [SimX-DPI] Read 8 bytes from 0x800014d8
# [SimX-DPI] Read 8 bytes from 0x800014e0
# [SimX-DPI] Read 8 bytes from 0x800014e8
# [SimX-DPI] Read 8 bytes from 0x800014f0
# [SimX-DPI] Read 8 bytes from 0x800014f8
# [SimX-DPI] Read 8 bytes from 0x80001500
# [SimX-DPI] Read 8 bytes from 0x80001508
# [SimX-DPI] Read 8 bytes from 0x80001510
# [SimX-DPI] Read 8 bytes from 0x80001518
# [SimX-DPI] Read 8 bytes from 0x80001520
# [SimX-DPI] Read 8 bytes from 0x80001528
# [SimX-DPI] Read 8 bytes from 0x80001530
# [SimX-DPI] Read 8 bytes from 0x80001538
# [SimX-DPI] Read 8 bytes from 0x80001540
# [SimX-DPI] Read 8 bytes from 0x80001548
# [SimX-DPI] Read 8 bytes from 0x80001550
# [SimX-DPI] Read 8 bytes from 0x80001558
# [SimX-DPI] Read 8 bytes from 0x80001560
# [SimX-DPI] Read 8 bytes from 0x80001568
# [SimX-DPI] Read 8 bytes from 0x80001570
# [SimX-DPI] Read 8 bytes from 0x80001578
# [SimX-DPI] Read 8 bytes from 0x80001580
# [SimX-DPI] Read 8 bytes from 0x80001588
# [SimX-DPI] Read 8 bytes from 0x80001590
# [SimX-DPI] Read 8 bytes from 0x80001598
# [SimX-DPI] Read 8 bytes from 0x800015a0
# [SimX-DPI] Read 8 bytes from 0x800015a8
# [SimX-DPI] Read 8 bytes from 0x800015b0
# [SimX-DPI] Read 8 bytes from 0x800015b8
# [SimX-DPI] Read 8 bytes from 0x800015c0
# [SimX-DPI] Read 8 bytes from 0x800015c8
# [SimX-DPI] Read 8 bytes from 0x800015d0
# [SimX-DPI] Read 8 bytes from 0x800015d8
# [SimX-DPI] Read 8 bytes from 0x800015e0
# [SimX-DPI] Read 8 bytes from 0x800015e8
# [SimX-DPI] Read 8 bytes from 0x800015f0
# [SimX-DPI] Read 8 bytes from 0x800015f8
# [SimX-DPI] Read 8 bytes from 0x80001600
# [SimX-DPI] Read 8 bytes from 0x80001608
# [SimX-DPI] Read 8 bytes from 0x80001610
# [SimX-DPI] Read 8 bytes from 0x80001618
# [SimX-DPI] Read 8 bytes from 0x80001620
# [SimX-DPI] Read 8 bytes from 0x80001628
# [SimX-DPI] Read 8 bytes from 0x80001630
# [SimX-DPI] Read 8 bytes from 0x80001638
# [SimX-DPI] Read 8 bytes from 0x80001640
# [SimX-DPI] Read 8 bytes from 0x80001648
# [SimX-DPI] Read 8 bytes from 0x80001650
# [SimX-DPI] Read 8 bytes from 0x80001658
# [SimX-DPI] Read 8 bytes from 0x80001660
# [SimX-DPI] Read 8 bytes from 0x80001668
# [SimX-DPI] Read 8 bytes from 0x80001670
# [SimX-DPI] Read 8 bytes from 0x80001678
# [SimX-DPI] Read 8 bytes from 0x80001680
# [SimX-DPI] Read 8 bytes from 0x80001688
# [SimX-DPI] Read 8 bytes from 0x80001690
# [SimX-DPI] Read 8 bytes from 0x80001698
# [SimX-DPI] Read 8 bytes from 0x800016a0
# [SimX-DPI] Read 8 bytes from 0x800016a8
# [SimX-DPI] Read 8 bytes from 0x800016b0
# [SimX-DPI] Read 8 bytes from 0x800016b8
# [SimX-DPI] Read 8 bytes from 0x800016c0
# [SimX-DPI] Read 8 bytes from 0x800016c8
# [SimX-DPI] Read 8 bytes from 0x800016d0
# [SimX-DPI] Read 8 bytes from 0x800016d8
# [SimX-DPI] Read 8 bytes from 0x800016e0
# [SimX-DPI] Read 8 bytes from 0x800016e8
# [SimX-DPI] Read 8 bytes from 0x800016f0
# [SimX-DPI] Read 8 bytes from 0x800016f8
# [SimX-DPI] Read 8 bytes from 0x80001700
# [SimX-DPI] Read 8 bytes from 0x80001708
# [SimX-DPI] Read 8 bytes from 0x80001710
# [SimX-DPI] Read 8 bytes from 0x80001718
# [SimX-DPI] Read 8 bytes from 0x80001720
# [SimX-DPI] Read 8 bytes from 0x80001728
# [SimX-DPI] Read 8 bytes from 0x80001730
# [SimX-DPI] Read 8 bytes from 0x80001738
# [SimX-DPI] Read 8 bytes from 0x80001740
# [SimX-DPI] Read 8 bytes from 0x80001748
# [SimX-DPI] Read 8 bytes from 0x80001750
# [SimX-DPI] Read 8 bytes from 0x80001758
# [SimX-DPI] Read 8 bytes from 0x80001760
# [SimX-DPI] Read 8 bytes from 0x80001768
# [SimX-DPI] Read 8 bytes from 0x80001770
# [SimX-DPI] Read 8 bytes from 0x80001778
# [SimX-DPI] Read 8 bytes from 0x80001780
# [SimX-DPI] Read 8 bytes from 0x80001788
# [SimX-DPI] Read 8 bytes from 0x80001790
# [SimX-DPI] Read 8 bytes from 0x80001798
# [SimX-DPI] Read 8 bytes from 0x800017a0
# [SimX-DPI] Read 8 bytes from 0x800017a8
# [SimX-DPI] Read 8 bytes from 0x800017b0
# [SimX-DPI] Read 8 bytes from 0x800017b8
# [SimX-DPI] Read 8 bytes from 0x800017c0
# [SimX-DPI] Read 8 bytes from 0x800017c8
# [SimX-DPI] Read 8 bytes from 0x800017d0
# [SimX-DPI] Read 8 bytes from 0x800017d8
# [SimX-DPI] Read 8 bytes from 0x800017e0
# [SimX-DPI] Read 8 bytes from 0x800017e8
# [SimX-DPI] Read 8 bytes from 0x800017f0
# [SimX-DPI] Read 8 bytes from 0x800017f8
# [SimX-DPI] Read 8 bytes from 0x80001800
# [SimX-DPI] Read 8 bytes from 0x80001808
# [SimX-DPI] Read 8 bytes from 0x80001810
# [SimX-DPI] Read 8 bytes from 0x80001818
# [SimX-DPI] Read 8 bytes from 0x80001820
# [SimX-DPI] Read 8 bytes from 0x80001828
# [SimX-DPI] Read 8 bytes from 0x80001830
# [SimX-DPI] Read 8 bytes from 0x80001838
# [SimX-DPI] Read 8 bytes from 0x80001840
# [SimX-DPI] Read 8 bytes from 0x80001848
# [SimX-DPI] Read 8 bytes from 0x80001850
# [SimX-DPI] Read 8 bytes from 0x80001858
# [SimX-DPI] Read 8 bytes from 0x80001860
# [SimX-DPI] Read 8 bytes from 0x80001868
# [SimX-DPI] Read 8 bytes from 0x80001870
# [SimX-DPI] Read 8 bytes from 0x80001878
# [SimX-DPI] Read 8 bytes from 0x80001880
# [SimX-DPI] Read 8 bytes from 0x80001888
# [SimX-DPI] Read 8 bytes from 0x80001890
# [SimX-DPI] Read 8 bytes from 0x80001898
# [SimX-DPI] Read 8 bytes from 0x800018a0
# [SimX-DPI] Read 8 bytes from 0x800018a8
# [SimX-DPI] Read 8 bytes from 0x800018b0
# [SimX-DPI] Read 8 bytes from 0x800018b8
# [SimX-DPI] Read 8 bytes from 0x800018c0
# [SimX-DPI] Read 8 bytes from 0x800018c8
# [SimX-DPI] Read 8 bytes from 0x800018d0
# [SimX-DPI] Read 8 bytes from 0x800018d8
# [SimX-DPI] Read 8 bytes from 0x800018e0
# [SimX-DPI] Read 8 bytes from 0x800018e8
# [SimX-DPI] Read 8 bytes from 0x800018f0
# [SimX-DPI] Read 8 bytes from 0x800018f8
# [SimX-DPI] Read 8 bytes from 0x80001900
# [SimX-DPI] Read 8 bytes from 0x80001908
# [SimX-DPI] Read 8 bytes from 0x80001910
# [SimX-DPI] Read 8 bytes from 0x80001918
# [SimX-DPI] Read 8 bytes from 0x80001920
# [SimX-DPI] Read 8 bytes from 0x80001928
# [SimX-DPI] Read 8 bytes from 0x80001930
# [SimX-DPI] Read 8 bytes from 0x80001938
# [SimX-DPI] Read 8 bytes from 0x80001940
# [SimX-DPI] Read 8 bytes from 0x80001948
# [SimX-DPI] Read 8 bytes from 0x80001950
# [SimX-DPI] Read 8 bytes from 0x80001958
# [SimX-DPI] Read 8 bytes from 0x80001960
# [SimX-DPI] Read 8 bytes from 0x80001968
# [SimX-DPI] Read 8 bytes from 0x80001970
# [SimX-DPI] Read 8 bytes from 0x80001978
# [SimX-DPI] Read 8 bytes from 0x80001980
# [SimX-DPI] Read 8 bytes from 0x80001988
# [SimX-DPI] Read 8 bytes from 0x80001990
# [SimX-DPI] Read 8 bytes from 0x80001998
# [SimX-DPI] Read 8 bytes from 0x800019a0
# [SimX-DPI] Read 8 bytes from 0x800019a8
# [SimX-DPI] Read 8 bytes from 0x800019b0
# [SimX-DPI] Read 8 bytes from 0x800019b8
# [SimX-DPI] Read 8 bytes from 0x800019c0
# [SimX-DPI] Read 8 bytes from 0x800019c8
# [SimX-DPI] Read 8 bytes from 0x800019d0
# [SimX-DPI] Read 8 bytes from 0x800019d8
# [SimX-DPI] Read 8 bytes from 0x800019e0
# [SimX-DPI] Read 8 bytes from 0x800019e8
# [SimX-DPI] Read 8 bytes from 0x800019f0
# [SimX-DPI] Read 8 bytes from 0x800019f8
# [SimX-DPI] Read 8 bytes from 0x80001a00
# [SimX-DPI] Read 8 bytes from 0x80001a08
# [SimX-DPI] Read 8 bytes from 0x80001a10
# [SimX-DPI] Read 8 bytes from 0x80001a18
# [SimX-DPI] Read 8 bytes from 0x80001a20
# [SimX-DPI] Read 8 bytes from 0x80001a28
# [SimX-DPI] Read 8 bytes from 0x80001a30
# [SimX-DPI] Read 8 bytes from 0x80001a38
# [SimX-DPI] Read 8 bytes from 0x80001a40
# [SimX-DPI] Read 8 bytes from 0x80001a48
# [SimX-DPI] Read 8 bytes from 0x80001a50
# [SimX-DPI] Read 8 bytes from 0x80001a58
# [SimX-DPI] Read 8 bytes from 0x80001a60
# [SimX-DPI] Read 8 bytes from 0x80001a68
# [SimX-DPI] Read 8 bytes from 0x80001a70
# [SimX-DPI] Read 8 bytes from 0x80001a78
# [SimX-DPI] Read 8 bytes from 0x80001a80
# [SimX-DPI] Read 8 bytes from 0x80001a88
# [SimX-DPI] Read 8 bytes from 0x80001a90
# [SimX-DPI] Read 8 bytes from 0x80001a98
# [SimX-DPI] Read 8 bytes from 0x80001aa0
# [SimX-DPI] Read 8 bytes from 0x80001aa8
# [SimX-DPI] Read 8 bytes from 0x80001ab0
# [SimX-DPI] Read 8 bytes from 0x80001ab8
# [SimX-DPI] Read 8 bytes from 0x80001ac0
# [SimX-DPI] Read 8 bytes from 0x80001ac8
# [SimX-DPI] Read 8 bytes from 0x80001ad0
# [SimX-DPI] Read 8 bytes from 0x80001ad8
# [SimX-DPI] Read 8 bytes from 0x80001ae0
# [SimX-DPI] Read 8 bytes from 0x80001ae8
# [SimX-DPI] Read 8 bytes from 0x80001af0
# [SimX-DPI] Read 8 bytes from 0x80001af8
# [SimX-DPI] Read 8 bytes from 0x80001b00
# [SimX-DPI] Read 8 bytes from 0x80001b08
# [SimX-DPI] Read 8 bytes from 0x80001b10
# [SimX-DPI] Read 8 bytes from 0x80001b18
# [SimX-DPI] Read 8 bytes from 0x80001b20
# [SimX-DPI] Read 8 bytes from 0x80001b28
# [SimX-DPI] Read 8 bytes from 0x80001b30
# [SimX-DPI] Read 8 bytes from 0x80001b38
# [SimX-DPI] Read 8 bytes from 0x80001b40
# [SimX-DPI] Read 8 bytes from 0x80001b48
# [SimX-DPI] Read 8 bytes from 0x80001b50
# [SimX-DPI] Read 8 bytes from 0x80001b58
# [SimX-DPI] Read 8 bytes from 0x80001b60
# [SimX-DPI] Read 8 bytes from 0x80001b68
# [SimX-DPI] Read 8 bytes from 0x80001b70
# [SimX-DPI] Read 8 bytes from 0x80001b78
# [SimX-DPI] Read 8 bytes from 0x80001b80
# [SimX-DPI] Read 8 bytes from 0x80001b88
# [SimX-DPI] Read 8 bytes from 0x80001b90
# [SimX-DPI] Read 8 bytes from 0x80001b98
# [SimX-DPI] Read 8 bytes from 0x80001ba0
# [SimX-DPI] Read 8 bytes from 0x80001ba8
# [SimX-DPI] Read 8 bytes from 0x80001bb0
# [SimX-DPI] Read 8 bytes from 0x80001bb8
# [SimX-DPI] Read 8 bytes from 0x80001bc0
# [SimX-DPI] Read 8 bytes from 0x80001bc8
# [SimX-DPI] Read 8 bytes from 0x80001bd0
# [SimX-DPI] Read 8 bytes from 0x80001bd8
# [SimX-DPI] Read 8 bytes from 0x80001be0
# [SimX-DPI] Read 8 bytes from 0x80001be8
# [SimX-DPI] Read 8 bytes from 0x80001bf0
# [SimX-DPI] Read 8 bytes from 0x80001bf8
# [SimX-DPI] Read 8 bytes from 0x80001c00
# [SimX-DPI] Read 8 bytes from 0x80001c08
# [SimX-DPI] Read 8 bytes from 0x80001c10
# [SimX-DPI] Read 8 bytes from 0x80001c18
# [SimX-DPI] Read 8 bytes from 0x80001c20
# [SimX-DPI] Read 8 bytes from 0x80001c28
# [SimX-DPI] Read 8 bytes from 0x80001c30
# [SimX-DPI] Read 8 bytes from 0x80001c38
# [SimX-DPI] Read 8 bytes from 0x80001c40
# [SimX-DPI] Read 8 bytes from 0x80001c48
# [SimX-DPI] Read 8 bytes from 0x80001c50
# [SimX-DPI] Read 8 bytes from 0x80001c58
# [SimX-DPI] Read 8 bytes from 0x80001c60
# [SimX-DPI] Read 8 bytes from 0x80001c68
# [SimX-DPI] Read 8 bytes from 0x80001c70
# [SimX-DPI] Read 8 bytes from 0x80001c78
# [SimX-DPI] Read 8 bytes from 0x80001c80
# [SimX-DPI] Read 8 bytes from 0x80001c88
# [SimX-DPI] Read 8 bytes from 0x80001c90
# [SimX-DPI] Read 8 bytes from 0x80001c98
# [SimX-DPI] Read 8 bytes from 0x80001ca0
# [SimX-DPI] Read 8 bytes from 0x80001ca8
# [SimX-DPI] Read 8 bytes from 0x80001cb0
# [SimX-DPI] Read 8 bytes from 0x80001cb8
# [SimX-DPI] Read 8 bytes from 0x80001cc0
# [SimX-DPI] Read 8 bytes from 0x80001cc8
# [SimX-DPI] Read 8 bytes from 0x80001cd0
# [SimX-DPI] Read 8 bytes from 0x80001cd8
# [SimX-DPI] Read 8 bytes from 0x80001ce0
# [SimX-DPI] Read 8 bytes from 0x80001ce8
# [SimX-DPI] Read 8 bytes from 0x80001cf0
# [SimX-DPI] Read 8 bytes from 0x80001cf8
# [SimX-DPI] Read 8 bytes from 0x80001d00
# [SimX-DPI] Read 8 bytes from 0x80001d08
# [SimX-DPI] Read 8 bytes from 0x80001d10
# [SimX-DPI] Read 8 bytes from 0x80001d18
# [SimX-DPI] Read 8 bytes from 0x80001d20
# [SimX-DPI] Read 8 bytes from 0x80001d28
# [SimX-DPI] Read 8 bytes from 0x80001d30
# [SimX-DPI] Read 8 bytes from 0x80001d38
# [SimX-DPI] Read 8 bytes from 0x80001d40
# [SimX-DPI] Read 8 bytes from 0x80001d48
# [SimX-DPI] Read 8 bytes from 0x80001d50
# [SimX-DPI] Read 8 bytes from 0x80001d58
# [SimX-DPI] Read 8 bytes from 0x80001d60
# [SimX-DPI] Read 8 bytes from 0x80001d68
# [SimX-DPI] Read 8 bytes from 0x80001d70
# [SimX-DPI] Read 8 bytes from 0x80001d78
# [SimX-DPI] Read 8 bytes from 0x80001d80
# [SimX-DPI] Read 8 bytes from 0x80001d88
# [SimX-DPI] Read 8 bytes from 0x80001d90
# [SimX-DPI] Read 8 bytes from 0x80001d98
# [SimX-DPI] Read 8 bytes from 0x80001da0
# [SimX-DPI] Read 8 bytes from 0x80001da8
# [SimX-DPI] Read 8 bytes from 0x80001db0
# [SimX-DPI] Read 8 bytes from 0x80001db8
# [SimX-DPI] Read 8 bytes from 0x80001dc0
# [SimX-DPI] Read 8 bytes from 0x80001dc8
# [SimX-DPI] Read 8 bytes from 0x80001dd0
# [SimX-DPI] Read 8 bytes from 0x80001dd8
# [SimX-DPI] Read 8 bytes from 0x80001de0
# [SimX-DPI] Read 8 bytes from 0x80001de8
# [SimX-DPI] Read 8 bytes from 0x80001df0
# [SimX-DPI] Read 8 bytes from 0x80001df8
# [SimX-DPI] Read 8 bytes from 0x80001e00
# [SimX-DPI] Read 8 bytes from 0x80001e08
# [SimX-DPI] Read 8 bytes from 0x80001e10
# [SimX-DPI] Read 8 bytes from 0x80001e18
# [SimX-DPI] Read 8 bytes from 0x80001e20
# [SimX-DPI] Read 8 bytes from 0x80001e28
# [SimX-DPI] Read 8 bytes from 0x80001e30
# [SimX-DPI] Read 8 bytes from 0x80001e38
# [SimX-DPI] Read 8 bytes from 0x80001e40
# [SimX-DPI] Read 8 bytes from 0x80001e48
# [SimX-DPI] Read 8 bytes from 0x80001e50
# [SimX-DPI] Read 8 bytes from 0x80001e58
# [SimX-DPI] Read 8 bytes from 0x80001e60
# [SimX-DPI] Read 8 bytes from 0x80001e68
# [SimX-DPI] Read 8 bytes from 0x80001e70
# [SimX-DPI] Read 8 bytes from 0x80001e78
# [SimX-DPI] Read 8 bytes from 0x80001e80
# [SimX-DPI] Read 8 bytes from 0x80001e88
# [SimX-DPI] Read 8 bytes from 0x80001e90
# [SimX-DPI] Read 8 bytes from 0x80001e98
# [SimX-DPI] Read 8 bytes from 0x80001ea0
# [SimX-DPI] Read 8 bytes from 0x80001ea8
# [SimX-DPI] Read 8 bytes from 0x80001eb0
# [SimX-DPI] Read 8 bytes from 0x80001eb8
# [SimX-DPI] Read 8 bytes from 0x80001ec0
# [SimX-DPI] Read 8 bytes from 0x80001ec8
# [SimX-DPI] Read 8 bytes from 0x80001ed0
# [SimX-DPI] Read 8 bytes from 0x80001ed8
# [SimX-DPI] Read 8 bytes from 0x80001ee0
# [SimX-DPI] Read 8 bytes from 0x80001ee8
# [SimX-DPI] Read 8 bytes from 0x80001ef0
# [SimX-DPI] Read 8 bytes from 0x80001ef8
# [SimX-DPI] Read 8 bytes from 0x80001f00
# [SimX-DPI] Read 8 bytes from 0x80001f08
# [SimX-DPI] Read 8 bytes from 0x80001f10
# [SimX-DPI] Read 8 bytes from 0x80001f18
# [SimX-DPI] Read 8 bytes from 0x80001f20
# [SimX-DPI] Read 8 bytes from 0x80001f28
# [SimX-DPI] Read 8 bytes from 0x80001f30
# [SimX-DPI] Read 8 bytes from 0x80001f38
# [SimX-DPI] Read 8 bytes from 0x80001f40
# [SimX-DPI] Read 8 bytes from 0x80001f48
# [SimX-DPI] Read 8 bytes from 0x80001f50
# [SimX-DPI] Read 8 bytes from 0x80001f58
# [SimX-DPI] Read 8 bytes from 0x80001f60
# [SimX-DPI] Read 8 bytes from 0x80001f68
# [SimX-DPI] Read 8 bytes from 0x80001f70
# [SimX-DPI] Read 8 bytes from 0x80001f78
# [SimX-DPI] Read 8 bytes from 0x80001f80
# [SimX-DPI] Read 8 bytes from 0x80001f88
# [SimX-DPI] Read 8 bytes from 0x80001f90
# [SimX-DPI] Read 8 bytes from 0x80001f98
# [SimX-DPI] Read 8 bytes from 0x80001fa0
# [SimX-DPI] Read 8 bytes from 0x80001fa8
# [SimX-DPI] Read 8 bytes from 0x80001fb0
# [SimX-DPI] Read 8 bytes from 0x80001fb8
# [SimX-DPI] Read 8 bytes from 0x80001fc0
# [SimX-DPI] Read 8 bytes from 0x80001fc8
# [SimX-DPI] Read 8 bytes from 0x80001fd0
# [SimX-DPI] Read 8 bytes from 0x80001fd8
# [SimX-DPI] Read 8 bytes from 0x80001fe0
# [SimX-DPI] Read 8 bytes from 0x80001fe8
# [SimX-DPI] Read 8 bytes from 0x80001ff0
# [SimX-DPI] Read 8 bytes from 0x80001ff8
# [SimX-DPI] Read 8 bytes from 0x80002000
# [SimX-DPI] Read 8 bytes from 0x80002008
# [SimX-DPI] Read 8 bytes from 0x80002010
# [SimX-DPI] Read 8 bytes from 0x80002018
# [SimX-DPI] Read 8 bytes from 0x80002020
# [SimX-DPI] Read 8 bytes from 0x80002028
# [SimX-DPI] Read 8 bytes from 0x80002030
# [SimX-DPI] Read 8 bytes from 0x80002038
# [SimX-DPI] Read 8 bytes from 0x80002040
# [SimX-DPI] Read 8 bytes from 0x80002048
# [SimX-DPI] Read 8 bytes from 0x80002050
# [SimX-DPI] Read 8 bytes from 0x80002058
# [SimX-DPI] Read 8 bytes from 0x80002060
# [SimX-DPI] Read 8 bytes from 0x80002068
# [SimX-DPI] Read 8 bytes from 0x80002070
# [SimX-DPI] Read 8 bytes from 0x80002078
# [SimX-DPI] Read 8 bytes from 0x80002080
# [SimX-DPI] Read 8 bytes from 0x80002088
# [SimX-DPI] Read 8 bytes from 0x80002090
# [SimX-DPI] Read 8 bytes from 0x80002098
# [SimX-DPI] Read 8 bytes from 0x800020a0
# [SimX-DPI] Read 8 bytes from 0x800020a8
# [SimX-DPI] Read 8 bytes from 0x800020b0
# [SimX-DPI] Read 8 bytes from 0x800020b8
# [SimX-DPI] Read 8 bytes from 0x800020c0
# [SimX-DPI] Read 8 bytes from 0x800020c8
# [SimX-DPI] Read 8 bytes from 0x800020d0
# [SimX-DPI] Read 8 bytes from 0x800020d8
# [SimX-DPI] Read 8 bytes from 0x800020e0
# [SimX-DPI] Read 8 bytes from 0x800020e8
# [SimX-DPI] Read 8 bytes from 0x800020f0
# [SimX-DPI] Read 8 bytes from 0x800020f8
# [SimX-DPI] Read 8 bytes from 0x80002100
# [SimX-DPI] Read 8 bytes from 0x80002108
# [SimX-DPI] Read 8 bytes from 0x80002110
# [SimX-DPI] Read 8 bytes from 0x80002118
# [SimX-DPI] Read 8 bytes from 0x80002120
# [SimX-DPI] Read 8 bytes from 0x80002128
# [SimX-DPI] Read 8 bytes from 0x80002130
# [SimX-DPI] Read 8 bytes from 0x80002138
# [SimX-DPI] Read 8 bytes from 0x80002140
# [SimX-DPI] Read 8 bytes from 0x80002148
# [SimX-DPI] Read 8 bytes from 0x80002150
# [SimX-DPI] Read 8 bytes from 0x80002158
# [SimX-DPI] Read 8 bytes from 0x80002160
# [SimX-DPI] Read 8 bytes from 0x80002168
# [SimX-DPI] Read 8 bytes from 0x80002170
# [SimX-DPI] Read 8 bytes from 0x80002178
# [SimX-DPI] Read 8 bytes from 0x80002180
# [SimX-DPI] Read 8 bytes from 0x80002188
# [SimX-DPI] Read 8 bytes from 0x80002190
# [SimX-DPI] Read 8 bytes from 0x80002198
# [SimX-DPI] Read 8 bytes from 0x800021a0
# [SimX-DPI] Read 8 bytes from 0x800021a8
# [SimX-DPI] Read 8 bytes from 0x800021b0
# [SimX-DPI] Read 8 bytes from 0x800021b8
# [SimX-DPI] Read 8 bytes from 0x800021c0
# [SimX-DPI] Read 8 bytes from 0x800021c8
# [SimX-DPI] Read 8 bytes from 0x800021d0
# [SimX-DPI] Read 8 bytes from 0x800021d8
# [SimX-DPI] Read 8 bytes from 0x800021e0
# [SimX-DPI] Read 8 bytes from 0x800021e8
# [SimX-DPI] Read 8 bytes from 0x800021f0
# [SimX-DPI] Read 8 bytes from 0x800021f8
# [SimX-DPI] Read 8 bytes from 0x80002200
# [SimX-DPI] Read 8 bytes from 0x80002208
# [SimX-DPI] Read 8 bytes from 0x80002210
# [SimX-DPI] Read 8 bytes from 0x80002218
# [SimX-DPI] Read 8 bytes from 0x80002220
# [SimX-DPI] Read 8 bytes from 0x80002228
# [SimX-DPI] Read 8 bytes from 0x80002230
# [SimX-DPI] Read 8 bytes from 0x80002238
# [SimX-DPI] Read 8 bytes from 0x80002240
# [SimX-DPI] Read 8 bytes from 0x80002248
# [SimX-DPI] Read 8 bytes from 0x80002250
# [SimX-DPI] Read 8 bytes from 0x80002258
# [SimX-DPI] Read 8 bytes from 0x80002260
# [SimX-DPI] Read 8 bytes from 0x80002268
# [SimX-DPI] Read 8 bytes from 0x80002270
# [SimX-DPI] Read 8 bytes from 0x80002278
# [SimX-DPI] Read 8 bytes from 0x80002280
# [SimX-DPI] Read 8 bytes from 0x80002288
# [SimX-DPI] Read 8 bytes from 0x80002290
# [SimX-DPI] Read 8 bytes from 0x80002298
# [SimX-DPI] Read 8 bytes from 0x800022a0
# [SimX-DPI] Read 8 bytes from 0x800022a8
# [SimX-DPI] Read 8 bytes from 0x800022b0
# [SimX-DPI] Read 8 bytes from 0x800022b8
# [SimX-DPI] Read 8 bytes from 0x800022c0
# [SimX-DPI] Read 8 bytes from 0x800022c8
# [SimX-DPI] Read 8 bytes from 0x800022d0
# [SimX-DPI] Read 8 bytes from 0x800022d8
# [SimX-DPI] Read 8 bytes from 0x800022e0
# [SimX-DPI] Read 8 bytes from 0x800022e8
# [SimX-DPI] Read 8 bytes from 0x800022f0
# [SimX-DPI] Read 8 bytes from 0x800022f8
# [SimX-DPI] Read 8 bytes from 0x80002300
# [SimX-DPI] Read 8 bytes from 0x80002308
# [SimX-DPI] Read 8 bytes from 0x80002310
# [SimX-DPI] Read 8 bytes from 0x80002318
# [SimX-DPI] Read 8 bytes from 0x80002320
# [SimX-DPI] Read 8 bytes from 0x80002328
# [SimX-DPI] Read 8 bytes from 0x80002330
# [SimX-DPI] Read 8 bytes from 0x80002338
# [SimX-DPI] Read 8 bytes from 0x80002340
# [SimX-DPI] Read 8 bytes from 0x80002348
# [SimX-DPI] Read 8 bytes from 0x80002350
# [SimX-DPI] Read 8 bytes from 0x80002358
# [SimX-DPI] Read 8 bytes from 0x80002360
# [SimX-DPI] Read 8 bytes from 0x80002368
# [SimX-DPI] Read 8 bytes from 0x80002370
# [SimX-DPI] Read 8 bytes from 0x80002378
# [SimX-DPI] Read 8 bytes from 0x80002380
# [SimX-DPI] Read 8 bytes from 0x80002388
# [SimX-DPI] Read 8 bytes from 0x80002390
# [SimX-DPI] Read 8 bytes from 0x80002398
# [SimX-DPI] Read 8 bytes from 0x800023a0
# [SimX-DPI] Read 8 bytes from 0x800023a8
# [SimX-DPI] Read 8 bytes from 0x800023b0
# [SimX-DPI] Read 8 bytes from 0x800023b8
# [SimX-DPI] Read 8 bytes from 0x800023c0
# [SimX-DPI] Read 8 bytes from 0x800023c8
# [SimX-DPI] Read 8 bytes from 0x800023d0
# [SimX-DPI] Read 8 bytes from 0x800023d8
# [SimX-DPI] Read 8 bytes from 0x800023e0
# [SimX-DPI] Read 8 bytes from 0x800023e8
# [SimX-DPI] Read 8 bytes from 0x800023f0
# [SimX-DPI] Read 8 bytes from 0x800023f8
# [SimX-DPI] Read 8 bytes from 0x80002400
# [SimX-DPI] Read 8 bytes from 0x80002408
# [SimX-DPI] Read 8 bytes from 0x80002410
# [SimX-DPI] Read 8 bytes from 0x80002418
# [SimX-DPI] Read 8 bytes from 0x80002420
# [SimX-DPI] Read 8 bytes from 0x80002428
# [SimX-DPI] Read 8 bytes from 0x80002430
# [SimX-DPI] Read 8 bytes from 0x80002438
# [SimX-DPI] Read 8 bytes from 0x80002440
# [SimX-DPI] Read 8 bytes from 0x80002448
# [SimX-DPI] Read 8 bytes from 0x80002450
# [SimX-DPI] Read 8 bytes from 0x80002458
# [SimX-DPI] Read 8 bytes from 0x80002460
# [SimX-DPI] Read 8 bytes from 0x80002468
# [SimX-DPI] Read 8 bytes from 0x80002470
# [SimX-DPI] Read 8 bytes from 0x80002478
# [SimX-DPI] Read 8 bytes from 0x80002480
# [SimX-DPI] Read 8 bytes from 0x80002488
# [SimX-DPI] Read 8 bytes from 0x80002490
# [SimX-DPI] Read 8 bytes from 0x80002498
# [SimX-DPI] Read 8 bytes from 0x800024a0
# [SimX-DPI] Read 8 bytes from 0x800024a8
# [SimX-DPI] Read 8 bytes from 0x800024b0
# [SimX-DPI] Read 8 bytes from 0x800024b8
# [SimX-DPI] Read 8 bytes from 0x800024c0
# [SimX-DPI] Read 8 bytes from 0x800024c8
# [SimX-DPI] Read 8 bytes from 0x800024d0
# [SimX-DPI] Read 8 bytes from 0x800024d8
# [SimX-DPI] Read 8 bytes from 0x800024e0
# [SimX-DPI] Read 8 bytes from 0x800024e8
# [SimX-DPI] Read 8 bytes from 0x800024f0
# [SimX-DPI] Read 8 bytes from 0x800024f8
# [SimX-DPI] Read 8 bytes from 0x80002500
# [SimX-DPI] Read 8 bytes from 0x80002508
# [SimX-DPI] Read 8 bytes from 0x80002510
# [SimX-DPI] Read 8 bytes from 0x80002518
# [SimX-DPI] Read 8 bytes from 0x80002520
# [SimX-DPI] Read 8 bytes from 0x80002528
# [SimX-DPI] Read 8 bytes from 0x80002530
# [SimX-DPI] Read 8 bytes from 0x80002538
# [SimX-DPI] Read 8 bytes from 0x80002540
# [SimX-DPI] Read 8 bytes from 0x80002548
# [SimX-DPI] Read 8 bytes from 0x80002550
# [SimX-DPI] Read 8 bytes from 0x80002558
# [SimX-DPI] Read 8 bytes from 0x80002560
# [SimX-DPI] Read 8 bytes from 0x80002568
# [SimX-DPI] Read 8 bytes from 0x80002570
# [SimX-DPI] Read 8 bytes from 0x80002578
# [SimX-DPI] Read 8 bytes from 0x80002580
# [SimX-DPI] Read 8 bytes from 0x80002588
# [SimX-DPI] Read 8 bytes from 0x80002590
# [SimX-DPI] Read 8 bytes from 0x80002598
# [SimX-DPI] Read 8 bytes from 0x800025a0
# [SimX-DPI] Read 8 bytes from 0x800025a8
# [SimX-DPI] Read 8 bytes from 0x800025b0
# [SimX-DPI] Read 8 bytes from 0x800025b8
# [SimX-DPI] Read 8 bytes from 0x800025c0
# [SimX-DPI] Read 8 bytes from 0x800025c8
# [SimX-DPI] Read 8 bytes from 0x800025d0
# [SimX-DPI] Read 8 bytes from 0x800025d8
# [SimX-DPI] Read 8 bytes from 0x800025e0
# [SimX-DPI] Read 8 bytes from 0x800025e8
# [SimX-DPI] Read 8 bytes from 0x800025f0
# [SimX-DPI] Read 8 bytes from 0x800025f8
# [SimX-DPI] Read 8 bytes from 0x80002600
# [SimX-DPI] Read 8 bytes from 0x80002608
# [SimX-DPI] Read 8 bytes from 0x80002610
# [SimX-DPI] Read 8 bytes from 0x80002618
# [SimX-DPI] Read 8 bytes from 0x80002620
# [SimX-DPI] Read 8 bytes from 0x80002628
# [SimX-DPI] Read 8 bytes from 0x80002630
# [SimX-DPI] Read 8 bytes from 0x80002638
# [SimX-DPI] Read 8 bytes from 0x80002640
# [SimX-DPI] Read 8 bytes from 0x80002648
# [SimX-DPI] Read 8 bytes from 0x80002650
# [SimX-DPI] Read 8 bytes from 0x80002658
# [SimX-DPI] Read 8 bytes from 0x80002660
# [SimX-DPI] Read 8 bytes from 0x80002668
# [SimX-DPI] Read 8 bytes from 0x80002670
# [SimX-DPI] Read 8 bytes from 0x80002678
# [SimX-DPI] Read 8 bytes from 0x80002680
# [SimX-DPI] Read 8 bytes from 0x80002688
# [SimX-DPI] Read 8 bytes from 0x80002690
# [SimX-DPI] Read 8 bytes from 0x80002698
# [SimX-DPI] Read 8 bytes from 0x800026a0
# [SimX-DPI] Read 8 bytes from 0x800026a8
# [SimX-DPI] Read 8 bytes from 0x800026b0
# [SimX-DPI] Read 8 bytes from 0x800026b8
# [SimX-DPI] Read 8 bytes from 0x800026c0
# [SimX-DPI] Read 8 bytes from 0x800026c8
# [SimX-DPI] Read 8 bytes from 0x800026d0
# [SimX-DPI] Read 8 bytes from 0x800026d8
# [SimX-DPI] Read 8 bytes from 0x800026e0
# [SimX-DPI] Read 8 bytes from 0x800026e8
# [SimX-DPI] Read 8 bytes from 0x800026f0
# [SimX-DPI] Read 8 bytes from 0x800026f8
# [SimX-DPI] Read 8 bytes from 0x80002700
# [SimX-DPI] Read 8 bytes from 0x80002708
# [SimX-DPI] Read 8 bytes from 0x80002710
# [SimX-DPI] Read 8 bytes from 0x80002718
# [SimX-DPI] Read 8 bytes from 0x80002720
# [SimX-DPI] Read 8 bytes from 0x80002728
# [SimX-DPI] Read 8 bytes from 0x80002730
# [SimX-DPI] Read 8 bytes from 0x80002738
# [SimX-DPI] Read 8 bytes from 0x80002740
# [SimX-DPI] Read 8 bytes from 0x80002748
# [SimX-DPI] Read 8 bytes from 0x80002750
# [SimX-DPI] Read 8 bytes from 0x80002758
# [SimX-DPI] Read 8 bytes from 0x80002760
# [SimX-DPI] Read 8 bytes from 0x80002768
# [SimX-DPI] Read 8 bytes from 0x80002770
# [SimX-DPI] Read 8 bytes from 0x80002778
# [SimX-DPI] Read 8 bytes from 0x80002780
# [SimX-DPI] Read 8 bytes from 0x80002788
# [SimX-DPI] Read 8 bytes from 0x80002790
# [SimX-DPI] Read 8 bytes from 0x80002798
# [SimX-DPI] Read 8 bytes from 0x800027a0
# [SimX-DPI] Read 8 bytes from 0x800027a8
# [SimX-DPI] Read 8 bytes from 0x800027b0
# [SimX-DPI] Read 8 bytes from 0x800027b8
# [SimX-DPI] Read 8 bytes from 0x800027c0
# [SimX-DPI] Read 8 bytes from 0x800027c8
# [SimX-DPI] Read 8 bytes from 0x800027d0
# [SimX-DPI] Read 8 bytes from 0x800027d8
# [SimX-DPI] Read 8 bytes from 0x800027e0
# [SimX-DPI] Read 8 bytes from 0x800027e8
# [SimX-DPI] Read 8 bytes from 0x800027f0
# [SimX-DPI] Read 8 bytes from 0x800027f8
# [SimX-DPI] Read 8 bytes from 0x80002800
# [SimX-DPI] Read 8 bytes from 0x80002808
# [SimX-DPI] Read 8 bytes from 0x80002810
# [SimX-DPI] Read 8 bytes from 0x80002818
# [SimX-DPI] Read 8 bytes from 0x80002820
# [SimX-DPI] Read 8 bytes from 0x80002828
# [SimX-DPI] Read 8 bytes from 0x80002830
# [SimX-DPI] Read 8 bytes from 0x80002838
# [SimX-DPI] Read 8 bytes from 0x80002840
# [SimX-DPI] Read 8 bytes from 0x80002848
# [SimX-DPI] Read 8 bytes from 0x80002850
# [SimX-DPI] Read 8 bytes from 0x80002858
# [SimX-DPI] Read 8 bytes from 0x80002860
# [SimX-DPI] Read 8 bytes from 0x80002868
# [SimX-DPI] Read 8 bytes from 0x80002870
# [SimX-DPI] Read 8 bytes from 0x80002878
# [SimX-DPI] Read 8 bytes from 0x80002880
# [SimX-DPI] Read 8 bytes from 0x80002888
# [SimX-DPI] Read 8 bytes from 0x80002890
# [SimX-DPI] Read 8 bytes from 0x80002898
# [SimX-DPI] Read 8 bytes from 0x800028a0
# [SimX-DPI] Read 8 bytes from 0x800028a8
# [SimX-DPI] Read 8 bytes from 0x800028b0
# [SimX-DPI] Read 8 bytes from 0x800028b8
# [SimX-DPI] Read 8 bytes from 0x800028c0
# [SimX-DPI] Read 8 bytes from 0x800028c8
# [SimX-DPI] Read 8 bytes from 0x800028d0
# [SimX-DPI] Read 8 bytes from 0x800028d8
# [SimX-DPI] Read 8 bytes from 0x800028e0
# [SimX-DPI] Read 8 bytes from 0x800028e8
# [SimX-DPI] Read 8 bytes from 0x800028f0
# [SimX-DPI] Read 8 bytes from 0x800028f8
# [SimX-DPI] Read 8 bytes from 0x80002900
# [SimX-DPI] Read 8 bytes from 0x80002908
# [SimX-DPI] Read 8 bytes from 0x80002910
# [SimX-DPI] Read 8 bytes from 0x80002918
# [SimX-DPI] Read 8 bytes from 0x80002920
# [SimX-DPI] Read 8 bytes from 0x80002928
# [SimX-DPI] Read 8 bytes from 0x80002930
# [SimX-DPI] Read 8 bytes from 0x80002938
# [SimX-DPI] Read 8 bytes from 0x80002940
# [SimX-DPI] Read 8 bytes from 0x80002948
# [SimX-DPI] Read 8 bytes from 0x80002950
# [SimX-DPI] Read 8 bytes from 0x80002958
# [SimX-DPI] Read 8 bytes from 0x80002960
# [SimX-DPI] Read 8 bytes from 0x80002968
# [SimX-DPI] Read 8 bytes from 0x80002970
# [SimX-DPI] Read 8 bytes from 0x80002978
# [SimX-DPI] Read 8 bytes from 0x80002980
# [SimX-DPI] Read 8 bytes from 0x80002988
# [SimX-DPI] Read 8 bytes from 0x80002990
# [SimX-DPI] Read 8 bytes from 0x80002998
# [SimX-DPI] Read 8 bytes from 0x800029a0
# [SimX-DPI] Read 8 bytes from 0x800029a8
# [SimX-DPI] Read 8 bytes from 0x800029b0
# [SimX-DPI] Read 8 bytes from 0x800029b8
# [SimX-DPI] Read 8 bytes from 0x800029c0
# [SimX-DPI] Read 8 bytes from 0x800029c8
# [SimX-DPI] Read 8 bytes from 0x800029d0
# [SimX-DPI] Read 8 bytes from 0x800029d8
# [SimX-DPI] Read 8 bytes from 0x800029e0
# [SimX-DPI] Read 8 bytes from 0x800029e8
# [SimX-DPI] Read 8 bytes from 0x800029f0
# [SimX-DPI] Read 8 bytes from 0x800029f8
# [SimX-DPI] Read 8 bytes from 0x80002a00
# [SimX-DPI] Read 8 bytes from 0x80002a08
# [SimX-DPI] Read 8 bytes from 0x80002a10
# [SimX-DPI] Read 8 bytes from 0x80002a18
# [SimX-DPI] Read 8 bytes from 0x80002a20
# [SimX-DPI] Read 8 bytes from 0x80002a28
# [SimX-DPI] Read 8 bytes from 0x80002a30
# [SimX-DPI] Read 8 bytes from 0x80002a38
# [SimX-DPI] Read 8 bytes from 0x80002a40
# [SimX-DPI] Read 8 bytes from 0x80002a48
# [SimX-DPI] Read 8 bytes from 0x80002a50
# [SimX-DPI] Read 8 bytes from 0x80002a58
# [SimX-DPI] Read 8 bytes from 0x80002a60
# [SimX-DPI] Read 8 bytes from 0x80002a68
# [SimX-DPI] Read 8 bytes from 0x80002a70
# [SimX-DPI] Read 8 bytes from 0x80002a78
# [SimX-DPI] Read 8 bytes from 0x80002a80
# [SimX-DPI] Read 8 bytes from 0x80002a88
# [SimX-DPI] Read 8 bytes from 0x80002a90
# [SimX-DPI] Read 8 bytes from 0x80002a98
# [SimX-DPI] Read 8 bytes from 0x80002aa0
# [SimX-DPI] Read 8 bytes from 0x80002aa8
# [SimX-DPI] Read 8 bytes from 0x80002ab0
# [SimX-DPI] Read 8 bytes from 0x80002ab8
# [SimX-DPI] Read 8 bytes from 0x80002ac0
# [SimX-DPI] Read 8 bytes from 0x80002ac8
# [SimX-DPI] Read 8 bytes from 0x80002ad0
# [SimX-DPI] Read 8 bytes from 0x80002ad8
# [SimX-DPI] Read 8 bytes from 0x80002ae0
# [SimX-DPI] Read 8 bytes from 0x80002ae8
# [SimX-DPI] Read 8 bytes from 0x80002af0
# [SimX-DPI] Read 8 bytes from 0x80002af8
# [SimX-DPI] Read 8 bytes from 0x80002b00
# [SimX-DPI] Read 8 bytes from 0x80002b08
# [SimX-DPI] Read 8 bytes from 0x80002b10
# [SimX-DPI] Read 8 bytes from 0x80002b18
# [SimX-DPI] Read 8 bytes from 0x80002b20
# [SimX-DPI] Read 8 bytes from 0x80002b28
# [SimX-DPI] Read 8 bytes from 0x80002b30
# [SimX-DPI] Read 8 bytes from 0x80002b38
# [SimX-DPI] Read 8 bytes from 0x80002b40
# [SimX-DPI] Read 8 bytes from 0x80002b48
# [SimX-DPI] Read 8 bytes from 0x80002b50
# [SimX-DPI] Read 8 bytes from 0x80002b58
# [SimX-DPI] Read 8 bytes from 0x80002b60
# [SimX-DPI] Read 8 bytes from 0x80002b68
# [SimX-DPI] Read 8 bytes from 0x80002b70
# [SimX-DPI] Read 8 bytes from 0x80002b78
# [SimX-DPI] Read 8 bytes from 0x80002b80
# [SimX-DPI] Read 8 bytes from 0x80002b88
# [SimX-DPI] Read 8 bytes from 0x80002b90
# [SimX-DPI] Read 8 bytes from 0x80002b98
# [SimX-DPI] Read 8 bytes from 0x80002ba0
# [SimX-DPI] Read 8 bytes from 0x80002ba8
# [SimX-DPI] Read 8 bytes from 0x80002bb0
# [SimX-DPI] Read 8 bytes from 0x80002bb8
# [SimX-DPI] Read 8 bytes from 0x80002bc0
# [SimX-DPI] Read 8 bytes from 0x80002bc8
# [SimX-DPI] Read 8 bytes from 0x80002bd0
# [SimX-DPI] Read 8 bytes from 0x80002bd8
# [SimX-DPI] Read 8 bytes from 0x80002be0
# [SimX-DPI] Read 8 bytes from 0x80002be8
# [SimX-DPI] Read 8 bytes from 0x80002bf0
# [SimX-DPI] Read 8 bytes from 0x80002bf8
# [SimX-DPI] Read 8 bytes from 0x80002c00
# [SimX-DPI] Read 8 bytes from 0x80002c08
# [SimX-DPI] Read 8 bytes from 0x80002c10
# [SimX-DPI] Read 8 bytes from 0x80002c18
# [SimX-DPI] Read 8 bytes from 0x80002c20
# [SimX-DPI] Read 8 bytes from 0x80002c28
# [SimX-DPI] Read 8 bytes from 0x80002c30
# [SimX-DPI] Read 8 bytes from 0x80002c38
# [SimX-DPI] Read 8 bytes from 0x80002c40
# [SimX-DPI] Read 8 bytes from 0x80002c48
# [SimX-DPI] Read 8 bytes from 0x80002c50
# [SimX-DPI] Read 8 bytes from 0x80002c58
# [SimX-DPI] Read 8 bytes from 0x80002c60
# [SimX-DPI] Read 8 bytes from 0x80002c68
# [SimX-DPI] Read 8 bytes from 0x80002c70
# [SimX-DPI] Read 8 bytes from 0x80002c78
# [SimX-DPI] Read 8 bytes from 0x80002c80
# [SimX-DPI] Read 8 bytes from 0x80002c88
# [SimX-DPI] Read 8 bytes from 0x80002c90
# [SimX-DPI] Read 8 bytes from 0x80002c98
# [SimX-DPI] Read 8 bytes from 0x80002ca0
# [SimX-DPI] Read 8 bytes from 0x80002ca8
# [SimX-DPI] Read 8 bytes from 0x80002cb0
# [SimX-DPI] Read 8 bytes from 0x80002cb8
# [SimX-DPI] Read 8 bytes from 0x80002cc0
# [SimX-DPI] Read 8 bytes from 0x80002cc8
# [SimX-DPI] Read 8 bytes from 0x80002cd0
# [SimX-DPI] Read 8 bytes from 0x80002cd8
# [SimX-DPI] Read 8 bytes from 0x80002ce0
# [SimX-DPI] Read 8 bytes from 0x80002ce8
# [SimX-DPI] Read 8 bytes from 0x80002cf0
# [SimX-DPI] Read 8 bytes from 0x80002cf8
# [SimX-DPI] Read 8 bytes from 0x80002d00
# [SimX-DPI] Read 8 bytes from 0x80002d08
# [SimX-DPI] Read 8 bytes from 0x80002d10
# [SimX-DPI] Read 8 bytes from 0x80002d18
# [SimX-DPI] Read 8 bytes from 0x80002d20
# [SimX-DPI] Read 8 bytes from 0x80002d28
# [SimX-DPI] Read 8 bytes from 0x80002d30
# [SimX-DPI] Read 8 bytes from 0x80002d38
# [SimX-DPI] Read 8 bytes from 0x80002d40
# [SimX-DPI] Read 8 bytes from 0x80002d48
# [SimX-DPI] Read 8 bytes from 0x80002d50
# [SimX-DPI] Read 8 bytes from 0x80002d58
# [SimX-DPI] Read 8 bytes from 0x80002d60
# [SimX-DPI] Read 8 bytes from 0x80002d68
# [SimX-DPI] Read 8 bytes from 0x80002d70
# [SimX-DPI] Read 8 bytes from 0x80002d78
# [SimX-DPI] Read 8 bytes from 0x80002d80
# [SimX-DPI] Read 8 bytes from 0x80002d88
# [SimX-DPI] Read 8 bytes from 0x80002d90
# [SimX-DPI] Read 8 bytes from 0x80002d98
# [SimX-DPI] Read 8 bytes from 0x80002da0
# [SimX-DPI] Read 8 bytes from 0x80002da8
# [SimX-DPI] Read 8 bytes from 0x80002db0
# [SimX-DPI] Read 8 bytes from 0x80002db8
# [SimX-DPI] Read 8 bytes from 0x80002dc0
# [SimX-DPI] Read 8 bytes from 0x80002dc8
# [SimX-DPI] Read 8 bytes from 0x80002dd0
# [SimX-DPI] Read 8 bytes from 0x80002dd8
# [SimX-DPI] Read 8 bytes from 0x80002de0
# [SimX-DPI] Read 8 bytes from 0x80002de8
# [SimX-DPI] Read 8 bytes from 0x80002df0
# [SimX-DPI] Read 8 bytes from 0x80002df8
# [SimX-DPI] Read 8 bytes from 0x80002e00
# [SimX-DPI] Read 8 bytes from 0x80002e08
# [SimX-DPI] Read 8 bytes from 0x80002e10
# [SimX-DPI] Read 8 bytes from 0x80002e18
# [SimX-DPI] Read 8 bytes from 0x80002e20
# [SimX-DPI] Read 8 bytes from 0x80002e28
# [SimX-DPI] Read 8 bytes from 0x80002e30
# [SimX-DPI] Read 8 bytes from 0x80002e38
# [SimX-DPI] Read 8 bytes from 0x80002e40
# [SimX-DPI] Read 8 bytes from 0x80002e48
# [SimX-DPI] Read 8 bytes from 0x80002e50
# [SimX-DPI] Read 8 bytes from 0x80002e58
# [SimX-DPI] Read 8 bytes from 0x80002e60
# [SimX-DPI] Read 8 bytes from 0x80002e68
# [SimX-DPI] Read 8 bytes from 0x80002e70
# [SimX-DPI] Read 8 bytes from 0x80002e78
# [SimX-DPI] Read 8 bytes from 0x80002e80
# [SimX-DPI] Read 8 bytes from 0x80002e88
# [SimX-DPI] Read 8 bytes from 0x80002e90
# [SimX-DPI] Read 8 bytes from 0x80002e98
# [SimX-DPI] Read 8 bytes from 0x80002ea0
# [SimX-DPI] Read 8 bytes from 0x80002ea8
# [SimX-DPI] Read 8 bytes from 0x80002eb0
# [SimX-DPI] Read 8 bytes from 0x80002eb8
# [SimX-DPI] Read 8 bytes from 0x80002ec0
# [SimX-DPI] Read 8 bytes from 0x80002ec8
# [SimX-DPI] Read 8 bytes from 0x80002ed0
# [SimX-DPI] Read 8 bytes from 0x80002ed8
# [SimX-DPI] Read 8 bytes from 0x80002ee0
# [SimX-DPI] Read 8 bytes from 0x80002ee8
# [SimX-DPI] Read 8 bytes from 0x80002ef0
# [SimX-DPI] Read 8 bytes from 0x80002ef8
# [SimX-DPI] Read 8 bytes from 0x80002f00
# [SimX-DPI] Read 8 bytes from 0x80002f08
# [SimX-DPI] Read 8 bytes from 0x80002f10
# [SimX-DPI] Read 8 bytes from 0x80002f18
# [SimX-DPI] Read 8 bytes from 0x80002f20
# [SimX-DPI] Read 8 bytes from 0x80002f28
# [SimX-DPI] Read 8 bytes from 0x80002f30
# [SimX-DPI] Read 8 bytes from 0x80002f38
# [SimX-DPI] Read 8 bytes from 0x80002f40
# [SimX-DPI] Read 8 bytes from 0x80002f48
# [SimX-DPI] Read 8 bytes from 0x80002f50
# [SimX-DPI] Read 8 bytes from 0x80002f58
# [SimX-DPI] Read 8 bytes from 0x80002f60
# [SimX-DPI] Read 8 bytes from 0x80002f68
# [SimX-DPI] Read 8 bytes from 0x80002f70
# [SimX-DPI] Read 8 bytes from 0x80002f78
# [SimX-DPI] Read 8 bytes from 0x80002f80
# [SimX-DPI] Read 8 bytes from 0x80002f88
# [SimX-DPI] Read 8 bytes from 0x80002f90
# [SimX-DPI] Read 8 bytes from 0x80002f98
# [SimX-DPI] Read 8 bytes from 0x80002fa0
# [SimX-DPI] Read 8 bytes from 0x80002fa8
# [SimX-DPI] Read 8 bytes from 0x80002fb0
# [SimX-DPI] Read 8 bytes from 0x80002fb8
# [SimX-DPI] Read 8 bytes from 0x80002fc0
# [SimX-DPI] Read 8 bytes from 0x80002fc8
# [SimX-DPI] Read 8 bytes from 0x80002fd0
# [SimX-DPI] Read 8 bytes from 0x80002fd8
# [SimX-DPI] Read 8 bytes from 0x80002fe0
# [SimX-DPI] Read 8 bytes from 0x80002fe8
# [SimX-DPI] Read 8 bytes from 0x80002ff0
# [SimX-DPI] Read 8 bytes from 0x80002ff8
# [SimX-DPI] Read 8 bytes from 0x80003000
# [SimX-DPI] Read 8 bytes from 0x80003008
# [SimX-DPI] Read 8 bytes from 0x80003010
# [SimX-DPI] Read 8 bytes from 0x80003018
# [SimX-DPI] Read 8 bytes from 0x80003020
# [SimX-DPI] Read 8 bytes from 0x80003028
# [SimX-DPI] Read 8 bytes from 0x80003030
# [SimX-DPI] Read 8 bytes from 0x80003038
# [SimX-DPI] Read 8 bytes from 0x80003040
# [SimX-DPI] Read 8 bytes from 0x80003048
# [SimX-DPI] Read 8 bytes from 0x80003050
# [SimX-DPI] Read 8 bytes from 0x80003058
# [SimX-DPI] Read 8 bytes from 0x80003060
# [SimX-DPI] Read 8 bytes from 0x80003068
# [SimX-DPI] Read 8 bytes from 0x80003070
# [SimX-DPI] Read 8 bytes from 0x80003078
# [SimX-DPI] Read 8 bytes from 0x80003080
# [SimX-DPI] Read 8 bytes from 0x80003088
# [SimX-DPI] Read 8 bytes from 0x80003090
# [SimX-DPI] Read 8 bytes from 0x80003098
# [SimX-DPI] Read 8 bytes from 0x800030a0
# [SimX-DPI] Read 8 bytes from 0x800030a8
# [SimX-DPI] Read 8 bytes from 0x800030b0
# [SimX-DPI] Read 8 bytes from 0x800030b8
# [SimX-DPI] Read 8 bytes from 0x800030c0
# [SimX-DPI] Read 8 bytes from 0x800030c8
# [SimX-DPI] Read 8 bytes from 0x800030d0
# [SimX-DPI] Read 8 bytes from 0x800030d8
# [SimX-DPI] Read 8 bytes from 0x800030e0
# [SimX-DPI] Read 8 bytes from 0x800030e8
# [SimX-DPI] Read 8 bytes from 0x800030f0
# [SimX-DPI] Read 8 bytes from 0x800030f8
# [SimX-DPI] Read 8 bytes from 0x80003100
# [SimX-DPI] Read 8 bytes from 0x80003108
# [SimX-DPI] Read 8 bytes from 0x80003110
# [SimX-DPI] Read 8 bytes from 0x80003118
# [SimX-DPI] Read 8 bytes from 0x80003120
# [SimX-DPI] Read 8 bytes from 0x80003128
# [SimX-DPI] Read 8 bytes from 0x80003130
# [SimX-DPI] Read 8 bytes from 0x80003138
# [SimX-DPI] Read 8 bytes from 0x80003140
# [SimX-DPI] Read 8 bytes from 0x80003148
# [SimX-DPI] Read 8 bytes from 0x80003150
# [SimX-DPI] Read 8 bytes from 0x80003158
# [SimX-DPI] Read 8 bytes from 0x80003160
# [SimX-DPI] Read 8 bytes from 0x80003168
# [SimX-DPI] Read 8 bytes from 0x80003170
# [SimX-DPI] Read 8 bytes from 0x80003178
# [SimX-DPI] Read 8 bytes from 0x80003180
# [SimX-DPI] Read 8 bytes from 0x80003188
# [SimX-DPI] Read 8 bytes from 0x80003190
# [SimX-DPI] Read 8 bytes from 0x80003198
# [SimX-DPI] Read 8 bytes from 0x800031a0
# [SimX-DPI] Read 8 bytes from 0x800031a8
# [SimX-DPI] Read 8 bytes from 0x800031b0
# [SimX-DPI] Read 8 bytes from 0x800031b8
# [SimX-DPI] Read 8 bytes from 0x800031c0
# [SimX-DPI] Read 8 bytes from 0x800031c8
# [SimX-DPI] Read 8 bytes from 0x800031d0
# [SimX-DPI] Read 8 bytes from 0x800031d8
# [SimX-DPI] Read 8 bytes from 0x800031e0
# [SimX-DPI] Read 8 bytes from 0x800031e8
# [SimX-DPI] Read 8 bytes from 0x800031f0
# [SimX-DPI] Read 8 bytes from 0x800031f8
# [SimX-DPI] Read 8 bytes from 0x80003200
# [SimX-DPI] Read 8 bytes from 0x80003208
# [SimX-DPI] Read 8 bytes from 0x80003210
# [SimX-DPI] Read 8 bytes from 0x80003218
# [SimX-DPI] Read 8 bytes from 0x80003220
# [SimX-DPI] Read 8 bytes from 0x80003228
# [SimX-DPI] Read 8 bytes from 0x80003230
# [SimX-DPI] Read 8 bytes from 0x80003238
# [SimX-DPI] Read 8 bytes from 0x80003240
# [SimX-DPI] Read 8 bytes from 0x80003248
# [SimX-DPI] Read 8 bytes from 0x80003250
# [SimX-DPI] Read 8 bytes from 0x80003258
# [SimX-DPI] Read 8 bytes from 0x80003260
# [SimX-DPI] Read 8 bytes from 0x80003268
# [SimX-DPI] Read 8 bytes from 0x80003270
# [SimX-DPI] Read 8 bytes from 0x80003278
# [SimX-DPI] Read 8 bytes from 0x80003280
# [SimX-DPI] Read 8 bytes from 0x80003288
# [SimX-DPI] Read 8 bytes from 0x80003290
# [SimX-DPI] Read 8 bytes from 0x80003298
# [SimX-DPI] Read 8 bytes from 0x800032a0
# [SimX-DPI] Read 8 bytes from 0x800032a8
# [SimX-DPI] Read 8 bytes from 0x800032b0
# [SimX-DPI] Read 8 bytes from 0x800032b8
# [SimX-DPI] Read 8 bytes from 0x800032c0
# [SimX-DPI] Read 8 bytes from 0x800032c8
# [SimX-DPI] Read 8 bytes from 0x800032d0
# [SimX-DPI] Read 8 bytes from 0x800032d8
# [SimX-DPI] Read 8 bytes from 0x800032e0
# [SimX-DPI] Read 8 bytes from 0x800032e8
# [SimX-DPI] Read 8 bytes from 0x800032f0
# [SimX-DPI] Read 8 bytes from 0x800032f8
# [SimX-DPI] Read 8 bytes from 0x80003300
# [SimX-DPI] Read 8 bytes from 0x80003308
# [SimX-DPI] Read 8 bytes from 0x80003310
# [SimX-DPI] Read 8 bytes from 0x80003318
# [SimX-DPI] Read 8 bytes from 0x80003320
# [SimX-DPI] Read 8 bytes from 0x80003328
# [SimX-DPI] Read 8 bytes from 0x80003330
# [SimX-DPI] Read 8 bytes from 0x80003338
# [SimX-DPI] Read 8 bytes from 0x80003340
# [SimX-DPI] Read 8 bytes from 0x80003348
# [SimX-DPI] Read 8 bytes from 0x80003350
# [SimX-DPI] Read 8 bytes from 0x80003358
# [SimX-DPI] Read 8 bytes from 0x80003360
# [SimX-DPI] Read 8 bytes from 0x80003368
# [SimX-DPI] Read 8 bytes from 0x80003370
# [SimX-DPI] Read 8 bytes from 0x80003378
# [SimX-DPI] Read 8 bytes from 0x80003380
# [SimX-DPI] Read 8 bytes from 0x80003388
# [SimX-DPI] Read 8 bytes from 0x80003390
# [SimX-DPI] Read 8 bytes from 0x80003398
# [SimX-DPI] Read 8 bytes from 0x800033a0
# [SimX-DPI] Read 8 bytes from 0x800033a8
# [SimX-DPI] Read 8 bytes from 0x800033b0
# [SimX-DPI] Read 8 bytes from 0x800033b8
# [SimX-DPI] Read 8 bytes from 0x800033c0
# [SimX-DPI] Read 8 bytes from 0x800033c8
# [SimX-DPI] Read 8 bytes from 0x800033d0
# [SimX-DPI] Read 8 bytes from 0x800033d8
# [SimX-DPI] Read 8 bytes from 0x800033e0
# [SimX-DPI] Read 8 bytes from 0x800033e8
# [SimX-DPI] Read 8 bytes from 0x800033f0
# [SimX-DPI] Read 8 bytes from 0x800033f8
# [SimX-DPI] Read 8 bytes from 0x80003400
# [SimX-DPI] Read 8 bytes from 0x80003408
# [SimX-DPI] Read 8 bytes from 0x80003410
# [SimX-DPI] Read 8 bytes from 0x80003418
# [SimX-DPI] Read 8 bytes from 0x80003420
# [SimX-DPI] Read 8 bytes from 0x80003428
# [SimX-DPI] Read 8 bytes from 0x80003430
# [SimX-DPI] Read 8 bytes from 0x80003438
# [SimX-DPI] Read 8 bytes from 0x80003440
# [SimX-DPI] Read 8 bytes from 0x80003448
# [SimX-DPI] Read 8 bytes from 0x80003450
# [SimX-DPI] Read 8 bytes from 0x80003458
# [SimX-DPI] Read 8 bytes from 0x80003460
# [SimX-DPI] Read 8 bytes from 0x80003468
# [SimX-DPI] Read 8 bytes from 0x80003470
# [SimX-DPI] Read 8 bytes from 0x80003478
# [SimX-DPI] Read 8 bytes from 0x80003480
# [SimX-DPI] Read 8 bytes from 0x80003488
# [SimX-DPI] Read 8 bytes from 0x80003490
# [SimX-DPI] Read 8 bytes from 0x80003498
# [SimX-DPI] Read 8 bytes from 0x800034a0
# [SimX-DPI] Read 8 bytes from 0x800034a8
# [SimX-DPI] Read 8 bytes from 0x800034b0
# [SimX-DPI] Read 8 bytes from 0x800034b8
# [SimX-DPI] Read 8 bytes from 0x800034c0
# [SimX-DPI] Read 8 bytes from 0x800034c8
# [SimX-DPI] Read 8 bytes from 0x800034d0
# [SimX-DPI] Read 8 bytes from 0x800034d8
# [SimX-DPI] Read 8 bytes from 0x800034e0
# [SimX-DPI] Read 8 bytes from 0x800034e8
# [SimX-DPI] Read 8 bytes from 0x800034f0
# [SimX-DPI] Read 8 bytes from 0x800034f8
# [SimX-DPI] Read 8 bytes from 0x80003500
# [SimX-DPI] Read 8 bytes from 0x80003508
# [SimX-DPI] Read 8 bytes from 0x80003510
# [SimX-DPI] Read 8 bytes from 0x80003518
# [SimX-DPI] Read 8 bytes from 0x80003520
# [SimX-DPI] Read 8 bytes from 0x80003528
# [SimX-DPI] Read 8 bytes from 0x80003530
# [SimX-DPI] Read 8 bytes from 0x80003538
# [SimX-DPI] Read 8 bytes from 0x80003540
# [SimX-DPI] Read 8 bytes from 0x80003548
# [SimX-DPI] Read 8 bytes from 0x80003550
# [SimX-DPI] Read 8 bytes from 0x80003558
# [SimX-DPI] Read 8 bytes from 0x80003560
# [SimX-DPI] Read 8 bytes from 0x80003568
# [SimX-DPI] Read 8 bytes from 0x80003570
# [SimX-DPI] Read 8 bytes from 0x80003578
# [SimX-DPI] Read 8 bytes from 0x80003580
# [SimX-DPI] Read 8 bytes from 0x80003588
# [SimX-DPI] Read 8 bytes from 0x80003590
# [SimX-DPI] Read 8 bytes from 0x80003598
# [SimX-DPI] Read 8 bytes from 0x800035a0
# [SimX-DPI] Read 8 bytes from 0x800035a8
# [SimX-DPI] Read 8 bytes from 0x800035b0
# [SimX-DPI] Read 8 bytes from 0x800035b8
# [SimX-DPI] Read 8 bytes from 0x800035c0
# [SimX-DPI] Read 8 bytes from 0x800035c8
# [SimX-DPI] Read 8 bytes from 0x800035d0
# [SimX-DPI] Read 8 bytes from 0x800035d8
# [SimX-DPI] Read 8 bytes from 0x800035e0
# [SimX-DPI] Read 8 bytes from 0x800035e8
# [SimX-DPI] Read 8 bytes from 0x800035f0
# [SimX-DPI] Read 8 bytes from 0x800035f8
# [SimX-DPI] Read 8 bytes from 0x80003600
# [SimX-DPI] Read 8 bytes from 0x80003608
# [SimX-DPI] Read 8 bytes from 0x80003610
# [SimX-DPI] Read 8 bytes from 0x80003618
# [SimX-DPI] Read 8 bytes from 0x80003620
# [SimX-DPI] Read 8 bytes from 0x80003628
# [SimX-DPI] Read 8 bytes from 0x80003630
# [SimX-DPI] Read 8 bytes from 0x80003638
# [SimX-DPI] Read 8 bytes from 0x80003640
# [SimX-DPI] Read 8 bytes from 0x80003648
# [SimX-DPI] Read 8 bytes from 0x80003650
# [SimX-DPI] Read 8 bytes from 0x80003658
# [SimX-DPI] Read 8 bytes from 0x80003660
# [SimX-DPI] Read 8 bytes from 0x80003668
# [SimX-DPI] Read 8 bytes from 0x80003670
# [SimX-DPI] Read 8 bytes from 0x80003678
# [SimX-DPI] Read 8 bytes from 0x80003680
# [SimX-DPI] Read 8 bytes from 0x80003688
# [SimX-DPI] Read 8 bytes from 0x80003690
# [SimX-DPI] Read 8 bytes from 0x80003698
# [SimX-DPI] Read 8 bytes from 0x800036a0
# [SimX-DPI] Read 8 bytes from 0x800036a8
# [SimX-DPI] Read 8 bytes from 0x800036b0
# [SimX-DPI] Read 8 bytes from 0x800036b8
# [SimX-DPI] Read 8 bytes from 0x800036c0
# [SimX-DPI] Read 8 bytes from 0x800036c8
# [SimX-DPI] Read 8 bytes from 0x800036d0
# [SimX-DPI] Read 8 bytes from 0x800036d8
# [SimX-DPI] Read 8 bytes from 0x800036e0
# [SimX-DPI] Read 8 bytes from 0x800036e8
# [SimX-DPI] Read 8 bytes from 0x800036f0
# [SimX-DPI] Read 8 bytes from 0x800036f8
# [SimX-DPI] Read 8 bytes from 0x80003700
# [SimX-DPI] Read 8 bytes from 0x80003708
# [SimX-DPI] Read 8 bytes from 0x80003710
# [SimX-DPI] Read 8 bytes from 0x80003718
# [SimX-DPI] Read 8 bytes from 0x80003720
# [SimX-DPI] Read 8 bytes from 0x80003728
# [SimX-DPI] Read 8 bytes from 0x80003730
# [SimX-DPI] Read 8 bytes from 0x80003738
# [SimX-DPI] Read 8 bytes from 0x80003740
# [SimX-DPI] Read 8 bytes from 0x80003748
# [SimX-DPI] Read 8 bytes from 0x80003750
# [SimX-DPI] Read 8 bytes from 0x80003758
# [SimX-DPI] Read 8 bytes from 0x80003760
# [SimX-DPI] Read 8 bytes from 0x80003768
# [SimX-DPI] Read 8 bytes from 0x80003770
# [SimX-DPI] Read 8 bytes from 0x80003778
# [SimX-DPI] Read 8 bytes from 0x80003780
# [SimX-DPI] Read 8 bytes from 0x80003788
# [SimX-DPI] Read 8 bytes from 0x80003790
# [SimX-DPI] Read 8 bytes from 0x80003798
# [SimX-DPI] Read 8 bytes from 0x800037a0
# [SimX-DPI] Read 8 bytes from 0x800037a8
# [SimX-DPI] Read 8 bytes from 0x800037b0
# [SimX-DPI] Read 8 bytes from 0x800037b8
# [SimX-DPI] Read 8 bytes from 0x800037c0
# [SimX-DPI] Read 8 bytes from 0x800037c8
# [SimX-DPI] Read 8 bytes from 0x800037d0
# [SimX-DPI] Read 8 bytes from 0x800037d8
# [SimX-DPI] Read 8 bytes from 0x800037e0
# [SimX-DPI] Read 8 bytes from 0x800037e8
# [SimX-DPI] Read 8 bytes from 0x800037f0
# [SimX-DPI] Read 8 bytes from 0x800037f8
# [SimX-DPI] Read 8 bytes from 0x80003800
# [SimX-DPI] Read 8 bytes from 0x80003808
# [SimX-DPI] Read 8 bytes from 0x80003810
# [SimX-DPI] Read 8 bytes from 0x80003818
# [SimX-DPI] Read 8 bytes from 0x80003820
# [SimX-DPI] Read 8 bytes from 0x80003828
# [SimX-DPI] Read 8 bytes from 0x80003830
# [SimX-DPI] Read 8 bytes from 0x80003838
# [SimX-DPI] Read 8 bytes from 0x80003840
# [SimX-DPI] Read 8 bytes from 0x80003848
# [SimX-DPI] Read 8 bytes from 0x80003850
# [SimX-DPI] Read 8 bytes from 0x80003858
# [SimX-DPI] Read 8 bytes from 0x80003860
# [SimX-DPI] Read 8 bytes from 0x80003868
# [SimX-DPI] Read 8 bytes from 0x80003870
# [SimX-DPI] Read 8 bytes from 0x80003878
# [SimX-DPI] Read 8 bytes from 0x80003880
# [SimX-DPI] Read 8 bytes from 0x80003888
# [SimX-DPI] Read 8 bytes from 0x80003890
# [SimX-DPI] Read 8 bytes from 0x80003898
# [SimX-DPI] Read 8 bytes from 0x800038a0
# [SimX-DPI] Read 8 bytes from 0x800038a8
# [SimX-DPI] Read 8 bytes from 0x800038b0
# [SimX-DPI] Read 8 bytes from 0x800038b8
# [SimX-DPI] Read 8 bytes from 0x800038c0
# [SimX-DPI] Read 8 bytes from 0x800038c8
# [SimX-DPI] Read 8 bytes from 0x800038d0
# [SimX-DPI] Read 8 bytes from 0x800038d8
# [SimX-DPI] Read 8 bytes from 0x800038e0
# [SimX-DPI] Read 8 bytes from 0x800038e8
# [SimX-DPI] Read 8 bytes from 0x800038f0
# [SimX-DPI] Read 8 bytes from 0x800038f8
# [SimX-DPI] Read 8 bytes from 0x80003900
# [SimX-DPI] Read 8 bytes from 0x80003908
# [SimX-DPI] Read 8 bytes from 0x80003910
# [SimX-DPI] Read 8 bytes from 0x80003918
# [SimX-DPI] Read 8 bytes from 0x80003920
# [SimX-DPI] Read 8 bytes from 0x80003928
# [SimX-DPI] Read 8 bytes from 0x80003930
# [SimX-DPI] Read 8 bytes from 0x80003938
# [SimX-DPI] Read 8 bytes from 0x80003940
# [SimX-DPI] Read 8 bytes from 0x80003948
# [SimX-DPI] Read 8 bytes from 0x80003950
# [SimX-DPI] Read 8 bytes from 0x80003958
# [SimX-DPI] Read 8 bytes from 0x80003960
# [SimX-DPI] Read 8 bytes from 0x80003968
# [SimX-DPI] Read 8 bytes from 0x80003970
# [SimX-DPI] Read 8 bytes from 0x80003978
# [SimX-DPI] Read 8 bytes from 0x80003980
# [SimX-DPI] Read 8 bytes from 0x80003988
# [SimX-DPI] Read 8 bytes from 0x80003990
# [SimX-DPI] Read 8 bytes from 0x80003998
# [SimX-DPI] Read 8 bytes from 0x800039a0
# [SimX-DPI] Read 8 bytes from 0x800039a8
# [SimX-DPI] Read 8 bytes from 0x800039b0
# [SimX-DPI] Read 8 bytes from 0x800039b8
# [SimX-DPI] Read 8 bytes from 0x800039c0
# [SimX-DPI] Read 8 bytes from 0x800039c8
# [SimX-DPI] Read 8 bytes from 0x800039d0
# [SimX-DPI] Read 8 bytes from 0x800039d8
# [SimX-DPI] Read 8 bytes from 0x800039e0
# [SimX-DPI] Read 8 bytes from 0x800039e8
# [SimX-DPI] Read 8 bytes from 0x800039f0
# [SimX-DPI] Read 8 bytes from 0x800039f8
# [SimX-DPI] Read 8 bytes from 0x80003a00
# [SimX-DPI] Read 8 bytes from 0x80003a08
# [SimX-DPI] Read 8 bytes from 0x80003a10
# [SimX-DPI] Read 8 bytes from 0x80003a18
# [SimX-DPI] Read 8 bytes from 0x80003a20
# [SimX-DPI] Read 8 bytes from 0x80003a28
# [SimX-DPI] Read 8 bytes from 0x80003a30
# [SimX-DPI] Read 8 bytes from 0x80003a38
# [SimX-DPI] Read 8 bytes from 0x80003a40
# [SimX-DPI] Read 8 bytes from 0x80003a48
# [SimX-DPI] Read 8 bytes from 0x80003a50
# [SimX-DPI] Read 8 bytes from 0x80003a58
# [SimX-DPI] Read 8 bytes from 0x80003a60
# [SimX-DPI] Read 8 bytes from 0x80003a68
# [SimX-DPI] Read 8 bytes from 0x80003a70
# [SimX-DPI] Read 8 bytes from 0x80003a78
# [SimX-DPI] Read 8 bytes from 0x80003a80
# [SimX-DPI] Read 8 bytes from 0x80003a88
# [SimX-DPI] Read 8 bytes from 0x80003a90
# [SimX-DPI] Read 8 bytes from 0x80003a98
# [SimX-DPI] Read 8 bytes from 0x80003aa0
# [SimX-DPI] Read 8 bytes from 0x80003aa8
# [SimX-DPI] Read 8 bytes from 0x80003ab0
# [SimX-DPI] Read 8 bytes from 0x80003ab8
# [SimX-DPI] Read 8 bytes from 0x80003ac0
# [SimX-DPI] Read 8 bytes from 0x80003ac8
# [SimX-DPI] Read 8 bytes from 0x80003ad0
# [SimX-DPI] Read 8 bytes from 0x80003ad8
# [SimX-DPI] Read 8 bytes from 0x80003ae0
# [SimX-DPI] Read 8 bytes from 0x80003ae8
# [SimX-DPI] Read 8 bytes from 0x80003af0
# [SimX-DPI] Read 8 bytes from 0x80003af8
# [SimX-DPI] Read 8 bytes from 0x80003b00
# [SimX-DPI] Read 8 bytes from 0x80003b08
# [SimX-DPI] Read 8 bytes from 0x80003b10
# [SimX-DPI] Read 8 bytes from 0x80003b18
# [SimX-DPI] Read 8 bytes from 0x80003b20
# [SimX-DPI] Read 8 bytes from 0x80003b28
# [SimX-DPI] Read 8 bytes from 0x80003b30
# [SimX-DPI] Read 8 bytes from 0x80003b38
# [SimX-DPI] Read 8 bytes from 0x80003b40
# [SimX-DPI] Read 8 bytes from 0x80003b48
# [SimX-DPI] Read 8 bytes from 0x80003b50
# [SimX-DPI] Read 8 bytes from 0x80003b58
# [SimX-DPI] Read 8 bytes from 0x80003b60
# [SimX-DPI] Read 8 bytes from 0x80003b68
# [SimX-DPI] Read 8 bytes from 0x80003b70
# [SimX-DPI] Read 8 bytes from 0x80003b78
# [SimX-DPI] Read 8 bytes from 0x80003b80
# [SimX-DPI] Read 8 bytes from 0x80003b88
# [SimX-DPI] Read 8 bytes from 0x80003b90
# [SimX-DPI] Read 8 bytes from 0x80003b98
# [SimX-DPI] Read 8 bytes from 0x80003ba0
# [SimX-DPI] Read 8 bytes from 0x80003ba8
# [SimX-DPI] Read 8 bytes from 0x80003bb0
# [SimX-DPI] Read 8 bytes from 0x80003bb8
# [SimX-DPI] Read 8 bytes from 0x80003bc0
# [SimX-DPI] Read 8 bytes from 0x80003bc8
# [SimX-DPI] Read 8 bytes from 0x80003bd0
# [SimX-DPI] Read 8 bytes from 0x80003bd8
# [SimX-DPI] Read 8 bytes from 0x80003be0
# [SimX-DPI] Read 8 bytes from 0x80003be8
# [SimX-DPI] Read 8 bytes from 0x80003bf0
# [SimX-DPI] Read 8 bytes from 0x80003bf8
# [SimX-DPI] Read 8 bytes from 0x80003c00
# [SimX-DPI] Read 8 bytes from 0x80003c08
# [SimX-DPI] Read 8 bytes from 0x80003c10
# [SimX-DPI] Read 8 bytes from 0x80003c18
# [SimX-DPI] Read 8 bytes from 0x80003c20
# [SimX-DPI] Read 8 bytes from 0x80003c28
# [SimX-DPI] Read 8 bytes from 0x80003c30
# [SimX-DPI] Read 8 bytes from 0x80003c38
# [SimX-DPI] Read 8 bytes from 0x80003c40
# [SimX-DPI] Read 8 bytes from 0x80003c48
# [SimX-DPI] Read 8 bytes from 0x80003c50
# [SimX-DPI] Read 8 bytes from 0x80003c58
# [SimX-DPI] Read 8 bytes from 0x80003c60
# [SimX-DPI] Read 8 bytes from 0x80003c68
# [SimX-DPI] Read 8 bytes from 0x80003c70
# [SimX-DPI] Read 8 bytes from 0x80003c78
# [SimX-DPI] Read 8 bytes from 0x80003c80
# [SimX-DPI] Read 8 bytes from 0x80003c88
# [SimX-DPI] Read 8 bytes from 0x80003c90
# [SimX-DPI] Read 8 bytes from 0x80003c98
# [SimX-DPI] Read 8 bytes from 0x80003ca0
# [SimX-DPI] Read 8 bytes from 0x80003ca8
# [SimX-DPI] Read 8 bytes from 0x80003cb0
# [SimX-DPI] Read 8 bytes from 0x80003cb8
# [SimX-DPI] Read 8 bytes from 0x80003cc0
# [SimX-DPI] Read 8 bytes from 0x80003cc8
# [SimX-DPI] Read 8 bytes from 0x80003cd0
# [SimX-DPI] Read 8 bytes from 0x80003cd8
# [SimX-DPI] Read 8 bytes from 0x80003ce0
# [SimX-DPI] Read 8 bytes from 0x80003ce8
# [SimX-DPI] Read 8 bytes from 0x80003cf0
# [SimX-DPI] Read 8 bytes from 0x80003cf8
# [SimX-DPI] Read 8 bytes from 0x80003d00
# [SimX-DPI] Read 8 bytes from 0x80003d08
# [SimX-DPI] Read 8 bytes from 0x80003d10
# [SimX-DPI] Read 8 bytes from 0x80003d18
# [SimX-DPI] Read 8 bytes from 0x80003d20
# [SimX-DPI] Read 8 bytes from 0x80003d28
# [SimX-DPI] Read 8 bytes from 0x80003d30
# [SimX-DPI] Read 8 bytes from 0x80003d38
# [SimX-DPI] Read 8 bytes from 0x80003d40
# [SimX-DPI] Read 8 bytes from 0x80003d48
# [SimX-DPI] Read 8 bytes from 0x80003d50
# [SimX-DPI] Read 8 bytes from 0x80003d58
# [SimX-DPI] Read 8 bytes from 0x80003d60
# [SimX-DPI] Read 8 bytes from 0x80003d68
# [SimX-DPI] Read 8 bytes from 0x80003d70
# [SimX-DPI] Read 8 bytes from 0x80003d78
# [SimX-DPI] Read 8 bytes from 0x80003d80
# [SimX-DPI] Read 8 bytes from 0x80003d88
# [SimX-DPI] Read 8 bytes from 0x80003d90
# [SimX-DPI] Read 8 bytes from 0x80003d98
# [SimX-DPI] Read 8 bytes from 0x80003da0
# [SimX-DPI] Read 8 bytes from 0x80003da8
# [SimX-DPI] Read 8 bytes from 0x80003db0
# [SimX-DPI] Read 8 bytes from 0x80003db8
# [SimX-DPI] Read 8 bytes from 0x80003dc0
# [SimX-DPI] Read 8 bytes from 0x80003dc8
# [SimX-DPI] Read 8 bytes from 0x80003dd0
# [SimX-DPI] Read 8 bytes from 0x80003dd8
# [SimX-DPI] Read 8 bytes from 0x80003de0
# [SimX-DPI] Read 8 bytes from 0x80003de8
# [SimX-DPI] Read 8 bytes from 0x80003df0
# [SimX-DPI] Read 8 bytes from 0x80003df8
# [SimX-DPI] Read 8 bytes from 0x80003e00
# [SimX-DPI] Read 8 bytes from 0x80003e08
# [SimX-DPI] Read 8 bytes from 0x80003e10
# [SimX-DPI] Read 8 bytes from 0x80003e18
# [SimX-DPI] Read 8 bytes from 0x80003e20
# [SimX-DPI] Read 8 bytes from 0x80003e28
# [SimX-DPI] Read 8 bytes from 0x80003e30
# [SimX-DPI] Read 8 bytes from 0x80003e38
# [SimX-DPI] Read 8 bytes from 0x80003e40
# [SimX-DPI] Read 8 bytes from 0x80003e48
# [SimX-DPI] Read 8 bytes from 0x80003e50
# [SimX-DPI] Read 8 bytes from 0x80003e58
# [SimX-DPI] Read 8 bytes from 0x80003e60
# [SimX-DPI] Read 8 bytes from 0x80003e68
# [SimX-DPI] Read 8 bytes from 0x80003e70
# [SimX-DPI] Read 8 bytes from 0x80003e78
# [SimX-DPI] Read 8 bytes from 0x80003e80
# [SimX-DPI] Read 8 bytes from 0x80003e88
# [SimX-DPI] Read 8 bytes from 0x80003e90
# [SimX-DPI] Read 8 bytes from 0x80003e98
# [SimX-DPI] Read 8 bytes from 0x80003ea0
# [SimX-DPI] Read 8 bytes from 0x80003ea8
# [SimX-DPI] Read 8 bytes from 0x80003eb0
# [SimX-DPI] Read 8 bytes from 0x80003eb8
# [SimX-DPI] Read 8 bytes from 0x80003ec0
# [SimX-DPI] Read 8 bytes from 0x80003ec8
# [SimX-DPI] Read 8 bytes from 0x80003ed0
# [SimX-DPI] Read 8 bytes from 0x80003ed8
# [SimX-DPI] Read 8 bytes from 0x80003ee0
# [SimX-DPI] Read 8 bytes from 0x80003ee8
# [SimX-DPI] Read 8 bytes from 0x80003ef0
# [SimX-DPI] Read 8 bytes from 0x80003ef8
# [SimX-DPI] Read 8 bytes from 0x80003f00
# [SimX-DPI] Read 8 bytes from 0x80003f08
# [SimX-DPI] Read 8 bytes from 0x80003f10
# [SimX-DPI] Read 8 bytes from 0x80003f18
# [SimX-DPI] Read 8 bytes from 0x80003f20
# [SimX-DPI] Read 8 bytes from 0x80003f28
# [SimX-DPI] Read 8 bytes from 0x80003f30
# [SimX-DPI] Read 8 bytes from 0x80003f38
# [SimX-DPI] Read 8 bytes from 0x80003f40
# [SimX-DPI] Read 8 bytes from 0x80003f48
# [SimX-DPI] Read 8 bytes from 0x80003f50
# [SimX-DPI] Read 8 bytes from 0x80003f58
# [SimX-DPI] Read 8 bytes from 0x80003f60
# [SimX-DPI] Read 8 bytes from 0x80003f68
# [SimX-DPI] Read 8 bytes from 0x80003f70
# [SimX-DPI] Read 8 bytes from 0x80003f78
# [SimX-DPI] Read 8 bytes from 0x80003f80
# [SimX-DPI] Read 8 bytes from 0x80003f88
# [SimX-DPI] Read 8 bytes from 0x80003f90
# [SimX-DPI] Read 8 bytes from 0x80003f98
# [SimX-DPI] Read 8 bytes from 0x80003fa0
# [SimX-DPI] Read 8 bytes from 0x80003fa8
# [SimX-DPI] Read 8 bytes from 0x80003fb0
# [SimX-DPI] Read 8 bytes from 0x80003fb8
# [SimX-DPI] Read 8 bytes from 0x80003fc0
# [SimX-DPI] Read 8 bytes from 0x80003fc8
# [SimX-DPI] Read 8 bytes from 0x80003fd0
# [SimX-DPI] Read 8 bytes from 0x80003fd8
# [SimX-DPI] Read 8 bytes from 0x80003fe0
# [SimX-DPI] Read 8 bytes from 0x80003fe8
# [SimX-DPI] Read 8 bytes from 0x80003ff0
# [SimX-DPI] Read 8 bytes from 0x80003ff8
# [SimX-DPI] Read 8 bytes from 0x80004000
# [SimX-DPI] Read 8 bytes from 0x80004008
# [SimX-DPI] Read 8 bytes from 0x80004010
# [SimX-DPI] Read 8 bytes from 0x80004018
# [SimX-DPI] Read 8 bytes from 0x80004020
# [SimX-DPI] Read 8 bytes from 0x80004028
# [SimX-DPI] Read 8 bytes from 0x80004030
# [SimX-DPI] Read 8 bytes from 0x80004038
# [SimX-DPI] Read 8 bytes from 0x80004040
# [SimX-DPI] Read 8 bytes from 0x80004048
# [SimX-DPI] Read 8 bytes from 0x80004050
# [SimX-DPI] Read 8 bytes from 0x80004058
# [SimX-DPI] Read 8 bytes from 0x80004060
# [SimX-DPI] Read 8 bytes from 0x80004068
# [SimX-DPI] Read 8 bytes from 0x80004070
# [SimX-DPI] Read 8 bytes from 0x80004078
# [SimX-DPI] Read 8 bytes from 0x80004080
# [SimX-DPI] Read 8 bytes from 0x80004088
# [SimX-DPI] Read 8 bytes from 0x80004090
# [SimX-DPI] Read 8 bytes from 0x80004098
# [SimX-DPI] Read 8 bytes from 0x800040a0
# [SimX-DPI] Read 8 bytes from 0x800040a8
# [SimX-DPI] Read 8 bytes from 0x800040b0
# [SimX-DPI] Read 8 bytes from 0x800040b8
# [SimX-DPI] Read 8 bytes from 0x800040c0
# [SimX-DPI] Read 8 bytes from 0x800040c8
# [SimX-DPI] Read 8 bytes from 0x800040d0
# [SimX-DPI] Read 8 bytes from 0x800040d8
# [SimX-DPI] Read 8 bytes from 0x800040e0
# [SimX-DPI] Read 8 bytes from 0x800040e8
# [SimX-DPI] Read 8 bytes from 0x800040f0
# [SimX-DPI] Read 8 bytes from 0x800040f8
# [SimX-DPI] Read 8 bytes from 0x80004100
# [SimX-DPI] Read 8 bytes from 0x80004108
# [SimX-DPI] Read 8 bytes from 0x80004110
# [SimX-DPI] Read 8 bytes from 0x80004118
# [SimX-DPI] Read 8 bytes from 0x80004120
# [SimX-DPI] Read 8 bytes from 0x80004128
# [SimX-DPI] Read 8 bytes from 0x80004130
# [SimX-DPI] Read 8 bytes from 0x80004138
# [SimX-DPI] Read 8 bytes from 0x80004140
# [SimX-DPI] Read 8 bytes from 0x80004148
# [SimX-DPI] Read 8 bytes from 0x80004150
# [SimX-DPI] Read 8 bytes from 0x80004158
# [SimX-DPI] Read 8 bytes from 0x80004160
# [SimX-DPI] Read 8 bytes from 0x80004168
# [SimX-DPI] Read 8 bytes from 0x80004170
# [SimX-DPI] Read 8 bytes from 0x80004178
# [SimX-DPI] Read 8 bytes from 0x80004180
# [SimX-DPI] Read 8 bytes from 0x80004188
# [SimX-DPI] Read 8 bytes from 0x80004190
# [SimX-DPI] Read 8 bytes from 0x80004198
# [SimX-DPI] Read 8 bytes from 0x800041a0
# [SimX-DPI] Read 8 bytes from 0x800041a8
# [SimX-DPI] Read 8 bytes from 0x800041b0
# [SimX-DPI] Read 8 bytes from 0x800041b8
# [SimX-DPI] Read 8 bytes from 0x800041c0
# [SimX-DPI] Read 8 bytes from 0x800041c8
# [SimX-DPI] Read 8 bytes from 0x800041d0
# [SimX-DPI] Read 8 bytes from 0x800041d8
# [SimX-DPI] Read 8 bytes from 0x800041e0
# [SimX-DPI] Read 8 bytes from 0x800041e8
# [SimX-DPI] Read 8 bytes from 0x800041f0
# [SimX-DPI] Read 8 bytes from 0x800041f8
# [SimX-DPI] Read 8 bytes from 0x80004200
# [SimX-DPI] Read 8 bytes from 0x80004208
# [SimX-DPI] Read 8 bytes from 0x80004210
# [SimX-DPI] Read 8 bytes from 0x80004218
# [SimX-DPI] Read 8 bytes from 0x80004220
# [SimX-DPI] Read 8 bytes from 0x80004228
# [SimX-DPI] Read 8 bytes from 0x80004230
# [SimX-DPI] Read 8 bytes from 0x80004238
# [SimX-DPI] Read 8 bytes from 0x80004240
# [SimX-DPI] Read 8 bytes from 0x80004248
# [SimX-DPI] Read 8 bytes from 0x80004250
# [SimX-DPI] Read 8 bytes from 0x80004258
# [SimX-DPI] Read 8 bytes from 0x80004260
# [SimX-DPI] Read 8 bytes from 0x80004268
# [SimX-DPI] Read 8 bytes from 0x80004270
# [SimX-DPI] Read 8 bytes from 0x80004278
# [SimX-DPI] Read 8 bytes from 0x80004280
# [SimX-DPI] Read 8 bytes from 0x80004288
# [SimX-DPI] Read 8 bytes from 0x80004290
# [SimX-DPI] Read 8 bytes from 0x80004298
# [SimX-DPI] Read 8 bytes from 0x800042a0
# [SimX-DPI] Read 8 bytes from 0x800042a8
# [SimX-DPI] Read 8 bytes from 0x800042b0
# [SimX-DPI] Read 8 bytes from 0x800042b8
# [SimX-DPI] Read 8 bytes from 0x800042c0
# [SimX-DPI] Read 8 bytes from 0x800042c8
# [SimX-DPI] Read 8 bytes from 0x800042d0
# [SimX-DPI] Read 8 bytes from 0x800042d8
# [SimX-DPI] Read 8 bytes from 0x800042e0
# [SimX-DPI] Read 8 bytes from 0x800042e8
# [SimX-DPI] Read 8 bytes from 0x800042f0
# [SimX-DPI] Read 8 bytes from 0x800042f8
# [SimX-DPI] Read 8 bytes from 0x80004300
# [SimX-DPI] Read 8 bytes from 0x80004308
# [SimX-DPI] Read 8 bytes from 0x80004310
# [SimX-DPI] Read 8 bytes from 0x80004318
# [SimX-DPI] Read 8 bytes from 0x80004320
# [SimX-DPI] Read 8 bytes from 0x80004328
# [SimX-DPI] Read 8 bytes from 0x80004330
# [SimX-DPI] Read 8 bytes from 0x80004338
# [SimX-DPI] Read 8 bytes from 0x80004340
# [SimX-DPI] Read 8 bytes from 0x80004348
# [SimX-DPI] Read 8 bytes from 0x80004350
# [SimX-DPI] Read 8 bytes from 0x80004358
# [SimX-DPI] Read 8 bytes from 0x80004360
# [SimX-DPI] Read 8 bytes from 0x80004368
# [SimX-DPI] Read 8 bytes from 0x80004370
# [SimX-DPI] Read 8 bytes from 0x80004378
# [SimX-DPI] Read 8 bytes from 0x80004380
# [SimX-DPI] Read 8 bytes from 0x80004388
# [SimX-DPI] Read 8 bytes from 0x80004390
# [SimX-DPI] Read 8 bytes from 0x80004398
# [SimX-DPI] Read 8 bytes from 0x800043a0
# [SimX-DPI] Read 8 bytes from 0x800043a8
# [SimX-DPI] Read 8 bytes from 0x800043b0
# [SimX-DPI] Read 8 bytes from 0x800043b8
# [SimX-DPI] Read 8 bytes from 0x800043c0
# [SimX-DPI] Read 8 bytes from 0x800043c8
# [SimX-DPI] Read 8 bytes from 0x800043d0
# [SimX-DPI] Read 8 bytes from 0x800043d8
# [SimX-DPI] Read 8 bytes from 0x800043e0
# [SimX-DPI] Read 8 bytes from 0x800043e8
# [SimX-DPI] Read 8 bytes from 0x800043f0
# [SimX-DPI] Read 8 bytes from 0x800043f8
# [SimX-DPI] Read 8 bytes from 0x80004400
# [SimX-DPI] Read 8 bytes from 0x80004408
# [SimX-DPI] Read 8 bytes from 0x80004410
# [SimX-DPI] Read 8 bytes from 0x80004418
# [SimX-DPI] Read 8 bytes from 0x80004420
# [SimX-DPI] Read 8 bytes from 0x80004428
# [SimX-DPI] Read 8 bytes from 0x80004430
# [SimX-DPI] Read 8 bytes from 0x80004438
# [SimX-DPI] Read 8 bytes from 0x80004440
# [SimX-DPI] Read 8 bytes from 0x80004448
# [SimX-DPI] Read 8 bytes from 0x80004450
# [SimX-DPI] Read 8 bytes from 0x80004458
# [SimX-DPI] Read 8 bytes from 0x80004460
# [SimX-DPI] Read 8 bytes from 0x80004468
# [SimX-DPI] Read 8 bytes from 0x80004470
# [SimX-DPI] Read 8 bytes from 0x80004478
# [SimX-DPI] Read 8 bytes from 0x80004480
# [SimX-DPI] Read 8 bytes from 0x80004488
# [SimX-DPI] Read 8 bytes from 0x80004490
# [SimX-DPI] Read 8 bytes from 0x80004498
# [SimX-DPI] Read 8 bytes from 0x800044a0
# [SimX-DPI] Read 8 bytes from 0x800044a8
# [SimX-DPI] Read 8 bytes from 0x800044b0
# [SimX-DPI] Read 8 bytes from 0x800044b8
# [SimX-DPI] Read 8 bytes from 0x800044c0
# [SimX-DPI] Read 8 bytes from 0x800044c8
# [SimX-DPI] Read 8 bytes from 0x800044d0
# [SimX-DPI] Read 8 bytes from 0x800044d8
# [SimX-DPI] Read 8 bytes from 0x800044e0
# [SimX-DPI] Read 8 bytes from 0x800044e8
# [SimX-DPI] Read 8 bytes from 0x800044f0
# [SimX-DPI] Read 8 bytes from 0x800044f8
# [SimX-DPI] Read 8 bytes from 0x80004500
# [SimX-DPI] Read 8 bytes from 0x80004508
# [SimX-DPI] Read 8 bytes from 0x80004510
# [SimX-DPI] Read 8 bytes from 0x80004518
# [SimX-DPI] Read 8 bytes from 0x80004520
# [SimX-DPI] Read 8 bytes from 0x80004528
# [SimX-DPI] Read 8 bytes from 0x80004530
# [SimX-DPI] Read 8 bytes from 0x80004538
# [SimX-DPI] Read 8 bytes from 0x80004540
# [SimX-DPI] Read 8 bytes from 0x80004548
# [SimX-DPI] Read 8 bytes from 0x80004550
# [SimX-DPI] Read 8 bytes from 0x80004558
# [SimX-DPI] Read 8 bytes from 0x80004560
# [SimX-DPI] Read 8 bytes from 0x80004568
# [SimX-DPI] Read 8 bytes from 0x80004570
# [SimX-DPI] Read 8 bytes from 0x80004578
# [SimX-DPI] Read 8 bytes from 0x80004580
# [SimX-DPI] Read 8 bytes from 0x80004588
# [SimX-DPI] Read 8 bytes from 0x80004590
# [SimX-DPI] Read 8 bytes from 0x80004598
# [SimX-DPI] Read 8 bytes from 0x800045a0
# [SimX-DPI] Read 8 bytes from 0x800045a8
# [SimX-DPI] Read 8 bytes from 0x800045b0
# [SimX-DPI] Read 8 bytes from 0x800045b8
# [SimX-DPI] Read 8 bytes from 0x800045c0
# [SimX-DPI] Read 8 bytes from 0x800045c8
# [SimX-DPI] Read 8 bytes from 0x800045d0
# [SimX-DPI] Read 8 bytes from 0x800045d8
# [SimX-DPI] Read 8 bytes from 0x800045e0
# [SimX-DPI] Read 8 bytes from 0x800045e8
# [SimX-DPI] Read 8 bytes from 0x800045f0
# [SimX-DPI] Read 8 bytes from 0x800045f8
# [SimX-DPI] Read 8 bytes from 0x80004600
# [SimX-DPI] Read 8 bytes from 0x80004608
# [SimX-DPI] Read 8 bytes from 0x80004610
# [SimX-DPI] Read 8 bytes from 0x80004618
# [SimX-DPI] Read 8 bytes from 0x80004620
# [SimX-DPI] Read 8 bytes from 0x80004628
# [SimX-DPI] Read 8 bytes from 0x80004630
# [SimX-DPI] Read 8 bytes from 0x80004638
# [SimX-DPI] Read 8 bytes from 0x80004640
# [SimX-DPI] Read 8 bytes from 0x80004648
# [SimX-DPI] Read 8 bytes from 0x80004650
# [SimX-DPI] Read 8 bytes from 0x80004658
# [SimX-DPI] Read 8 bytes from 0x80004660
# [SimX-DPI] Read 8 bytes from 0x80004668
# [SimX-DPI] Read 8 bytes from 0x80004670
# [SimX-DPI] Read 8 bytes from 0x80004678
# [SimX-DPI] Read 8 bytes from 0x80004680
# [SimX-DPI] Read 8 bytes from 0x80004688
# [SimX-DPI] Read 8 bytes from 0x80004690
# [SimX-DPI] Read 8 bytes from 0x80004698
# [SimX-DPI] Read 8 bytes from 0x800046a0
# [SimX-DPI] Read 8 bytes from 0x800046a8
# [SimX-DPI] Read 8 bytes from 0x800046b0
# [SimX-DPI] Read 8 bytes from 0x800046b8
# [SimX-DPI] Read 8 bytes from 0x800046c0
# [SimX-DPI] Read 8 bytes from 0x800046c8
# [SimX-DPI] Read 8 bytes from 0x800046d0
# [SimX-DPI] Read 8 bytes from 0x800046d8
# [SimX-DPI] Read 8 bytes from 0x800046e0
# [SimX-DPI] Read 8 bytes from 0x800046e8
# [SimX-DPI] Read 8 bytes from 0x800046f0
# [SimX-DPI] Read 8 bytes from 0x800046f8
# [SimX-DPI] Read 8 bytes from 0x80004700
# [SimX-DPI] Read 8 bytes from 0x80004708
# [SimX-DPI] Read 8 bytes from 0x80004710
# [SimX-DPI] Read 8 bytes from 0x80004718
# [SimX-DPI] Read 8 bytes from 0x80004720
# [SimX-DPI] Read 8 bytes from 0x80004728
# [SimX-DPI] Read 8 bytes from 0x80004730
# [SimX-DPI] Read 8 bytes from 0x80004738
# [SimX-DPI] Read 8 bytes from 0x80004740
# [SimX-DPI] Read 8 bytes from 0x80004748
# [SimX-DPI] Read 8 bytes from 0x80004750
# [SimX-DPI] Read 8 bytes from 0x80004758
# [SimX-DPI] Read 8 bytes from 0x80004760
# [SimX-DPI] Read 8 bytes from 0x80004768
# [SimX-DPI] Read 8 bytes from 0x80004770
# [SimX-DPI] Read 8 bytes from 0x80004778
# [SimX-DPI] Read 8 bytes from 0x80004780
# [SimX-DPI] Read 8 bytes from 0x80004788
# [SimX-DPI] Read 8 bytes from 0x80004790
# [SimX-DPI] Read 8 bytes from 0x80004798
# [SimX-DPI] Read 8 bytes from 0x800047a0
# [SimX-DPI] Read 8 bytes from 0x800047a8
# [SimX-DPI] Read 8 bytes from 0x800047b0
# [SimX-DPI] Read 8 bytes from 0x800047b8
# [SimX-DPI] Read 8 bytes from 0x800047c0
# [SimX-DPI] Read 8 bytes from 0x800047c8
# [SimX-DPI] Read 8 bytes from 0x800047d0
# [SimX-DPI] Read 8 bytes from 0x800047d8
# [SimX-DPI] Read 8 bytes from 0x800047e0
# [SimX-DPI] Read 8 bytes from 0x800047e8
# [SimX-DPI] Read 8 bytes from 0x800047f0
# [SimX-DPI] Read 8 bytes from 0x800047f8
# [SimX-DPI] Read 8 bytes from 0x80004800
# [SimX-DPI] Read 8 bytes from 0x80004808
# [SimX-DPI] Read 8 bytes from 0x80004810
# [SimX-DPI] Read 8 bytes from 0x80004818
# [SimX-DPI] Read 8 bytes from 0x80004820
# [SimX-DPI] Read 8 bytes from 0x80004828
# [SimX-DPI] Read 8 bytes from 0x80004830
# [SimX-DPI] Read 8 bytes from 0x80004838
# [SimX-DPI] Read 8 bytes from 0x80004840
# [SimX-DPI] Read 8 bytes from 0x80004848
# [SimX-DPI] Read 8 bytes from 0x80004850
# [SimX-DPI] Read 8 bytes from 0x80004858
# [SimX-DPI] Read 8 bytes from 0x80004860
# [SimX-DPI] Read 8 bytes from 0x80004868
# [SimX-DPI] Read 8 bytes from 0x80004870
# [SimX-DPI] Read 8 bytes from 0x80004878
# [SimX-DPI] Read 8 bytes from 0x80004880
# [SimX-DPI] Read 8 bytes from 0x80004888
# [SimX-DPI] Read 8 bytes from 0x80004890
# [SimX-DPI] Read 8 bytes from 0x80004898
# [SimX-DPI] Read 8 bytes from 0x800048a0
# [SimX-DPI] Read 8 bytes from 0x800048a8
# [SimX-DPI] Read 8 bytes from 0x800048b0
# [SimX-DPI] Read 8 bytes from 0x800048b8
# [SimX-DPI] Read 8 bytes from 0x800048c0
# [SimX-DPI] Read 8 bytes from 0x800048c8
# [SimX-DPI] Read 8 bytes from 0x800048d0
# [SimX-DPI] Read 8 bytes from 0x800048d8
# [SimX-DPI] Read 8 bytes from 0x800048e0
# [SimX-DPI] Read 8 bytes from 0x800048e8
# [SimX-DPI] Read 8 bytes from 0x800048f0
# [SimX-DPI] Read 8 bytes from 0x800048f8
# [SimX-DPI] Read 8 bytes from 0x80004900
# [SimX-DPI] Read 8 bytes from 0x80004908
# [SimX-DPI] Read 8 bytes from 0x80004910
# [SimX-DPI] Read 8 bytes from 0x80004918
# [SimX-DPI] Read 8 bytes from 0x80004920
# [SimX-DPI] Read 8 bytes from 0x80004928
# [SimX-DPI] Read 8 bytes from 0x80004930
# [SimX-DPI] Read 8 bytes from 0x80004938
# [SimX-DPI] Read 8 bytes from 0x80004940
# [SimX-DPI] Read 8 bytes from 0x80004948
# [SimX-DPI] Read 8 bytes from 0x80004950
# [SimX-DPI] Read 8 bytes from 0x80004958
# [SimX-DPI] Read 8 bytes from 0x80004960
# [SimX-DPI] Read 8 bytes from 0x80004968
# [SimX-DPI] Read 8 bytes from 0x80004970
# [SimX-DPI] Read 8 bytes from 0x80004978
# [SimX-DPI] Read 8 bytes from 0x80004980
# [SimX-DPI] Read 8 bytes from 0x80004988
# [SimX-DPI] Read 8 bytes from 0x80004990
# [SimX-DPI] Read 8 bytes from 0x80004998
# [SimX-DPI] Read 8 bytes from 0x800049a0
# [SimX-DPI] Read 8 bytes from 0x800049a8
# [SimX-DPI] Read 8 bytes from 0x800049b0
# [SimX-DPI] Read 8 bytes from 0x800049b8
# [SimX-DPI] Read 8 bytes from 0x800049c0
# [SimX-DPI] Read 8 bytes from 0x800049c8
# [SimX-DPI] Read 8 bytes from 0x800049d0
# [SimX-DPI] Read 8 bytes from 0x800049d8
# [SimX-DPI] Read 8 bytes from 0x800049e0
# [SimX-DPI] Read 8 bytes from 0x800049e8
# [SimX-DPI] Read 8 bytes from 0x800049f0
# [SimX-DPI] Read 8 bytes from 0x800049f8
# [SimX-DPI] Read 8 bytes from 0x80004a00
# [SimX-DPI] Read 8 bytes from 0x80004a08
# [SimX-DPI] Read 8 bytes from 0x80004a10
# [SimX-DPI] Read 8 bytes from 0x80004a18
# [SimX-DPI] Read 8 bytes from 0x80004a20
# [SimX-DPI] Read 8 bytes from 0x80004a28
# [SimX-DPI] Read 8 bytes from 0x80004a30
# [SimX-DPI] Read 8 bytes from 0x80004a38
# [SimX-DPI] Read 8 bytes from 0x80004a40
# [SimX-DPI] Read 8 bytes from 0x80004a48
# [SimX-DPI] Read 8 bytes from 0x80004a50
# [SimX-DPI] Read 8 bytes from 0x80004a58
# [SimX-DPI] Read 8 bytes from 0x80004a60
# [SimX-DPI] Read 8 bytes from 0x80004a68
# [SimX-DPI] Read 8 bytes from 0x80004a70
# [SimX-DPI] Read 8 bytes from 0x80004a78
# [SimX-DPI] Read 8 bytes from 0x80004a80
# [SimX-DPI] Read 8 bytes from 0x80004a88
# [SimX-DPI] Read 8 bytes from 0x80004a90
# [SimX-DPI] Read 8 bytes from 0x80004a98
# [SimX-DPI] Read 8 bytes from 0x80004aa0
# [SimX-DPI] Read 8 bytes from 0x80004aa8
# [SimX-DPI] Read 8 bytes from 0x80004ab0
# [SimX-DPI] Read 8 bytes from 0x80004ab8
# [SimX-DPI] Read 8 bytes from 0x80004ac0
# [SimX-DPI] Read 8 bytes from 0x80004ac8
# [SimX-DPI] Read 8 bytes from 0x80004ad0
# [SimX-DPI] Read 8 bytes from 0x80004ad8
# [SimX-DPI] Read 8 bytes from 0x80004ae0
# [SimX-DPI] Read 8 bytes from 0x80004ae8
# [SimX-DPI] Read 8 bytes from 0x80004af0
# [SimX-DPI] Read 8 bytes from 0x80004af8
# [SimX-DPI] Read 8 bytes from 0x80004b00
# [SimX-DPI] Read 8 bytes from 0x80004b08
# [SimX-DPI] Read 8 bytes from 0x80004b10
# [SimX-DPI] Read 8 bytes from 0x80004b18
# [SimX-DPI] Read 8 bytes from 0x80004b20
# [SimX-DPI] Read 8 bytes from 0x80004b28
# [SimX-DPI] Read 8 bytes from 0x80004b30
# [SimX-DPI] Read 8 bytes from 0x80004b38
# [SimX-DPI] Read 8 bytes from 0x80004b40
# [SimX-DPI] Read 8 bytes from 0x80004b48
# [SimX-DPI] Read 8 bytes from 0x80004b50
# [SimX-DPI] Read 8 bytes from 0x80004b58
# [SimX-DPI] Read 8 bytes from 0x80004b60
# [SimX-DPI] Read 8 bytes from 0x80004b68
# [SimX-DPI] Read 8 bytes from 0x80004b70
# [SimX-DPI] Read 8 bytes from 0x80004b78
# [SimX-DPI] Read 8 bytes from 0x80004b80
# [SimX-DPI] Read 8 bytes from 0x80004b88
# [SimX-DPI] Read 8 bytes from 0x80004b90
# [SimX-DPI] Read 8 bytes from 0x80004b98
# [SimX-DPI] Read 8 bytes from 0x80004ba0
# [SimX-DPI] Read 8 bytes from 0x80004ba8
# [SimX-DPI] Read 8 bytes from 0x80004bb0
# [SimX-DPI] Read 8 bytes from 0x80004bb8
# [SimX-DPI] Read 8 bytes from 0x80004bc0
# [SimX-DPI] Read 8 bytes from 0x80004bc8
# [SimX-DPI] Read 8 bytes from 0x80004bd0
# [SimX-DPI] Read 8 bytes from 0x80004bd8
# [SimX-DPI] Read 8 bytes from 0x80004be0
# [SimX-DPI] Read 8 bytes from 0x80004be8
# [SimX-DPI] Read 8 bytes from 0x80004bf0
# [SimX-DPI] Read 8 bytes from 0x80004bf8
# [SimX-DPI] Read 8 bytes from 0x80004c00
# [SimX-DPI] Read 8 bytes from 0x80004c08
# [SimX-DPI] Read 8 bytes from 0x80004c10
# [SimX-DPI] Read 8 bytes from 0x80004c18
# [SimX-DPI] Read 8 bytes from 0x80004c20
# [SimX-DPI] Read 8 bytes from 0x80004c28
# [SimX-DPI] Read 8 bytes from 0x80004c30
# [SimX-DPI] Read 8 bytes from 0x80004c38
# [SimX-DPI] Read 8 bytes from 0x80004c40
# [SimX-DPI] Read 8 bytes from 0x80004c48
# [SimX-DPI] Read 8 bytes from 0x80004c50
# [SimX-DPI] Read 8 bytes from 0x80004c58
# [SimX-DPI] Read 8 bytes from 0x80004c60
# [SimX-DPI] Read 8 bytes from 0x80004c68
# [SimX-DPI] Read 8 bytes from 0x80004c70
# [SimX-DPI] Read 8 bytes from 0x80004c78
# [SimX-DPI] Read 8 bytes from 0x80004c80
# [SimX-DPI] Read 8 bytes from 0x80004c88
# [SimX-DPI] Read 8 bytes from 0x80004c90
# [SimX-DPI] Read 8 bytes from 0x80004c98
# [SimX-DPI] Read 8 bytes from 0x80004ca0
# [SimX-DPI] Read 8 bytes from 0x80004ca8
# [SimX-DPI] Read 8 bytes from 0x80004cb0
# [SimX-DPI] Read 8 bytes from 0x80004cb8
# [SimX-DPI] Read 8 bytes from 0x80004cc0
# [SimX-DPI] Read 8 bytes from 0x80004cc8
# [SimX-DPI] Read 8 bytes from 0x80004cd0
# [SimX-DPI] Read 8 bytes from 0x80004cd8
# [SimX-DPI] Read 8 bytes from 0x80004ce0
# [SimX-DPI] Read 8 bytes from 0x80004ce8
# [SimX-DPI] Read 8 bytes from 0x80004cf0
# [SimX-DPI] Read 8 bytes from 0x80004cf8
# [SimX-DPI] Read 8 bytes from 0x80004d00
# [SimX-DPI] Read 8 bytes from 0x80004d08
# [SimX-DPI] Read 8 bytes from 0x80004d10
# [SimX-DPI] Read 8 bytes from 0x80004d18
# [SimX-DPI] Read 8 bytes from 0x80004d20
# [SimX-DPI] Read 8 bytes from 0x80004d28
# [SimX-DPI] Read 8 bytes from 0x80004d30
# [SimX-DPI] Read 8 bytes from 0x80004d38
# [SimX-DPI] Read 8 bytes from 0x80004d40
# [SimX-DPI] Read 8 bytes from 0x80004d48
# [SimX-DPI] Read 8 bytes from 0x80004d50
# [SimX-DPI] Read 8 bytes from 0x80004d58
# [SimX-DPI] Read 8 bytes from 0x80004d60
# [SimX-DPI] Read 8 bytes from 0x80004d68
# [SimX-DPI] Read 8 bytes from 0x80004d70
# [SimX-DPI] Read 8 bytes from 0x80004d78
# [SimX-DPI] Read 8 bytes from 0x80004d80
# [SimX-DPI] Read 8 bytes from 0x80004d88
# [SimX-DPI] Read 8 bytes from 0x80004d90
# [SimX-DPI] Read 8 bytes from 0x80004d98
# [SimX-DPI] Read 8 bytes from 0x80004da0
# [SimX-DPI] Read 8 bytes from 0x80004da8
# [SimX-DPI] Read 8 bytes from 0x80004db0
# [SimX-DPI] Read 8 bytes from 0x80004db8
# [SimX-DPI] Read 8 bytes from 0x80004dc0
# [SimX-DPI] Read 8 bytes from 0x80004dc8
# [SimX-DPI] Read 8 bytes from 0x80004dd0
# [SimX-DPI] Read 8 bytes from 0x80004dd8
# [SimX-DPI] Read 8 bytes from 0x80004de0
# [SimX-DPI] Read 8 bytes from 0x80004de8
# [SimX-DPI] Read 8 bytes from 0x80004df0
# [SimX-DPI] Read 8 bytes from 0x80004df8
# [SimX-DPI] Read 8 bytes from 0x80004e00
# [SimX-DPI] Read 8 bytes from 0x80004e08
# [SimX-DPI] Read 8 bytes from 0x80004e10
# [SimX-DPI] Read 8 bytes from 0x80004e18
# [SimX-DPI] Read 8 bytes from 0x80004e20
# [SimX-DPI] Read 8 bytes from 0x80004e28
# [SimX-DPI] Read 8 bytes from 0x80004e30
# [SimX-DPI] Read 8 bytes from 0x80004e38
# [SimX-DPI] Read 8 bytes from 0x80004e40
# [SimX-DPI] Read 8 bytes from 0x80004e48
# [SimX-DPI] Read 8 bytes from 0x80004e50
# [SimX-DPI] Read 8 bytes from 0x80004e58
# [SimX-DPI] Read 8 bytes from 0x80004e60
# [SimX-DPI] Read 8 bytes from 0x80004e68
# [SimX-DPI] Read 8 bytes from 0x80004e70
# [SimX-DPI] Read 8 bytes from 0x80004e78
# [SimX-DPI] Read 8 bytes from 0x80004e80
# [SimX-DPI] Read 8 bytes from 0x80004e88
# [SimX-DPI] Read 8 bytes from 0x80004e90
# [SimX-DPI] Read 8 bytes from 0x80004e98
# [SimX-DPI] Read 8 bytes from 0x80004ea0
# [SimX-DPI] Read 8 bytes from 0x80004ea8
# [SimX-DPI] Read 8 bytes from 0x80004eb0
# [SimX-DPI] Read 8 bytes from 0x80004eb8
# [SimX-DPI] Read 8 bytes from 0x80004ec0
# [SimX-DPI] Read 8 bytes from 0x80004ec8
# [SimX-DPI] Read 8 bytes from 0x80004ed0
# [SimX-DPI] Read 8 bytes from 0x80004ed8
# [SimX-DPI] Read 8 bytes from 0x80004ee0
# [SimX-DPI] Read 8 bytes from 0x80004ee8
# [SimX-DPI] Read 8 bytes from 0x80004ef0
# [SimX-DPI] Read 8 bytes from 0x80004ef8
# [SimX-DPI] Read 8 bytes from 0x80004f00
# [SimX-DPI] Read 8 bytes from 0x80004f08
# [SimX-DPI] Read 8 bytes from 0x80004f10
# [SimX-DPI] Read 8 bytes from 0x80004f18
# [SimX-DPI] Read 8 bytes from 0x80004f20
# [SimX-DPI] Read 8 bytes from 0x80004f28
# [SimX-DPI] Read 8 bytes from 0x80004f30
# [SimX-DPI] Read 8 bytes from 0x80004f38
# [SimX-DPI] Read 8 bytes from 0x80004f40
# [SimX-DPI] Read 8 bytes from 0x80004f48
# [SimX-DPI] Read 8 bytes from 0x80004f50
# [SimX-DPI] Read 8 bytes from 0x80004f58
# [SimX-DPI] Read 8 bytes from 0x80004f60
# [SimX-DPI] Read 8 bytes from 0x80004f68
# [SimX-DPI] Read 8 bytes from 0x80004f70
# [SimX-DPI] Read 8 bytes from 0x80004f78
# [SimX-DPI] Read 8 bytes from 0x80004f80
# [SimX-DPI] Read 8 bytes from 0x80004f88
# [SimX-DPI] Read 8 bytes from 0x80004f90
# [SimX-DPI] Read 8 bytes from 0x80004f98
# [SimX-DPI] Read 8 bytes from 0x80004fa0
# [SimX-DPI] Read 8 bytes from 0x80004fa8
# [SimX-DPI] Read 8 bytes from 0x80004fb0
# [SimX-DPI] Read 8 bytes from 0x80004fb8
# [SimX-DPI] Read 8 bytes from 0x80004fc0
# [SimX-DPI] Read 8 bytes from 0x80004fc8
# [SimX-DPI] Read 8 bytes from 0x80004fd0
# [SimX-DPI] Read 8 bytes from 0x80004fd8
# [SimX-DPI] Read 8 bytes from 0x80004fe0
# [SimX-DPI] Read 8 bytes from 0x80004fe8
# [SimX-DPI] Read 8 bytes from 0x80004ff0
# [SimX-DPI] Read 8 bytes from 0x80004ff8
# [SimX-DPI] Read 8 bytes from 0x80005000
# [SimX-DPI] Read 8 bytes from 0x80005008
# [SimX-DPI] Read 8 bytes from 0x80005010
# [SimX-DPI] Read 8 bytes from 0x80005018
# [SimX-DPI] Read 8 bytes from 0x80005020
# [SimX-DPI] Read 8 bytes from 0x80005028
# [SimX-DPI] Read 8 bytes from 0x80005030
# [SimX-DPI] Read 8 bytes from 0x80005038
# [SimX-DPI] Read 8 bytes from 0x80005040
# [SimX-DPI] Read 8 bytes from 0x80005048
# [SimX-DPI] Read 8 bytes from 0x80005050
# [SimX-DPI] Read 8 bytes from 0x80005058
# [SimX-DPI] Read 8 bytes from 0x80005060
# [SimX-DPI] Read 8 bytes from 0x80005068
# [SimX-DPI] Read 8 bytes from 0x80005070
# [SimX-DPI] Read 8 bytes from 0x80005078
# [SimX-DPI] Read 8 bytes from 0x80005080
# [SimX-DPI] Read 8 bytes from 0x80005088
# [SimX-DPI] Read 8 bytes from 0x80005090
# [SimX-DPI] Read 8 bytes from 0x80005098
# [SimX-DPI] Read 8 bytes from 0x800050a0
# [SimX-DPI] Read 8 bytes from 0x800050a8
# [SimX-DPI] Read 8 bytes from 0x800050b0
# [SimX-DPI] Read 8 bytes from 0x800050b8
# [SimX-DPI] Read 8 bytes from 0x800050c0
# [SimX-DPI] Read 8 bytes from 0x800050c8
# [SimX-DPI] Read 8 bytes from 0x800050d0
# [SimX-DPI] Read 8 bytes from 0x800050d8
# [SimX-DPI] Read 8 bytes from 0x800050e0
# [SimX-DPI] Read 8 bytes from 0x800050e8
# [SimX-DPI] Read 8 bytes from 0x800050f0
# [SimX-DPI] Read 8 bytes from 0x800050f8
# [SimX-DPI] Read 8 bytes from 0x80005100
# [SimX-DPI] Read 8 bytes from 0x80005108
# [SimX-DPI] Read 8 bytes from 0x80005110
# [SimX-DPI] Read 8 bytes from 0x80005118
# [SimX-DPI] Read 8 bytes from 0x80005120
# [SimX-DPI] Read 8 bytes from 0x80005128
# [SimX-DPI] Read 8 bytes from 0x80005130
# [SimX-DPI] Read 8 bytes from 0x80005138
# [SimX-DPI] Read 8 bytes from 0x80005140
# [SimX-DPI] Read 8 bytes from 0x80005148
# [SimX-DPI] Read 8 bytes from 0x80005150
# [SimX-DPI] Read 8 bytes from 0x80005158
# [SimX-DPI] Read 8 bytes from 0x80005160
# [SimX-DPI] Read 8 bytes from 0x80005168
# [SimX-DPI] Read 8 bytes from 0x80005170
# [SimX-DPI] Read 8 bytes from 0x80005178
# [SimX-DPI] Read 8 bytes from 0x80005180
# [SimX-DPI] Read 8 bytes from 0x80005188
# [SimX-DPI] Read 8 bytes from 0x80005190
# [SimX-DPI] Read 8 bytes from 0x80005198
# [SimX-DPI] Read 8 bytes from 0x800051a0
# [SimX-DPI] Read 8 bytes from 0x800051a8
# [SimX-DPI] Read 8 bytes from 0x800051b0
# [SimX-DPI] Read 8 bytes from 0x800051b8
# [SimX-DPI] Read 8 bytes from 0x800051c0
# [SimX-DPI] Read 8 bytes from 0x800051c8
# [SimX-DPI] Read 8 bytes from 0x800051d0
# [SimX-DPI] Read 8 bytes from 0x800051d8
# [SimX-DPI] Read 8 bytes from 0x800051e0
# [SimX-DPI] Read 8 bytes from 0x800051e8
# [SimX-DPI] Read 8 bytes from 0x800051f0
# [SimX-DPI] Read 8 bytes from 0x800051f8
# [SimX-DPI] Read 8 bytes from 0x80005200
# [SimX-DPI] Read 8 bytes from 0x80005208
# [SimX-DPI] Read 8 bytes from 0x80005210
# [SimX-DPI] Read 8 bytes from 0x80005218
# [SimX-DPI] Read 8 bytes from 0x80005220
# [SimX-DPI] Read 8 bytes from 0x80005228
# [SimX-DPI] Read 8 bytes from 0x80005230
# [SimX-DPI] Read 8 bytes from 0x80005238
# [SimX-DPI] Read 8 bytes from 0x80005240
# [SimX-DPI] Read 8 bytes from 0x80005248
# [SimX-DPI] Read 8 bytes from 0x80005250
# [SimX-DPI] Read 8 bytes from 0x80005258
# [SimX-DPI] Read 8 bytes from 0x80005260
# [SimX-DPI] Read 8 bytes from 0x80005268
# [SimX-DPI] Read 8 bytes from 0x80005270
# [SimX-DPI] Read 8 bytes from 0x80005278
# [SimX-DPI] Read 8 bytes from 0x80005280
# [SimX-DPI] Read 8 bytes from 0x80005288
# [SimX-DPI] Read 8 bytes from 0x80005290
# [SimX-DPI] Read 8 bytes from 0x80005298
# [SimX-DPI] Read 8 bytes from 0x800052a0
# [SimX-DPI] Read 8 bytes from 0x800052a8
# [SimX-DPI] Read 8 bytes from 0x800052b0
# [SimX-DPI] Read 8 bytes from 0x800052b8
# [SimX-DPI] Read 8 bytes from 0x800052c0
# [SimX-DPI] Read 8 bytes from 0x800052c8
# [SimX-DPI] Read 8 bytes from 0x800052d0
# [SimX-DPI] Read 8 bytes from 0x800052d8
# [SimX-DPI] Read 8 bytes from 0x800052e0
# [SimX-DPI] Read 8 bytes from 0x800052e8
# [SimX-DPI] Read 8 bytes from 0x800052f0
# [SimX-DPI] Read 8 bytes from 0x800052f8
# [SimX-DPI] Read 8 bytes from 0x80005300
# [SimX-DPI] Read 8 bytes from 0x80005308
# [SimX-DPI] Read 8 bytes from 0x80005310
# [SimX-DPI] Read 8 bytes from 0x80005318
# [SimX-DPI] Read 8 bytes from 0x80005320
# [SimX-DPI] Read 8 bytes from 0x80005328
# [SimX-DPI] Read 8 bytes from 0x80005330
# [SimX-DPI] Read 8 bytes from 0x80005338
# [SimX-DPI] Read 8 bytes from 0x80005340
# [SimX-DPI] Read 8 bytes from 0x80005348
# [SimX-DPI] Read 8 bytes from 0x80005350
# [SimX-DPI] Read 8 bytes from 0x80005358
# [SimX-DPI] Read 8 bytes from 0x80005360
# [SimX-DPI] Read 8 bytes from 0x80005368
# [SimX-DPI] Read 8 bytes from 0x80005370
# [SimX-DPI] Read 8 bytes from 0x80005378
# [SimX-DPI] Read 8 bytes from 0x80005380
# [SimX-DPI] Read 8 bytes from 0x80005388
# [SimX-DPI] Read 8 bytes from 0x80005390
# [SimX-DPI] Read 8 bytes from 0x80005398
# [SimX-DPI] Read 8 bytes from 0x800053a0
# [SimX-DPI] Read 8 bytes from 0x800053a8
# [SimX-DPI] Read 8 bytes from 0x800053b0
# [SimX-DPI] Read 8 bytes from 0x800053b8
# [SimX-DPI] Read 8 bytes from 0x800053c0
# [SimX-DPI] Read 8 bytes from 0x800053c8
# [SimX-DPI] Read 8 bytes from 0x800053d0
# [SimX-DPI] Read 8 bytes from 0x800053d8
# [SimX-DPI] Read 8 bytes from 0x800053e0
# [SimX-DPI] Read 8 bytes from 0x800053e8
# [SimX-DPI] Read 8 bytes from 0x800053f0
# [SimX-DPI] Read 8 bytes from 0x800053f8
# [SimX-DPI] Read 8 bytes from 0x80005400
# [SimX-DPI] Read 8 bytes from 0x80005408
# [SimX-DPI] Read 8 bytes from 0x80005410
# [SimX-DPI] Read 8 bytes from 0x80005418
# [SimX-DPI] Read 8 bytes from 0x80005420
# [SimX-DPI] Read 8 bytes from 0x80005428
# [SimX-DPI] Read 8 bytes from 0x80005430
# [SimX-DPI] Read 8 bytes from 0x80005438
# [SimX-DPI] Read 8 bytes from 0x80005440
# [SimX-DPI] Read 8 bytes from 0x80005448
# [SimX-DPI] Read 8 bytes from 0x80005450
# [SimX-DPI] Read 8 bytes from 0x80005458
# [SimX-DPI] Read 8 bytes from 0x80005460
# [SimX-DPI] Read 8 bytes from 0x80005468
# [SimX-DPI] Read 8 bytes from 0x80005470
# [SimX-DPI] Read 8 bytes from 0x80005478
# [SimX-DPI] Read 8 bytes from 0x80005480
# [SimX-DPI] Read 8 bytes from 0x80005488
# [SimX-DPI] Read 8 bytes from 0x80005490
# [SimX-DPI] Read 8 bytes from 0x80005498
# [SimX-DPI] Read 8 bytes from 0x800054a0
# [SimX-DPI] Read 8 bytes from 0x800054a8
# [SimX-DPI] Read 8 bytes from 0x800054b0
# [SimX-DPI] Read 8 bytes from 0x800054b8
# [SimX-DPI] Read 8 bytes from 0x800054c0
# [SimX-DPI] Read 8 bytes from 0x800054c8
# [SimX-DPI] Read 8 bytes from 0x800054d0
# [SimX-DPI] Read 8 bytes from 0x800054d8
# [SimX-DPI] Read 8 bytes from 0x800054e0
# [SimX-DPI] Read 8 bytes from 0x800054e8
# [SimX-DPI] Read 8 bytes from 0x800054f0
# [SimX-DPI] Read 8 bytes from 0x800054f8
# [SimX-DPI] Read 8 bytes from 0x80005500
# [SimX-DPI] Read 8 bytes from 0x80005508
# [SimX-DPI] Read 8 bytes from 0x80005510
# [SimX-DPI] Read 8 bytes from 0x80005518
# [SimX-DPI] Read 8 bytes from 0x80005520
# [SimX-DPI] Read 8 bytes from 0x80005528
# [SimX-DPI] Read 8 bytes from 0x80005530
# [SimX-DPI] Read 8 bytes from 0x80005538
# [SimX-DPI] Read 8 bytes from 0x80005540
# [SimX-DPI] Read 8 bytes from 0x80005548
# [SimX-DPI] Read 8 bytes from 0x80005550
# [SimX-DPI] Read 8 bytes from 0x80005558
# [SimX-DPI] Read 8 bytes from 0x80005560
# [SimX-DPI] Read 8 bytes from 0x80005568
# [SimX-DPI] Read 8 bytes from 0x80005570
# [SimX-DPI] Read 8 bytes from 0x80005578
# [SimX-DPI] Read 8 bytes from 0x80005580
# [SimX-DPI] Read 8 bytes from 0x80005588
# [SimX-DPI] Read 8 bytes from 0x80005590
# [SimX-DPI] Read 8 bytes from 0x80005598
# [SimX-DPI] Read 8 bytes from 0x800055a0
# [SimX-DPI] Read 8 bytes from 0x800055a8
# [SimX-DPI] Read 8 bytes from 0x800055b0
# [SimX-DPI] Read 8 bytes from 0x800055b8
# [SimX-DPI] Read 8 bytes from 0x800055c0
# [SimX-DPI] Read 8 bytes from 0x800055c8
# [SimX-DPI] Read 8 bytes from 0x800055d0
# [SimX-DPI] Read 8 bytes from 0x800055d8
# [SimX-DPI] Read 8 bytes from 0x800055e0
# [SimX-DPI] Read 8 bytes from 0x800055e8
# [SimX-DPI] Read 8 bytes from 0x800055f0
# [SimX-DPI] Read 8 bytes from 0x800055f8
# [SimX-DPI] Read 8 bytes from 0x80005600
# [SimX-DPI] Read 8 bytes from 0x80005608
# [SimX-DPI] Read 8 bytes from 0x80005610
# [SimX-DPI] Read 8 bytes from 0x80005618
# [SimX-DPI] Read 8 bytes from 0x80005620
# [SimX-DPI] Read 8 bytes from 0x80005628
# [SimX-DPI] Read 8 bytes from 0x80005630
# [SimX-DPI] Read 8 bytes from 0x80005638
# [SimX-DPI] Read 8 bytes from 0x80005640
# [SimX-DPI] Read 8 bytes from 0x80005648
# [SimX-DPI] Read 8 bytes from 0x80005650
# [SimX-DPI] Read 8 bytes from 0x80005658
# [SimX-DPI] Read 8 bytes from 0x80005660
# [SimX-DPI] Read 8 bytes from 0x80005668
# [SimX-DPI] Read 8 bytes from 0x80005670
# [SimX-DPI] Read 8 bytes from 0x80005678
# [SimX-DPI] Read 8 bytes from 0x80005680
# [SimX-DPI] Read 8 bytes from 0x80005688
# [SimX-DPI] Read 8 bytes from 0x80005690
# [SimX-DPI] Read 8 bytes from 0x80005698
# [SimX-DPI] Read 8 bytes from 0x800056a0
# [SimX-DPI] Read 8 bytes from 0x800056a8
# [SimX-DPI] Read 8 bytes from 0x800056b0
# [SimX-DPI] Read 8 bytes from 0x800056b8
# [SimX-DPI] Read 8 bytes from 0x800056c0
# [SimX-DPI] Read 8 bytes from 0x800056c8
# [SimX-DPI] Read 8 bytes from 0x800056d0
# [SimX-DPI] Read 8 bytes from 0x800056d8
# [SimX-DPI] Read 8 bytes from 0x800056e0
# [SimX-DPI] Read 8 bytes from 0x800056e8
# [SimX-DPI] Read 8 bytes from 0x800056f0
# [SimX-DPI] Read 8 bytes from 0x800056f8
# [SimX-DPI] Read 8 bytes from 0x80005700
# [SimX-DPI] Read 8 bytes from 0x80005708
# [SimX-DPI] Read 8 bytes from 0x80005710
# [SimX-DPI] Read 8 bytes from 0x80005718
# [SimX-DPI] Read 8 bytes from 0x80005720
# [SimX-DPI] Read 8 bytes from 0x80005728
# [SimX-DPI] Read 8 bytes from 0x80005730
# [SimX-DPI] Read 8 bytes from 0x80005738
# [SimX-DPI] Read 8 bytes from 0x80005740
# [SimX-DPI] Read 8 bytes from 0x80005748
# [SimX-DPI] Read 8 bytes from 0x80005750
# [SimX-DPI] Read 8 bytes from 0x80005758
# [SimX-DPI] Read 8 bytes from 0x80005760
# [SimX-DPI] Read 8 bytes from 0x80005768
# [SimX-DPI] Read 8 bytes from 0x80005770
# [SimX-DPI] Read 8 bytes from 0x80005778
# [SimX-DPI] Read 8 bytes from 0x80005780
# [SimX-DPI] Read 8 bytes from 0x80005788
# [SimX-DPI] Read 8 bytes from 0x80005790
# [SimX-DPI] Read 8 bytes from 0x80005798
# [SimX-DPI] Read 8 bytes from 0x800057a0
# [SimX-DPI] Read 8 bytes from 0x800057a8
# [SimX-DPI] Read 8 bytes from 0x800057b0
# [SimX-DPI] Read 8 bytes from 0x800057b8
# [SimX-DPI] Read 8 bytes from 0x800057c0
# [SimX-DPI] Read 8 bytes from 0x800057c8
# [SimX-DPI] Read 8 bytes from 0x800057d0
# [SimX-DPI] Read 8 bytes from 0x800057d8
# [SimX-DPI] Read 8 bytes from 0x800057e0
# [SimX-DPI] Read 8 bytes from 0x800057e8
# [SimX-DPI] Read 8 bytes from 0x800057f0
# [SimX-DPI] Read 8 bytes from 0x800057f8
# [SimX-DPI] Read 8 bytes from 0x80005800
# [SimX-DPI] Read 8 bytes from 0x80005808
# [SimX-DPI] Read 8 bytes from 0x80005810
# [SimX-DPI] Read 8 bytes from 0x80005818
# [SimX-DPI] Read 8 bytes from 0x80005820
# [SimX-DPI] Read 8 bytes from 0x80005828
# [SimX-DPI] Read 8 bytes from 0x80005830
# [SimX-DPI] Read 8 bytes from 0x80005838
# [SimX-DPI] Read 8 bytes from 0x80005840
# [SimX-DPI] Read 8 bytes from 0x80005848
# [SimX-DPI] Read 8 bytes from 0x80005850
# [SimX-DPI] Read 8 bytes from 0x80005858
# [SimX-DPI] Read 8 bytes from 0x80005860
# [SimX-DPI] Read 8 bytes from 0x80005868
# [SimX-DPI] Read 8 bytes from 0x80005870
# [SimX-DPI] Read 8 bytes from 0x80005878
# [SimX-DPI] Read 8 bytes from 0x80005880
# [SimX-DPI] Read 8 bytes from 0x80005888
# [SimX-DPI] Read 8 bytes from 0x80005890
# [SimX-DPI] Read 8 bytes from 0x80005898
# [SimX-DPI] Read 8 bytes from 0x800058a0
# [SimX-DPI] Read 8 bytes from 0x800058a8
# [SimX-DPI] Read 8 bytes from 0x800058b0
# [SimX-DPI] Read 8 bytes from 0x800058b8
# [SimX-DPI] Read 8 bytes from 0x800058c0
# [SimX-DPI] Read 8 bytes from 0x800058c8
# [SimX-DPI] Read 8 bytes from 0x800058d0
# [SimX-DPI] Read 8 bytes from 0x800058d8
# [SimX-DPI] Read 8 bytes from 0x800058e0
# [SimX-DPI] Read 8 bytes from 0x800058e8
# [SimX-DPI] Read 8 bytes from 0x800058f0
# [SimX-DPI] Read 8 bytes from 0x800058f8
# [SimX-DPI] Read 8 bytes from 0x80005900
# [SimX-DPI] Read 8 bytes from 0x80005908
# [SimX-DPI] Read 8 bytes from 0x80005910
# [SimX-DPI] Read 8 bytes from 0x80005918
# [SimX-DPI] Read 8 bytes from 0x80005920
# [SimX-DPI] Read 8 bytes from 0x80005928
# [SimX-DPI] Read 8 bytes from 0x80005930
# [SimX-DPI] Read 8 bytes from 0x80005938
# [SimX-DPI] Read 8 bytes from 0x80005940
# [SimX-DPI] Read 8 bytes from 0x80005948
# [SimX-DPI] Read 8 bytes from 0x80005950
# [SimX-DPI] Read 8 bytes from 0x80005958
# [SimX-DPI] Read 8 bytes from 0x80005960
# [SimX-DPI] Read 8 bytes from 0x80005968
# [SimX-DPI] Read 8 bytes from 0x80005970
# [SimX-DPI] Read 8 bytes from 0x80005978
# [SimX-DPI] Read 8 bytes from 0x80005980
# [SimX-DPI] Read 8 bytes from 0x80005988
# [SimX-DPI] Read 8 bytes from 0x80005990
# [SimX-DPI] Read 8 bytes from 0x80005998
# [SimX-DPI] Read 8 bytes from 0x800059a0
# [SimX-DPI] Read 8 bytes from 0x800059a8
# [SimX-DPI] Read 8 bytes from 0x800059b0
# [SimX-DPI] Read 8 bytes from 0x800059b8
# [SimX-DPI] Read 8 bytes from 0x800059c0
# [SimX-DPI] Read 8 bytes from 0x800059c8
# [SimX-DPI] Read 8 bytes from 0x800059d0
# [SimX-DPI] Read 8 bytes from 0x800059d8
# [SimX-DPI] Read 8 bytes from 0x800059e0
# [SimX-DPI] Read 8 bytes from 0x800059e8
# [SimX-DPI] Read 8 bytes from 0x800059f0
# [SimX-DPI] Read 8 bytes from 0x800059f8
# [SimX-DPI] Read 8 bytes from 0x80005a00
# [SimX-DPI] Read 8 bytes from 0x80005a08
# [SimX-DPI] Read 8 bytes from 0x80005a10
# [SimX-DPI] Read 8 bytes from 0x80005a18
# [SimX-DPI] Read 8 bytes from 0x80005a20
# [SimX-DPI] Read 8 bytes from 0x80005a28
# [SimX-DPI] Read 8 bytes from 0x80005a30
# [SimX-DPI] Read 8 bytes from 0x80005a38
# [SimX-DPI] Read 8 bytes from 0x80005a40
# [SimX-DPI] Read 8 bytes from 0x80005a48
# [SimX-DPI] Read 8 bytes from 0x80005a50
# [SimX-DPI] Read 8 bytes from 0x80005a58
# [SimX-DPI] Read 8 bytes from 0x80005a60
# [SimX-DPI] Read 8 bytes from 0x80005a68
# [SimX-DPI] Read 8 bytes from 0x80005a70
# [SimX-DPI] Read 8 bytes from 0x80005a78
# [SimX-DPI] Read 8 bytes from 0x80005a80
# [SimX-DPI] Read 8 bytes from 0x80005a88
# [SimX-DPI] Read 8 bytes from 0x80005a90
# [SimX-DPI] Read 8 bytes from 0x80005a98
# [SimX-DPI] Read 8 bytes from 0x80005aa0
# [SimX-DPI] Read 8 bytes from 0x80005aa8
# [SimX-DPI] Read 8 bytes from 0x80005ab0
# [SimX-DPI] Read 8 bytes from 0x80005ab8
# [SimX-DPI] Read 8 bytes from 0x80005ac0
# [SimX-DPI] Read 8 bytes from 0x80005ac8
# [SimX-DPI] Read 8 bytes from 0x80005ad0
# [SimX-DPI] Read 8 bytes from 0x80005ad8
# [SimX-DPI] Read 8 bytes from 0x80005ae0
# [SimX-DPI] Read 8 bytes from 0x80005ae8
# [SimX-DPI] Read 8 bytes from 0x80005af0
# [SimX-DPI] Read 8 bytes from 0x80005af8
# [SimX-DPI] Read 8 bytes from 0x80005b00
# [SimX-DPI] Read 8 bytes from 0x80005b08
# [SimX-DPI] Read 8 bytes from 0x80005b10
# [SimX-DPI] Read 8 bytes from 0x80005b18
# [SimX-DPI] Read 8 bytes from 0x80005b20
# [SimX-DPI] Read 8 bytes from 0x80005b28
# [SimX-DPI] Read 8 bytes from 0x80005b30
# [SimX-DPI] Read 8 bytes from 0x80005b38
# [SimX-DPI] Read 8 bytes from 0x80005b40
# [SimX-DPI] Read 8 bytes from 0x80005b48
# [SimX-DPI] Read 8 bytes from 0x80005b50
# [SimX-DPI] Read 8 bytes from 0x80005b58
# [SimX-DPI] Read 8 bytes from 0x80005b60
# [SimX-DPI] Read 8 bytes from 0x80005b68
# [SimX-DPI] Read 8 bytes from 0x80005b70
# [SimX-DPI] Read 8 bytes from 0x80005b78
# [SimX-DPI] Read 8 bytes from 0x80005b80
# [SimX-DPI] Read 8 bytes from 0x80005b88
# [SimX-DPI] Read 8 bytes from 0x80005b90
# [SimX-DPI] Read 8 bytes from 0x80005b98
# [SimX-DPI] Read 8 bytes from 0x80005ba0
# [SimX-DPI] Read 8 bytes from 0x80005ba8
# [SimX-DPI] Read 8 bytes from 0x80005bb0
# [SimX-DPI] Read 8 bytes from 0x80005bb8
# [SimX-DPI] Read 8 bytes from 0x80005bc0
# [SimX-DPI] Read 8 bytes from 0x80005bc8
# [SimX-DPI] Read 8 bytes from 0x80005bd0
# [SimX-DPI] Read 8 bytes from 0x80005bd8
# [SimX-DPI] Read 8 bytes from 0x80005be0
# [SimX-DPI] Read 8 bytes from 0x80005be8
# [SimX-DPI] Read 8 bytes from 0x80005bf0
# [SimX-DPI] Read 8 bytes from 0x80005bf8
# [SimX-DPI] Read 8 bytes from 0x80005c00
# [SimX-DPI] Read 8 bytes from 0x80005c08
# [SimX-DPI] Read 8 bytes from 0x80005c10
# [SimX-DPI] Read 8 bytes from 0x80005c18
# [SimX-DPI] Read 8 bytes from 0x80005c20
# [SimX-DPI] Read 8 bytes from 0x80005c28
# [SimX-DPI] Read 8 bytes from 0x80005c30
# [SimX-DPI] Read 8 bytes from 0x80005c38
# [SimX-DPI] Read 8 bytes from 0x80005c40
# [SimX-DPI] Read 8 bytes from 0x80005c48
# [SimX-DPI] Read 8 bytes from 0x80005c50
# [SimX-DPI] Read 8 bytes from 0x80005c58
# [SimX-DPI] Read 8 bytes from 0x80005c60
# [SimX-DPI] Read 8 bytes from 0x80005c68
# [SimX-DPI] Read 8 bytes from 0x80005c70
# [SimX-DPI] Read 8 bytes from 0x80005c78
# [SimX-DPI] Read 8 bytes from 0x80005c80
# [SimX-DPI] Read 8 bytes from 0x80005c88
# [SimX-DPI] Read 8 bytes from 0x80005c90
# [SimX-DPI] Read 8 bytes from 0x80005c98
# [SimX-DPI] Read 8 bytes from 0x80005ca0
# [SimX-DPI] Read 8 bytes from 0x80005ca8
# [SimX-DPI] Read 8 bytes from 0x80005cb0
# [SimX-DPI] Read 8 bytes from 0x80005cb8
# [SimX-DPI] Read 8 bytes from 0x80005cc0
# [SimX-DPI] Read 8 bytes from 0x80005cc8
# [SimX-DPI] Read 8 bytes from 0x80005cd0
# [SimX-DPI] Read 8 bytes from 0x80005cd8
# [SimX-DPI] Read 8 bytes from 0x80005ce0
# [SimX-DPI] Read 8 bytes from 0x80005ce8
# [SimX-DPI] Read 8 bytes from 0x80005cf0
# [SimX-DPI] Read 8 bytes from 0x80005cf8
# [SimX-DPI] Read 8 bytes from 0x80005d00
# [SimX-DPI] Read 8 bytes from 0x80005d08
# [SimX-DPI] Read 8 bytes from 0x80005d10
# [SimX-DPI] Read 8 bytes from 0x80005d18
# [SimX-DPI] Read 8 bytes from 0x80005d20
# [SimX-DPI] Read 8 bytes from 0x80005d28
# [SimX-DPI] Read 8 bytes from 0x80005d30
# [SimX-DPI] Read 8 bytes from 0x80005d38
# [SimX-DPI] Read 8 bytes from 0x80005d40
# [SimX-DPI] Read 8 bytes from 0x80005d48
# [SimX-DPI] Read 8 bytes from 0x80005d50
# [SimX-DPI] Read 8 bytes from 0x80005d58
# [SimX-DPI] Read 8 bytes from 0x80005d60
# [SimX-DPI] Read 8 bytes from 0x80005d68
# [SimX-DPI] Read 8 bytes from 0x80005d70
# [SimX-DPI] Read 8 bytes from 0x80005d78
# [SimX-DPI] Read 8 bytes from 0x80005d80
# [SimX-DPI] Read 8 bytes from 0x80005d88
# [SimX-DPI] Read 8 bytes from 0x80005d90
# [SimX-DPI] Read 8 bytes from 0x80005d98
# [SimX-DPI] Read 8 bytes from 0x80005da0
# [SimX-DPI] Read 8 bytes from 0x80005da8
# [SimX-DPI] Read 8 bytes from 0x80005db0
# [SimX-DPI] Read 8 bytes from 0x80005db8
# [SimX-DPI] Read 8 bytes from 0x80005dc0
# [SimX-DPI] Read 8 bytes from 0x80005dc8
# [SimX-DPI] Read 8 bytes from 0x80005dd0
# [SimX-DPI] Read 8 bytes from 0x80005dd8
# [SimX-DPI] Read 8 bytes from 0x80005de0
# [SimX-DPI] Read 8 bytes from 0x80005de8
# [SimX-DPI] Read 8 bytes from 0x80005df0
# [SimX-DPI] Read 8 bytes from 0x80005df8
# [SimX-DPI] Read 8 bytes from 0x80005e00
# [SimX-DPI] Read 8 bytes from 0x80005e08
# [SimX-DPI] Read 8 bytes from 0x80005e10
# [SimX-DPI] Read 8 bytes from 0x80005e18
# [SimX-DPI] Read 8 bytes from 0x80005e20
# [SimX-DPI] Read 8 bytes from 0x80005e28
# [SimX-DPI] Read 8 bytes from 0x80005e30
# [SimX-DPI] Read 8 bytes from 0x80005e38
# [SimX-DPI] Read 8 bytes from 0x80005e40
# [SimX-DPI] Read 8 bytes from 0x80005e48
# [SimX-DPI] Read 8 bytes from 0x80005e50
# [SimX-DPI] Read 8 bytes from 0x80005e58
# [SimX-DPI] Read 8 bytes from 0x80005e60
# [SimX-DPI] Read 8 bytes from 0x80005e68
# [SimX-DPI] Read 8 bytes from 0x80005e70
# [SimX-DPI] Read 8 bytes from 0x80005e78
# [SimX-DPI] Read 8 bytes from 0x80005e80
# [SimX-DPI] Read 8 bytes from 0x80005e88
# [SimX-DPI] Read 8 bytes from 0x80005e90
# [SimX-DPI] Read 8 bytes from 0x80005e98
# [SimX-DPI] Read 8 bytes from 0x80005ea0
# [SimX-DPI] Read 8 bytes from 0x80005ea8
# [SimX-DPI] Read 8 bytes from 0x80005eb0
# [SimX-DPI] Read 8 bytes from 0x80005eb8
# [SimX-DPI] Read 8 bytes from 0x80005ec0
# [SimX-DPI] Read 8 bytes from 0x80005ec8
# [SimX-DPI] Read 8 bytes from 0x80005ed0
# [SimX-DPI] Read 8 bytes from 0x80005ed8
# [SimX-DPI] Read 8 bytes from 0x80005ee0
# [SimX-DPI] Read 8 bytes from 0x80005ee8
# [SimX-DPI] Read 8 bytes from 0x80005ef0
# [SimX-DPI] Read 8 bytes from 0x80005ef8
# [SimX-DPI] Read 8 bytes from 0x80005f00
# [SimX-DPI] Read 8 bytes from 0x80005f08
# [SimX-DPI] Read 8 bytes from 0x80005f10
# [SimX-DPI] Read 8 bytes from 0x80005f18
# [SimX-DPI] Read 8 bytes from 0x80005f20
# [SimX-DPI] Read 8 bytes from 0x80005f28
# [SimX-DPI] Read 8 bytes from 0x80005f30
# [SimX-DPI] Read 8 bytes from 0x80005f38
# [SimX-DPI] Read 8 bytes from 0x80005f40
# [SimX-DPI] Read 8 bytes from 0x80005f48
# [SimX-DPI] Read 8 bytes from 0x80005f50
# [SimX-DPI] Read 8 bytes from 0x80005f58
# [SimX-DPI] Read 8 bytes from 0x80005f60
# [SimX-DPI] Read 8 bytes from 0x80005f68
# [SimX-DPI] Read 8 bytes from 0x80005f70
# [SimX-DPI] Read 8 bytes from 0x80005f78
# [SimX-DPI] Read 8 bytes from 0x80005f80
# [SimX-DPI] Read 8 bytes from 0x80005f88
# [SimX-DPI] Read 8 bytes from 0x80005f90
# [SimX-DPI] Read 8 bytes from 0x80005f98
# [SimX-DPI] Read 8 bytes from 0x80005fa0
# [SimX-DPI] Read 8 bytes from 0x80005fa8
# [SimX-DPI] Read 8 bytes from 0x80005fb0
# [SimX-DPI] Read 8 bytes from 0x80005fb8
# [SimX-DPI] Read 8 bytes from 0x80005fc0
# [SimX-DPI] Read 8 bytes from 0x80005fc8
# [SimX-DPI] Read 8 bytes from 0x80005fd0
# [SimX-DPI] Read 8 bytes from 0x80005fd8
# [SimX-DPI] Read 8 bytes from 0x80005fe0
# [SimX-DPI] Read 8 bytes from 0x80005fe8
# [SimX-DPI] Read 8 bytes from 0x80005ff0
# [SimX-DPI] Read 8 bytes from 0x80005ff8
# [SimX-DPI] Read 8 bytes from 0x80006000
# [SimX-DPI] Read 8 bytes from 0x80006008
# [SimX-DPI] Read 8 bytes from 0x80006010
# [SimX-DPI] Read 8 bytes from 0x80006018
# [SimX-DPI] Read 8 bytes from 0x80006020
# [SimX-DPI] Read 8 bytes from 0x80006028
# [SimX-DPI] Read 8 bytes from 0x80006030
# [SimX-DPI] Read 8 bytes from 0x80006038
# [SimX-DPI] Read 8 bytes from 0x80006040
# [SimX-DPI] Read 8 bytes from 0x80006048
# [SimX-DPI] Read 8 bytes from 0x80006050
# [SimX-DPI] Read 8 bytes from 0x80006058
# [SimX-DPI] Read 8 bytes from 0x80006060
# [SimX-DPI] Read 8 bytes from 0x80006068
# [SimX-DPI] Read 8 bytes from 0x80006070
# [SimX-DPI] Read 8 bytes from 0x80006078
# [SimX-DPI] Read 8 bytes from 0x80006080
# [SimX-DPI] Read 8 bytes from 0x80006088
# [SimX-DPI] Read 8 bytes from 0x80006090
# [SimX-DPI] Read 8 bytes from 0x80006098
# [SimX-DPI] Read 8 bytes from 0x800060a0
# [SimX-DPI] Read 8 bytes from 0x800060a8
# [SimX-DPI] Read 8 bytes from 0x800060b0
# [SimX-DPI] Read 8 bytes from 0x800060b8
# [SimX-DPI] Read 8 bytes from 0x800060c0
# [SimX-DPI] Read 8 bytes from 0x800060c8
# [SimX-DPI] Read 8 bytes from 0x800060d0
# [SimX-DPI] Read 8 bytes from 0x800060d8
# [SimX-DPI] Read 8 bytes from 0x800060e0
# [SimX-DPI] Read 8 bytes from 0x800060e8
# [SimX-DPI] Read 8 bytes from 0x800060f0
# [SimX-DPI] Read 8 bytes from 0x800060f8
# [SimX-DPI] Read 8 bytes from 0x80006100
# [SimX-DPI] Read 8 bytes from 0x80006108
# [SimX-DPI] Read 8 bytes from 0x80006110
# [SimX-DPI] Read 8 bytes from 0x80006118
# [SimX-DPI] Read 8 bytes from 0x80006120
# [SimX-DPI] Read 8 bytes from 0x80006128
# [SimX-DPI] Read 8 bytes from 0x80006130
# [SimX-DPI] Read 8 bytes from 0x80006138
# [SimX-DPI] Read 8 bytes from 0x80006140
# [SimX-DPI] Read 8 bytes from 0x80006148
# [SimX-DPI] Read 8 bytes from 0x80006150
# [SimX-DPI] Read 8 bytes from 0x80006158
# [SimX-DPI] Read 8 bytes from 0x80006160
# [SimX-DPI] Read 8 bytes from 0x80006168
# [SimX-DPI] Read 8 bytes from 0x80006170
# [SimX-DPI] Read 8 bytes from 0x80006178
# [SimX-DPI] Read 8 bytes from 0x80006180
# [SimX-DPI] Read 8 bytes from 0x80006188
# [SimX-DPI] Read 8 bytes from 0x80006190
# [SimX-DPI] Read 8 bytes from 0x80006198
# [SimX-DPI] Read 8 bytes from 0x800061a0
# [SimX-DPI] Read 8 bytes from 0x800061a8
# [SimX-DPI] Read 8 bytes from 0x800061b0
# [SimX-DPI] Read 8 bytes from 0x800061b8
# [SimX-DPI] Read 8 bytes from 0x800061c0
# [SimX-DPI] Read 8 bytes from 0x800061c8
# [SimX-DPI] Read 8 bytes from 0x800061d0
# [SimX-DPI] Read 8 bytes from 0x800061d8
# [SimX-DPI] Read 8 bytes from 0x800061e0
# [SimX-DPI] Read 8 bytes from 0x800061e8
# [SimX-DPI] Read 8 bytes from 0x800061f0
# [SimX-DPI] Read 8 bytes from 0x800061f8
# [SimX-DPI] Read 8 bytes from 0x80006200
# [SimX-DPI] Read 8 bytes from 0x80006208
# [SimX-DPI] Read 8 bytes from 0x80006210
# [SimX-DPI] Read 8 bytes from 0x80006218
# [SimX-DPI] Read 8 bytes from 0x80006220
# [SimX-DPI] Read 8 bytes from 0x80006228
# [SimX-DPI] Read 8 bytes from 0x80006230
# [SimX-DPI] Read 8 bytes from 0x80006238
# [SimX-DPI] Read 8 bytes from 0x80006240
# [SimX-DPI] Read 8 bytes from 0x80006248
# [SimX-DPI] Read 8 bytes from 0x80006250
# [SimX-DPI] Read 8 bytes from 0x80006258
# [SimX-DPI] Read 8 bytes from 0x80006260
# [SimX-DPI] Read 8 bytes from 0x80006268
# [SimX-DPI] Read 8 bytes from 0x80006270
# [SimX-DPI] Read 8 bytes from 0x80006278
# [SimX-DPI] Read 8 bytes from 0x80006280
# [SimX-DPI] Read 8 bytes from 0x80006288
# [SimX-DPI] Read 8 bytes from 0x80006290
# [SimX-DPI] Read 8 bytes from 0x80006298
# [SimX-DPI] Read 8 bytes from 0x800062a0
# [SimX-DPI] Read 8 bytes from 0x800062a8
# [SimX-DPI] Read 8 bytes from 0x800062b0
# [SimX-DPI] Read 8 bytes from 0x800062b8
# [SimX-DPI] Read 8 bytes from 0x800062c0
# [SimX-DPI] Read 8 bytes from 0x800062c8
# [SimX-DPI] Read 8 bytes from 0x800062d0
# [SimX-DPI] Read 8 bytes from 0x800062d8
# [SimX-DPI] Read 8 bytes from 0x800062e0
# [SimX-DPI] Read 8 bytes from 0x800062e8
# [SimX-DPI] Read 8 bytes from 0x800062f0
# [SimX-DPI] Read 8 bytes from 0x800062f8
# [SimX-DPI] Read 8 bytes from 0x80006300
# [SimX-DPI] Read 8 bytes from 0x80006308
# [SimX-DPI] Read 8 bytes from 0x80006310
# [SimX-DPI] Read 8 bytes from 0x80006318
# [SimX-DPI] Read 8 bytes from 0x80006320
# [SimX-DPI] Read 8 bytes from 0x80006328
# [SimX-DPI] Read 8 bytes from 0x80006330
# [SimX-DPI] Read 8 bytes from 0x80006338
# [SimX-DPI] Read 8 bytes from 0x80006340
# [SimX-DPI] Read 8 bytes from 0x80006348
# [SimX-DPI] Read 8 bytes from 0x80006350
# [SimX-DPI] Read 8 bytes from 0x80006358
# [SimX-DPI] Read 8 bytes from 0x80006360
# [SimX-DPI] Read 8 bytes from 0x80006368
# [SimX-DPI] Read 8 bytes from 0x80006370
# [SimX-DPI] Read 8 bytes from 0x80006378
# [SimX-DPI] Read 8 bytes from 0x80006380
# [SimX-DPI] Read 8 bytes from 0x80006388
# [SimX-DPI] Read 8 bytes from 0x80006390
# [SimX-DPI] Read 8 bytes from 0x80006398
# [SimX-DPI] Read 8 bytes from 0x800063a0
# [SimX-DPI] Read 8 bytes from 0x800063a8
# [SimX-DPI] Read 8 bytes from 0x800063b0
# [SimX-DPI] Read 8 bytes from 0x800063b8
# [SimX-DPI] Read 8 bytes from 0x800063c0
# [SimX-DPI] Read 8 bytes from 0x800063c8
# [SimX-DPI] Read 8 bytes from 0x800063d0
# [SimX-DPI] Read 8 bytes from 0x800063d8
# [SimX-DPI] Read 8 bytes from 0x800063e0
# [SimX-DPI] Read 8 bytes from 0x800063e8
# [SimX-DPI] Read 8 bytes from 0x800063f0
# [SimX-DPI] Read 8 bytes from 0x800063f8
# [SimX-DPI] Read 8 bytes from 0x80006400
# [SimX-DPI] Read 8 bytes from 0x80006408
# [SimX-DPI] Read 8 bytes from 0x80006410
# [SimX-DPI] Read 8 bytes from 0x80006418
# [SimX-DPI] Read 8 bytes from 0x80006420
# [SimX-DPI] Read 8 bytes from 0x80006428
# [SimX-DPI] Read 8 bytes from 0x80006430
# [SimX-DPI] Read 8 bytes from 0x80006438
# [SimX-DPI] Read 8 bytes from 0x80006440
# [SimX-DPI] Read 8 bytes from 0x80006448
# [SimX-DPI] Read 8 bytes from 0x80006450
# [SimX-DPI] Read 8 bytes from 0x80006458
# [SimX-DPI] Read 8 bytes from 0x80006460
# [SimX-DPI] Read 8 bytes from 0x80006468
# [SimX-DPI] Read 8 bytes from 0x80006470
# [SimX-DPI] Read 8 bytes from 0x80006478
# [SimX-DPI] Read 8 bytes from 0x80006480
# [SimX-DPI] Read 8 bytes from 0x80006488
# [SimX-DPI] Read 8 bytes from 0x80006490
# [SimX-DPI] Read 8 bytes from 0x80006498
# [SimX-DPI] Read 8 bytes from 0x800064a0
# [SimX-DPI] Read 8 bytes from 0x800064a8
# [SimX-DPI] Read 8 bytes from 0x800064b0
# [SimX-DPI] Read 8 bytes from 0x800064b8
# [SimX-DPI] Read 8 bytes from 0x800064c0
# [SimX-DPI] Read 8 bytes from 0x800064c8
# [SimX-DPI] Read 8 bytes from 0x800064d0
# [SimX-DPI] Read 8 bytes from 0x800064d8
# [SimX-DPI] Read 8 bytes from 0x800064e0
# [SimX-DPI] Read 8 bytes from 0x800064e8
# [SimX-DPI] Read 8 bytes from 0x800064f0
# [SimX-DPI] Read 8 bytes from 0x800064f8
# [SimX-DPI] Read 8 bytes from 0x80006500
# [SimX-DPI] Read 8 bytes from 0x80006508
# [SimX-DPI] Read 8 bytes from 0x80006510
# [SimX-DPI] Read 8 bytes from 0x80006518
# [SimX-DPI] Read 8 bytes from 0x80006520
# [SimX-DPI] Read 8 bytes from 0x80006528
# [SimX-DPI] Read 8 bytes from 0x80006530
# [SimX-DPI] Read 8 bytes from 0x80006538
# [SimX-DPI] Read 8 bytes from 0x80006540
# [SimX-DPI] Read 8 bytes from 0x80006548
# [SimX-DPI] Read 8 bytes from 0x80006550
# [SimX-DPI] Read 8 bytes from 0x80006558
# [SimX-DPI] Read 8 bytes from 0x80006560
# [SimX-DPI] Read 8 bytes from 0x80006568
# [SimX-DPI] Read 8 bytes from 0x80006570
# [SimX-DPI] Read 8 bytes from 0x80006578
# [SimX-DPI] Read 8 bytes from 0x80006580
# [SimX-DPI] Read 8 bytes from 0x80006588
# [SimX-DPI] Read 8 bytes from 0x80006590
# [SimX-DPI] Read 8 bytes from 0x80006598
# [SimX-DPI] Read 8 bytes from 0x800065a0
# [SimX-DPI] Read 8 bytes from 0x800065a8
# [SimX-DPI] Read 8 bytes from 0x800065b0
# [SimX-DPI] Read 8 bytes from 0x800065b8
# [SimX-DPI] Read 8 bytes from 0x800065c0
# [SimX-DPI] Read 8 bytes from 0x800065c8
# [SimX-DPI] Read 8 bytes from 0x800065d0
# [SimX-DPI] Read 8 bytes from 0x800065d8
# [SimX-DPI] Read 8 bytes from 0x800065e0
# [SimX-DPI] Read 8 bytes from 0x800065e8
# [SimX-DPI] Read 8 bytes from 0x800065f0
# [SimX-DPI] Read 8 bytes from 0x800065f8
# [SimX-DPI] Read 8 bytes from 0x80006600
# [SimX-DPI] Read 8 bytes from 0x80006608
# [SimX-DPI] Read 8 bytes from 0x80006610
# [SimX-DPI] Read 8 bytes from 0x80006618
# [SimX-DPI] Read 8 bytes from 0x80006620
# [SimX-DPI] Read 8 bytes from 0x80006628
# [SimX-DPI] Read 8 bytes from 0x80006630
# [SimX-DPI] Read 8 bytes from 0x80006638
# [SimX-DPI] Read 8 bytes from 0x80006640
# [SimX-DPI] Read 8 bytes from 0x80006648
# [SimX-DPI] Read 8 bytes from 0x80006650
# [SimX-DPI] Read 8 bytes from 0x80006658
# [SimX-DPI] Read 8 bytes from 0x80006660
# [SimX-DPI] Read 8 bytes from 0x80006668
# [SimX-DPI] Read 8 bytes from 0x80006670
# [SimX-DPI] Read 8 bytes from 0x80006678
# [SimX-DPI] Read 8 bytes from 0x80006680
# [SimX-DPI] Read 8 bytes from 0x80006688
# [SimX-DPI] Read 8 bytes from 0x80006690
# [SimX-DPI] Read 8 bytes from 0x80006698
# [SimX-DPI] Read 8 bytes from 0x800066a0
# [SimX-DPI] Read 8 bytes from 0x800066a8
# [SimX-DPI] Read 8 bytes from 0x800066b0
# [SimX-DPI] Read 8 bytes from 0x800066b8
# [SimX-DPI] Read 8 bytes from 0x800066c0
# [SimX-DPI] Read 8 bytes from 0x800066c8
# [SimX-DPI] Read 8 bytes from 0x800066d0
# [SimX-DPI] Read 8 bytes from 0x800066d8
# [SimX-DPI] Read 8 bytes from 0x800066e0
# [SimX-DPI] Read 8 bytes from 0x800066e8
# [SimX-DPI] Read 8 bytes from 0x800066f0
# [SimX-DPI] Read 8 bytes from 0x800066f8
# [SimX-DPI] Read 8 bytes from 0x80006700
# [SimX-DPI] Read 8 bytes from 0x80006708
# [SimX-DPI] Read 8 bytes from 0x80006710
# [SimX-DPI] Read 8 bytes from 0x80006718
# [SimX-DPI] Read 8 bytes from 0x80006720
# [SimX-DPI] Read 8 bytes from 0x80006728
# [SimX-DPI] Read 8 bytes from 0x80006730
# [SimX-DPI] Read 8 bytes from 0x80006738
# [SimX-DPI] Read 8 bytes from 0x80006740
# [SimX-DPI] Read 8 bytes from 0x80006748
# [SimX-DPI] Read 8 bytes from 0x80006750
# [SimX-DPI] Read 8 bytes from 0x80006758
# [SimX-DPI] Read 8 bytes from 0x80006760
# [SimX-DPI] Read 8 bytes from 0x80006768
# [SimX-DPI] Read 8 bytes from 0x80006770
# [SimX-DPI] Read 8 bytes from 0x80006778
# [SimX-DPI] Read 8 bytes from 0x80006780
# [SimX-DPI] Read 8 bytes from 0x80006788
# [SimX-DPI] Read 8 bytes from 0x80006790
# [SimX-DPI] Read 8 bytes from 0x80006798
# [SimX-DPI] Read 8 bytes from 0x800067a0
# [SimX-DPI] Read 8 bytes from 0x800067a8
# [SimX-DPI] Read 8 bytes from 0x800067b0
# [SimX-DPI] Read 8 bytes from 0x800067b8
# [SimX-DPI] Read 8 bytes from 0x800067c0
# [SimX-DPI] Read 8 bytes from 0x800067c8
# [SimX-DPI] Read 8 bytes from 0x800067d0
# [SimX-DPI] Read 8 bytes from 0x800067d8
# [SimX-DPI] Read 8 bytes from 0x800067e0
# [SimX-DPI] Read 8 bytes from 0x800067e8
# [SimX-DPI] Read 8 bytes from 0x800067f0
# [SimX-DPI] Read 8 bytes from 0x800067f8
# [SimX-DPI] Read 8 bytes from 0x80006800
# [SimX-DPI] Read 8 bytes from 0x80006808
# [SimX-DPI] Read 8 bytes from 0x80006810
# [SimX-DPI] Read 8 bytes from 0x80006818
# [SimX-DPI] Read 8 bytes from 0x80006820
# [SimX-DPI] Read 8 bytes from 0x80006828
# [SimX-DPI] Read 8 bytes from 0x80006830
# [SimX-DPI] Read 8 bytes from 0x80006838
# [SimX-DPI] Read 8 bytes from 0x80006840
# [SimX-DPI] Read 8 bytes from 0x80006848
# [SimX-DPI] Read 8 bytes from 0x80006850
# [SimX-DPI] Read 8 bytes from 0x80006858
# [SimX-DPI] Read 8 bytes from 0x80006860
# [SimX-DPI] Read 8 bytes from 0x80006868
# [SimX-DPI] Read 8 bytes from 0x80006870
# [SimX-DPI] Read 8 bytes from 0x80006878
# [SimX-DPI] Read 8 bytes from 0x80006880
# [SimX-DPI] Read 8 bytes from 0x80006888
# [SimX-DPI] Read 8 bytes from 0x80006890
# [SimX-DPI] Read 8 bytes from 0x80006898
# [SimX-DPI] Read 8 bytes from 0x800068a0
# [SimX-DPI] Read 8 bytes from 0x800068a8
# [SimX-DPI] Read 8 bytes from 0x800068b0
# [SimX-DPI] Read 8 bytes from 0x800068b8
# [SimX-DPI] Read 8 bytes from 0x800068c0
# [SimX-DPI] Read 8 bytes from 0x800068c8
# [SimX-DPI] Read 8 bytes from 0x800068d0
# [SimX-DPI] Read 8 bytes from 0x800068d8
# [SimX-DPI] Read 8 bytes from 0x800068e0
# [SimX-DPI] Read 8 bytes from 0x800068e8
# [SimX-DPI] Read 8 bytes from 0x800068f0
# [SimX-DPI] Read 8 bytes from 0x800068f8
# [SimX-DPI] Read 8 bytes from 0x80006900
# [SimX-DPI] Read 8 bytes from 0x80006908
# [SimX-DPI] Read 8 bytes from 0x80006910
# [SimX-DPI] Read 8 bytes from 0x80006918
# [SimX-DPI] Read 8 bytes from 0x80006920
# [SimX-DPI] Read 8 bytes from 0x80006928
# [SimX-DPI] Read 8 bytes from 0x80006930
# [SimX-DPI] Read 8 bytes from 0x80006938
# [SimX-DPI] Read 8 bytes from 0x80006940
# [SimX-DPI] Read 8 bytes from 0x80006948
# [SimX-DPI] Read 8 bytes from 0x80006950
# [SimX-DPI] Read 8 bytes from 0x80006958
# [SimX-DPI] Read 8 bytes from 0x80006960
# [SimX-DPI] Read 8 bytes from 0x80006968
# [SimX-DPI] Read 8 bytes from 0x80006970
# [SimX-DPI] Read 8 bytes from 0x80006978
# [SimX-DPI] Read 8 bytes from 0x80006980
# [SimX-DPI] Read 8 bytes from 0x80006988
# [SimX-DPI] Read 8 bytes from 0x80006990
# [SimX-DPI] Read 8 bytes from 0x80006998
# [SimX-DPI] Read 8 bytes from 0x800069a0
# [SimX-DPI] Read 8 bytes from 0x800069a8
# [SimX-DPI] Read 8 bytes from 0x800069b0
# [SimX-DPI] Read 8 bytes from 0x800069b8
# [SimX-DPI] Read 8 bytes from 0x800069c0
# [SimX-DPI] Read 8 bytes from 0x800069c8
# [SimX-DPI] Read 8 bytes from 0x800069d0
# [SimX-DPI] Read 8 bytes from 0x800069d8
# [SimX-DPI] Read 8 bytes from 0x800069e0
# [SimX-DPI] Read 8 bytes from 0x800069e8
# [SimX-DPI] Read 8 bytes from 0x800069f0
# [SimX-DPI] Read 8 bytes from 0x800069f8
# [SimX-DPI] Read 8 bytes from 0x80006a00
# [SimX-DPI] Read 8 bytes from 0x80006a08
# [SimX-DPI] Read 8 bytes from 0x80006a10
# [SimX-DPI] Read 8 bytes from 0x80006a18
# [SimX-DPI] Read 8 bytes from 0x80006a20
# [SimX-DPI] Read 8 bytes from 0x80006a28
# [SimX-DPI] Read 8 bytes from 0x80006a30
# [SimX-DPI] Read 8 bytes from 0x80006a38
# [SimX-DPI] Read 8 bytes from 0x80006a40
# [SimX-DPI] Read 8 bytes from 0x80006a48
# [SimX-DPI] Read 8 bytes from 0x80006a50
# [SimX-DPI] Read 8 bytes from 0x80006a58
# [SimX-DPI] Read 8 bytes from 0x80006a60
# [SimX-DPI] Read 8 bytes from 0x80006a68
# [SimX-DPI] Read 8 bytes from 0x80006a70
# [SimX-DPI] Read 8 bytes from 0x80006a78
# [SimX-DPI] Read 8 bytes from 0x80006a80
# [SimX-DPI] Read 8 bytes from 0x80006a88
# [SimX-DPI] Read 8 bytes from 0x80006a90
# [SimX-DPI] Read 8 bytes from 0x80006a98
# [SimX-DPI] Read 8 bytes from 0x80006aa0
# [SimX-DPI] Read 8 bytes from 0x80006aa8
# [SimX-DPI] Read 8 bytes from 0x80006ab0
# [SimX-DPI] Read 8 bytes from 0x80006ab8
# [SimX-DPI] Read 8 bytes from 0x80006ac0
# [SimX-DPI] Read 8 bytes from 0x80006ac8
# [SimX-DPI] Read 8 bytes from 0x80006ad0
# [SimX-DPI] Read 8 bytes from 0x80006ad8
# [SimX-DPI] Read 8 bytes from 0x80006ae0
# [SimX-DPI] Read 8 bytes from 0x80006ae8
# [SimX-DPI] Read 8 bytes from 0x80006af0
# [SimX-DPI] Read 8 bytes from 0x80006af8
# [SimX-DPI] Read 8 bytes from 0x80006b00
# [SimX-DPI] Read 8 bytes from 0x80006b08
# [SimX-DPI] Read 8 bytes from 0x80006b10
# [SimX-DPI] Read 8 bytes from 0x80006b18
# [SimX-DPI] Read 8 bytes from 0x80006b20
# [SimX-DPI] Read 8 bytes from 0x80006b28
# [SimX-DPI] Read 8 bytes from 0x80006b30
# [SimX-DPI] Read 8 bytes from 0x80006b38
# [SimX-DPI] Read 8 bytes from 0x80006b40
# [SimX-DPI] Read 8 bytes from 0x80006b48
# [SimX-DPI] Read 8 bytes from 0x80006b50
# [SimX-DPI] Read 8 bytes from 0x80006b58
# [SimX-DPI] Read 8 bytes from 0x80006b60
# [SimX-DPI] Read 8 bytes from 0x80006b68
# [SimX-DPI] Read 8 bytes from 0x80006b70
# [SimX-DPI] Read 8 bytes from 0x80006b78
# [SimX-DPI] Read 8 bytes from 0x80006b80
# [SimX-DPI] Read 8 bytes from 0x80006b88
# [SimX-DPI] Read 8 bytes from 0x80006b90
# [SimX-DPI] Read 8 bytes from 0x80006b98
# [SimX-DPI] Read 8 bytes from 0x80006ba0
# [SimX-DPI] Read 8 bytes from 0x80006ba8
# [SimX-DPI] Read 8 bytes from 0x80006bb0
# [SimX-DPI] Read 8 bytes from 0x80006bb8
# [SimX-DPI] Read 8 bytes from 0x80006bc0
# [SimX-DPI] Read 8 bytes from 0x80006bc8
# [SimX-DPI] Read 8 bytes from 0x80006bd0
# [SimX-DPI] Read 8 bytes from 0x80006bd8
# [SimX-DPI] Read 8 bytes from 0x80006be0
# [SimX-DPI] Read 8 bytes from 0x80006be8
# [SimX-DPI] Read 8 bytes from 0x80006bf0
# [SimX-DPI] Read 8 bytes from 0x80006bf8
# [SimX-DPI] Read 8 bytes from 0x80006c00
# [SimX-DPI] Read 8 bytes from 0x80006c08
# [SimX-DPI] Read 8 bytes from 0x80006c10
# [SimX-DPI] Read 8 bytes from 0x80006c18
# [SimX-DPI] Read 8 bytes from 0x80006c20
# [SimX-DPI] Read 8 bytes from 0x80006c28
# [SimX-DPI] Read 8 bytes from 0x80006c30
# [SimX-DPI] Read 8 bytes from 0x80006c38
# [SimX-DPI] Read 8 bytes from 0x80006c40
# [SimX-DPI] Read 8 bytes from 0x80006c48
# [SimX-DPI] Read 8 bytes from 0x80006c50
# [SimX-DPI] Read 8 bytes from 0x80006c58
# [SimX-DPI] Read 8 bytes from 0x80006c60
# [SimX-DPI] Read 8 bytes from 0x80006c68
# [SimX-DPI] Read 8 bytes from 0x80006c70
# [SimX-DPI] Read 8 bytes from 0x80006c78
# [SimX-DPI] Read 8 bytes from 0x80006c80
# [SimX-DPI] Read 8 bytes from 0x80006c88
# [SimX-DPI] Read 8 bytes from 0x80006c90
# [SimX-DPI] Read 8 bytes from 0x80006c98
# [SimX-DPI] Read 8 bytes from 0x80006ca0
# [SimX-DPI] Read 8 bytes from 0x80006ca8
# [SimX-DPI] Read 8 bytes from 0x80006cb0
# [SimX-DPI] Read 8 bytes from 0x80006cb8
# [SimX-DPI] Read 8 bytes from 0x80006cc0
# [SimX-DPI] Read 8 bytes from 0x80006cc8
# [SimX-DPI] Read 8 bytes from 0x80006cd0
# [SimX-DPI] Read 8 bytes from 0x80006cd8
# [SimX-DPI] Read 8 bytes from 0x80006ce0
# [SimX-DPI] Read 8 bytes from 0x80006ce8
# [SimX-DPI] Read 8 bytes from 0x80006cf0
# [SimX-DPI] Read 8 bytes from 0x80006cf8
# [SimX-DPI] Read 8 bytes from 0x80006d00
# [SimX-DPI] Read 8 bytes from 0x80006d08
# [SimX-DPI] Read 8 bytes from 0x80006d10
# [SimX-DPI] Read 8 bytes from 0x80006d18
# [SimX-DPI] Read 8 bytes from 0x80006d20
# [SimX-DPI] Read 8 bytes from 0x80006d28
# [SimX-DPI] Read 8 bytes from 0x80006d30
# [SimX-DPI] Read 8 bytes from 0x80006d38
# [SimX-DPI] Read 8 bytes from 0x80006d40
# [SimX-DPI] Read 8 bytes from 0x80006d48
# [SimX-DPI] Read 8 bytes from 0x80006d50
# [SimX-DPI] Read 8 bytes from 0x80006d58
# [SimX-DPI] Read 8 bytes from 0x80006d60
# [SimX-DPI] Read 8 bytes from 0x80006d68
# [SimX-DPI] Read 8 bytes from 0x80006d70
# [SimX-DPI] Read 8 bytes from 0x80006d78
# [SimX-DPI] Read 8 bytes from 0x80006d80
# [SimX-DPI] Read 8 bytes from 0x80006d88
# [SimX-DPI] Read 8 bytes from 0x80006d90
# [SimX-DPI] Read 8 bytes from 0x80006d98
# [SimX-DPI] Read 8 bytes from 0x80006da0
# [SimX-DPI] Read 8 bytes from 0x80006da8
# [SimX-DPI] Read 8 bytes from 0x80006db0
# [SimX-DPI] Read 8 bytes from 0x80006db8
# [SimX-DPI] Read 8 bytes from 0x80006dc0
# [SimX-DPI] Read 8 bytes from 0x80006dc8
# [SimX-DPI] Read 8 bytes from 0x80006dd0
# [SimX-DPI] Read 8 bytes from 0x80006dd8
# [SimX-DPI] Read 8 bytes from 0x80006de0
# [SimX-DPI] Read 8 bytes from 0x80006de8
# [SimX-DPI] Read 8 bytes from 0x80006df0
# [SimX-DPI] Read 8 bytes from 0x80006df8
# [SimX-DPI] Read 8 bytes from 0x80006e00
# [SimX-DPI] Read 8 bytes from 0x80006e08
# [SimX-DPI] Read 8 bytes from 0x80006e10
# [SimX-DPI] Read 8 bytes from 0x80006e18
# [SimX-DPI] Read 8 bytes from 0x80006e20
# [SimX-DPI] Read 8 bytes from 0x80006e28
# [SimX-DPI] Read 8 bytes from 0x80006e30
# [SimX-DPI] Read 8 bytes from 0x80006e38
# [SimX-DPI] Read 8 bytes from 0x80006e40
# [SimX-DPI] Read 8 bytes from 0x80006e48
# [SimX-DPI] Read 8 bytes from 0x80006e50
# [SimX-DPI] Read 8 bytes from 0x80006e58
# [SimX-DPI] Read 8 bytes from 0x80006e60
# [SimX-DPI] Read 8 bytes from 0x80006e68
# [SimX-DPI] Read 8 bytes from 0x80006e70
# [SimX-DPI] Read 8 bytes from 0x80006e78
# [SimX-DPI] Read 8 bytes from 0x80006e80
# [SimX-DPI] Read 8 bytes from 0x80006e88
# [SimX-DPI] Read 8 bytes from 0x80006e90
# [SimX-DPI] Read 8 bytes from 0x80006e98
# [SimX-DPI] Read 8 bytes from 0x80006ea0
# [SimX-DPI] Read 8 bytes from 0x80006ea8
# [SimX-DPI] Read 8 bytes from 0x80006eb0
# [SimX-DPI] Read 8 bytes from 0x80006eb8
# [SimX-DPI] Read 8 bytes from 0x80006ec0
# [SimX-DPI] Read 8 bytes from 0x80006ec8
# [SimX-DPI] Read 8 bytes from 0x80006ed0
# [SimX-DPI] Read 8 bytes from 0x80006ed8
# [SimX-DPI] Read 8 bytes from 0x80006ee0
# [SimX-DPI] Read 8 bytes from 0x80006ee8
# [SimX-DPI] Read 8 bytes from 0x80006ef0
# [SimX-DPI] Read 8 bytes from 0x80006ef8
# [SimX-DPI] Read 8 bytes from 0x80006f00
# [SimX-DPI] Read 8 bytes from 0x80006f08
# [SimX-DPI] Read 8 bytes from 0x80006f10
# [SimX-DPI] Read 8 bytes from 0x80006f18
# [SimX-DPI] Read 8 bytes from 0x80006f20
# [SimX-DPI] Read 8 bytes from 0x80006f28
# [SimX-DPI] Read 8 bytes from 0x80006f30
# [SimX-DPI] Read 8 bytes from 0x80006f38
# [SimX-DPI] Read 8 bytes from 0x80006f40
# [SimX-DPI] Read 8 bytes from 0x80006f48
# [SimX-DPI] Read 8 bytes from 0x80006f50
# [SimX-DPI] Read 8 bytes from 0x80006f58
# [SimX-DPI] Read 8 bytes from 0x80006f60
# [SimX-DPI] Read 8 bytes from 0x80006f68
# [SimX-DPI] Read 8 bytes from 0x80006f70
# [SimX-DPI] Read 8 bytes from 0x80006f78
# [SimX-DPI] Read 8 bytes from 0x80006f80
# [SimX-DPI] Read 8 bytes from 0x80006f88
# [SimX-DPI] Read 8 bytes from 0x80006f90
# [SimX-DPI] Read 8 bytes from 0x80006f98
# [SimX-DPI] Read 8 bytes from 0x80006fa0
# [SimX-DPI] Read 8 bytes from 0x80006fa8
# [SimX-DPI] Read 8 bytes from 0x80006fb0
# [SimX-DPI] Read 8 bytes from 0x80006fb8
# [SimX-DPI] Read 8 bytes from 0x80006fc0
# [SimX-DPI] Read 8 bytes from 0x80006fc8
# [SimX-DPI] Read 8 bytes from 0x80006fd0
# [SimX-DPI] Read 8 bytes from 0x80006fd8
# [SimX-DPI] Read 8 bytes from 0x80006fe0
# [SimX-DPI] Read 8 bytes from 0x80006fe8
# [SimX-DPI] Read 8 bytes from 0x80006ff0
# [SimX-DPI] Read 8 bytes from 0x80006ff8
# [SimX-DPI] Read 8 bytes from 0x80007000
# [SimX-DPI] Read 8 bytes from 0x80007008
# [SimX-DPI] Read 8 bytes from 0x80007010
# [SimX-DPI] Read 8 bytes from 0x80007018
# [SimX-DPI] Read 8 bytes from 0x80007020
# [SimX-DPI] Read 8 bytes from 0x80007028
# [SimX-DPI] Read 8 bytes from 0x80007030
# [SimX-DPI] Read 8 bytes from 0x80007038
# [SimX-DPI] Read 8 bytes from 0x80007040
# [SimX-DPI] Read 8 bytes from 0x80007048
# [SimX-DPI] Read 8 bytes from 0x80007050
# [SimX-DPI] Read 8 bytes from 0x80007058
# [SimX-DPI] Read 8 bytes from 0x80007060
# [SimX-DPI] Read 8 bytes from 0x80007068
# [SimX-DPI] Read 8 bytes from 0x80007070
# [SimX-DPI] Read 8 bytes from 0x80007078
# [SimX-DPI] Read 8 bytes from 0x80007080
# [SimX-DPI] Read 8 bytes from 0x80007088
# [SimX-DPI] Read 8 bytes from 0x80007090
# [SimX-DPI] Read 8 bytes from 0x80007098
# [SimX-DPI] Read 8 bytes from 0x800070a0
# [SimX-DPI] Read 8 bytes from 0x800070a8
# [SimX-DPI] Read 8 bytes from 0x800070b0
# [SimX-DPI] Read 8 bytes from 0x800070b8
# [SimX-DPI] Read 8 bytes from 0x800070c0
# [SimX-DPI] Read 8 bytes from 0x800070c8
# [SimX-DPI] Read 8 bytes from 0x800070d0
# [SimX-DPI] Read 8 bytes from 0x800070d8
# [SimX-DPI] Read 8 bytes from 0x800070e0
# [SimX-DPI] Read 8 bytes from 0x800070e8
# [SimX-DPI] Read 8 bytes from 0x800070f0
# [SimX-DPI] Read 8 bytes from 0x800070f8
# [SimX-DPI] Read 8 bytes from 0x80007100
# [SimX-DPI] Read 8 bytes from 0x80007108
# [SimX-DPI] Read 8 bytes from 0x80007110
# [SimX-DPI] Read 8 bytes from 0x80007118
# [SimX-DPI] Read 8 bytes from 0x80007120
# [SimX-DPI] Read 8 bytes from 0x80007128
# [SimX-DPI] Read 8 bytes from 0x80007130
# [SimX-DPI] Read 8 bytes from 0x80007138
# [SimX-DPI] Read 8 bytes from 0x80007140
# [SimX-DPI] Read 8 bytes from 0x80007148
# [SimX-DPI] Read 8 bytes from 0x80007150
# [SimX-DPI] Read 8 bytes from 0x80007158
# [SimX-DPI] Read 8 bytes from 0x80007160
# [SimX-DPI] Read 8 bytes from 0x80007168
# [SimX-DPI] Read 8 bytes from 0x80007170
# [SimX-DPI] Read 8 bytes from 0x80007178
# [SimX-DPI] Read 8 bytes from 0x80007180
# [SimX-DPI] Read 8 bytes from 0x80007188
# [SimX-DPI] Read 8 bytes from 0x80007190
# [SimX-DPI] Read 8 bytes from 0x80007198
# [SimX-DPI] Read 8 bytes from 0x800071a0
# [SimX-DPI] Read 8 bytes from 0x800071a8
# [SimX-DPI] Read 8 bytes from 0x800071b0
# [SimX-DPI] Read 8 bytes from 0x800071b8
# [SimX-DPI] Read 8 bytes from 0x800071c0
# [SimX-DPI] Read 8 bytes from 0x800071c8
# [SimX-DPI] Read 8 bytes from 0x800071d0
# [SimX-DPI] Read 8 bytes from 0x800071d8
# [SimX-DPI] Read 8 bytes from 0x800071e0
# [SimX-DPI] Read 8 bytes from 0x800071e8
# [SimX-DPI] Read 8 bytes from 0x800071f0
# [SimX-DPI] Read 8 bytes from 0x800071f8
# [SimX-DPI] Read 8 bytes from 0x80007200
# [SimX-DPI] Read 8 bytes from 0x80007208
# [SimX-DPI] Read 8 bytes from 0x80007210
# [SimX-DPI] Read 8 bytes from 0x80007218
# [SimX-DPI] Read 8 bytes from 0x80007220
# [SimX-DPI] Read 8 bytes from 0x80007228
# [SimX-DPI] Read 8 bytes from 0x80007230
# [SimX-DPI] Read 8 bytes from 0x80007238
# [SimX-DPI] Read 8 bytes from 0x80007240
# [SimX-DPI] Read 8 bytes from 0x80007248
# [SimX-DPI] Read 8 bytes from 0x80007250
# [SimX-DPI] Read 8 bytes from 0x80007258
# [SimX-DPI] Read 8 bytes from 0x80007260
# [SimX-DPI] Read 8 bytes from 0x80007268
# [SimX-DPI] Read 8 bytes from 0x80007270
# [SimX-DPI] Read 8 bytes from 0x80007278
# [SimX-DPI] Read 8 bytes from 0x80007280
# [SimX-DPI] Read 8 bytes from 0x80007288
# [SimX-DPI] Read 8 bytes from 0x80007290
# [SimX-DPI] Read 8 bytes from 0x80007298
# [SimX-DPI] Read 8 bytes from 0x800072a0
# [SimX-DPI] Read 8 bytes from 0x800072a8
# [SimX-DPI] Read 8 bytes from 0x800072b0
# [SimX-DPI] Read 8 bytes from 0x800072b8
# [SimX-DPI] Read 8 bytes from 0x800072c0
# [SimX-DPI] Read 8 bytes from 0x800072c8
# [SimX-DPI] Read 8 bytes from 0x800072d0
# [SimX-DPI] Read 8 bytes from 0x800072d8
# [SimX-DPI] Read 8 bytes from 0x800072e0
# [SimX-DPI] Read 8 bytes from 0x800072e8
# [SimX-DPI] Read 8 bytes from 0x800072f0
# [SimX-DPI] Read 8 bytes from 0x800072f8
# [SimX-DPI] Read 8 bytes from 0x80007300
# [SimX-DPI] Read 8 bytes from 0x80007308
# [SimX-DPI] Read 8 bytes from 0x80007310
# [SimX-DPI] Read 8 bytes from 0x80007318
# [SimX-DPI] Read 8 bytes from 0x80007320
# [SimX-DPI] Read 8 bytes from 0x80007328
# [SimX-DPI] Read 8 bytes from 0x80007330
# [SimX-DPI] Read 8 bytes from 0x80007338
# [SimX-DPI] Read 8 bytes from 0x80007340
# [SimX-DPI] Read 8 bytes from 0x80007348
# [SimX-DPI] Read 8 bytes from 0x80007350
# [SimX-DPI] Read 8 bytes from 0x80007358
# [SimX-DPI] Read 8 bytes from 0x80007360
# [SimX-DPI] Read 8 bytes from 0x80007368
# [SimX-DPI] Read 8 bytes from 0x80007370
# [SimX-DPI] Read 8 bytes from 0x80007378
# [SimX-DPI] Read 8 bytes from 0x80007380
# [SimX-DPI] Read 8 bytes from 0x80007388
# [SimX-DPI] Read 8 bytes from 0x80007390
# [SimX-DPI] Read 8 bytes from 0x80007398
# [SimX-DPI] Read 8 bytes from 0x800073a0
# [SimX-DPI] Read 8 bytes from 0x800073a8
# [SimX-DPI] Read 8 bytes from 0x800073b0
# [SimX-DPI] Read 8 bytes from 0x800073b8
# [SimX-DPI] Read 8 bytes from 0x800073c0
# [SimX-DPI] Read 8 bytes from 0x800073c8
# [SimX-DPI] Read 8 bytes from 0x800073d0
# [SimX-DPI] Read 8 bytes from 0x800073d8
# [SimX-DPI] Read 8 bytes from 0x800073e0
# [SimX-DPI] Read 8 bytes from 0x800073e8
# [SimX-DPI] Read 8 bytes from 0x800073f0
# [SimX-DPI] Read 8 bytes from 0x800073f8
# [SimX-DPI] Read 8 bytes from 0x80007400
# [SimX-DPI] Read 8 bytes from 0x80007408
# [SimX-DPI] Read 8 bytes from 0x80007410
# [SimX-DPI] Read 8 bytes from 0x80007418
# [SimX-DPI] Read 8 bytes from 0x80007420
# [SimX-DPI] Read 8 bytes from 0x80007428
# [SimX-DPI] Read 8 bytes from 0x80007430
# [SimX-DPI] Read 8 bytes from 0x80007438
# [SimX-DPI] Read 8 bytes from 0x80007440
# [SimX-DPI] Read 8 bytes from 0x80007448
# [SimX-DPI] Read 8 bytes from 0x80007450
# [SimX-DPI] Read 8 bytes from 0x80007458
# [SimX-DPI] Read 8 bytes from 0x80007460
# [SimX-DPI] Read 8 bytes from 0x80007468
# [SimX-DPI] Read 8 bytes from 0x80007470
# [SimX-DPI] Read 8 bytes from 0x80007478
# [SimX-DPI] Read 8 bytes from 0x80007480
# [SimX-DPI] Read 8 bytes from 0x80007488
# [SimX-DPI] Read 8 bytes from 0x80007490
# [SimX-DPI] Read 8 bytes from 0x80007498
# [SimX-DPI] Read 8 bytes from 0x800074a0
# [SimX-DPI] Read 8 bytes from 0x800074a8
# [SimX-DPI] Read 8 bytes from 0x800074b0
# [SimX-DPI] Read 8 bytes from 0x800074b8
# [SimX-DPI] Read 8 bytes from 0x800074c0
# [SimX-DPI] Read 8 bytes from 0x800074c8
# [SimX-DPI] Read 8 bytes from 0x800074d0
# [SimX-DPI] Read 8 bytes from 0x800074d8
# [SimX-DPI] Read 8 bytes from 0x800074e0
# [SimX-DPI] Read 8 bytes from 0x800074e8
# [SimX-DPI] Read 8 bytes from 0x800074f0
# [SimX-DPI] Read 8 bytes from 0x800074f8
# [SimX-DPI] Read 8 bytes from 0x80007500
# [SimX-DPI] Read 8 bytes from 0x80007508
# [SimX-DPI] Read 8 bytes from 0x80007510
# [SimX-DPI] Read 8 bytes from 0x80007518
# [SimX-DPI] Read 8 bytes from 0x80007520
# [SimX-DPI] Read 8 bytes from 0x80007528
# [SimX-DPI] Read 8 bytes from 0x80007530
# [SimX-DPI] Read 8 bytes from 0x80007538
# [SimX-DPI] Read 8 bytes from 0x80007540
# [SimX-DPI] Read 8 bytes from 0x80007548
# [SimX-DPI] Read 8 bytes from 0x80007550
# [SimX-DPI] Read 8 bytes from 0x80007558
# [SimX-DPI] Read 8 bytes from 0x80007560
# [SimX-DPI] Read 8 bytes from 0x80007568
# [SimX-DPI] Read 8 bytes from 0x80007570
# [SimX-DPI] Read 8 bytes from 0x80007578
# [SimX-DPI] Read 8 bytes from 0x80007580
# [SimX-DPI] Read 8 bytes from 0x80007588
# [SimX-DPI] Read 8 bytes from 0x80007590
# [SimX-DPI] Read 8 bytes from 0x80007598
# [SimX-DPI] Read 8 bytes from 0x800075a0
# [SimX-DPI] Read 8 bytes from 0x800075a8
# [SimX-DPI] Read 8 bytes from 0x800075b0
# [SimX-DPI] Read 8 bytes from 0x800075b8
# [SimX-DPI] Read 8 bytes from 0x800075c0
# [SimX-DPI] Read 8 bytes from 0x800075c8
# [SimX-DPI] Read 8 bytes from 0x800075d0
# [SimX-DPI] Read 8 bytes from 0x800075d8
# [SimX-DPI] Read 8 bytes from 0x800075e0
# [SimX-DPI] Read 8 bytes from 0x800075e8
# [SimX-DPI] Read 8 bytes from 0x800075f0
# [SimX-DPI] Read 8 bytes from 0x800075f8
# [SimX-DPI] Read 8 bytes from 0x80007600
# [SimX-DPI] Read 8 bytes from 0x80007608
# [SimX-DPI] Read 8 bytes from 0x80007610
# [SimX-DPI] Read 8 bytes from 0x80007618
# [SimX-DPI] Read 8 bytes from 0x80007620
# [SimX-DPI] Read 8 bytes from 0x80007628
# [SimX-DPI] Read 8 bytes from 0x80007630
# [SimX-DPI] Read 8 bytes from 0x80007638
# [SimX-DPI] Read 8 bytes from 0x80007640
# [SimX-DPI] Read 8 bytes from 0x80007648
# [SimX-DPI] Read 8 bytes from 0x80007650
# [SimX-DPI] Read 8 bytes from 0x80007658
# [SimX-DPI] Read 8 bytes from 0x80007660
# [SimX-DPI] Read 8 bytes from 0x80007668
# [SimX-DPI] Read 8 bytes from 0x80007670
# [SimX-DPI] Read 8 bytes from 0x80007678
# [SimX-DPI] Read 8 bytes from 0x80007680
# [SimX-DPI] Read 8 bytes from 0x80007688
# [SimX-DPI] Read 8 bytes from 0x80007690
# [SimX-DPI] Read 8 bytes from 0x80007698
# [SimX-DPI] Read 8 bytes from 0x800076a0
# [SimX-DPI] Read 8 bytes from 0x800076a8
# [SimX-DPI] Read 8 bytes from 0x800076b0
# [SimX-DPI] Read 8 bytes from 0x800076b8
# [SimX-DPI] Read 8 bytes from 0x800076c0
# [SimX-DPI] Read 8 bytes from 0x800076c8
# [SimX-DPI] Read 8 bytes from 0x800076d0
# [SimX-DPI] Read 8 bytes from 0x800076d8
# [SimX-DPI] Read 8 bytes from 0x800076e0
# [SimX-DPI] Read 8 bytes from 0x800076e8
# [SimX-DPI] Read 8 bytes from 0x800076f0
# [SimX-DPI] Read 8 bytes from 0x800076f8
# [SimX-DPI] Read 8 bytes from 0x80007700
# [SimX-DPI] Read 8 bytes from 0x80007708
# [SimX-DPI] Read 8 bytes from 0x80007710
# [SimX-DPI] Read 8 bytes from 0x80007718
# [SimX-DPI] Read 8 bytes from 0x80007720
# [SimX-DPI] Read 8 bytes from 0x80007728
# [SimX-DPI] Read 8 bytes from 0x80007730
# [SimX-DPI] Read 8 bytes from 0x80007738
# [SimX-DPI] Read 8 bytes from 0x80007740
# [SimX-DPI] Read 8 bytes from 0x80007748
# [SimX-DPI] Read 8 bytes from 0x80007750
# [SimX-DPI] Read 8 bytes from 0x80007758
# [SimX-DPI] Read 8 bytes from 0x80007760
# [SimX-DPI] Read 8 bytes from 0x80007768
# [SimX-DPI] Read 8 bytes from 0x80007770
# [SimX-DPI] Read 8 bytes from 0x80007778
# [SimX-DPI] Read 8 bytes from 0x80007780
# [SimX-DPI] Read 8 bytes from 0x80007788
# [SimX-DPI] Read 8 bytes from 0x80007790
# [SimX-DPI] Read 8 bytes from 0x80007798
# [SimX-DPI] Read 8 bytes from 0x800077a0
# [SimX-DPI] Read 8 bytes from 0x800077a8
# [SimX-DPI] Read 8 bytes from 0x800077b0
# [SimX-DPI] Read 8 bytes from 0x800077b8
# [SimX-DPI] Read 8 bytes from 0x800077c0
# [SimX-DPI] Read 8 bytes from 0x800077c8
# [SimX-DPI] Read 8 bytes from 0x800077d0
# [SimX-DPI] Read 8 bytes from 0x800077d8
# [SimX-DPI] Read 8 bytes from 0x800077e0
# [SimX-DPI] Read 8 bytes from 0x800077e8
# [SimX-DPI] Read 8 bytes from 0x800077f0
# [SimX-DPI] Read 8 bytes from 0x800077f8
# [SimX-DPI] Read 8 bytes from 0x80007800
# [SimX-DPI] Read 8 bytes from 0x80007808
# [SimX-DPI] Read 8 bytes from 0x80007810
# [SimX-DPI] Read 8 bytes from 0x80007818
# [SimX-DPI] Read 8 bytes from 0x80007820
# [SimX-DPI] Read 8 bytes from 0x80007828
# [SimX-DPI] Read 8 bytes from 0x80007830
# [SimX-DPI] Read 8 bytes from 0x80007838
# [SimX-DPI] Read 8 bytes from 0x80007840
# [SimX-DPI] Read 8 bytes from 0x80007848
# [SimX-DPI] Read 8 bytes from 0x80007850
# [SimX-DPI] Read 8 bytes from 0x80007858
# [SimX-DPI] Read 8 bytes from 0x80007860
# [SimX-DPI] Read 8 bytes from 0x80007868
# [SimX-DPI] Read 8 bytes from 0x80007870
# [SimX-DPI] Read 8 bytes from 0x80007878
# [SimX-DPI] Read 8 bytes from 0x80007880
# [SimX-DPI] Read 8 bytes from 0x80007888
# [SimX-DPI] Read 8 bytes from 0x80007890
# [SimX-DPI] Read 8 bytes from 0x80007898
# [SimX-DPI] Read 8 bytes from 0x800078a0
# [SimX-DPI] Read 8 bytes from 0x800078a8
# [SimX-DPI] Read 8 bytes from 0x800078b0
# [SimX-DPI] Read 8 bytes from 0x800078b8
# [SimX-DPI] Read 8 bytes from 0x800078c0
# [SimX-DPI] Read 8 bytes from 0x800078c8
# [SimX-DPI] Read 8 bytes from 0x800078d0
# [SimX-DPI] Read 8 bytes from 0x800078d8
# [SimX-DPI] Read 8 bytes from 0x800078e0
# [SimX-DPI] Read 8 bytes from 0x800078e8
# [SimX-DPI] Read 8 bytes from 0x800078f0
# [SimX-DPI] Read 8 bytes from 0x800078f8
# [SimX-DPI] Read 8 bytes from 0x80007900
# [SimX-DPI] Read 8 bytes from 0x80007908
# [SimX-DPI] Read 8 bytes from 0x80007910
# [SimX-DPI] Read 8 bytes from 0x80007918
# [SimX-DPI] Read 8 bytes from 0x80007920
# [SimX-DPI] Read 8 bytes from 0x80007928
# [SimX-DPI] Read 8 bytes from 0x80007930
# [SimX-DPI] Read 8 bytes from 0x80007938
# [SimX-DPI] Read 8 bytes from 0x80007940
# [SimX-DPI] Read 8 bytes from 0x80007948
# [SimX-DPI] Read 8 bytes from 0x80007950
# [SimX-DPI] Read 8 bytes from 0x80007958
# [SimX-DPI] Read 8 bytes from 0x80007960
# [SimX-DPI] Read 8 bytes from 0x80007968
# [SimX-DPI] Read 8 bytes from 0x80007970
# [SimX-DPI] Read 8 bytes from 0x80007978
# [SimX-DPI] Read 8 bytes from 0x80007980
# [SimX-DPI] Read 8 bytes from 0x80007988
# [SimX-DPI] Read 8 bytes from 0x80007990
# [SimX-DPI] Read 8 bytes from 0x80007998
# [SimX-DPI] Read 8 bytes from 0x800079a0
# [SimX-DPI] Read 8 bytes from 0x800079a8
# [SimX-DPI] Read 8 bytes from 0x800079b0
# [SimX-DPI] Read 8 bytes from 0x800079b8
# [SimX-DPI] Read 8 bytes from 0x800079c0
# [SimX-DPI] Read 8 bytes from 0x800079c8
# [SimX-DPI] Read 8 bytes from 0x800079d0
# [SimX-DPI] Read 8 bytes from 0x800079d8
# [SimX-DPI] Read 8 bytes from 0x800079e0
# [SimX-DPI] Read 8 bytes from 0x800079e8
# [SimX-DPI] Read 8 bytes from 0x800079f0
# [SimX-DPI] Read 8 bytes from 0x800079f8
# [SimX-DPI] Read 8 bytes from 0x80007a00
# [SimX-DPI] Read 8 bytes from 0x80007a08
# [SimX-DPI] Read 8 bytes from 0x80007a10
# [SimX-DPI] Read 8 bytes from 0x80007a18
# [SimX-DPI] Read 8 bytes from 0x80007a20
# [SimX-DPI] Read 8 bytes from 0x80007a28
# [SimX-DPI] Read 8 bytes from 0x80007a30
# [SimX-DPI] Read 8 bytes from 0x80007a38
# [SimX-DPI] Read 8 bytes from 0x80007a40
# [SimX-DPI] Read 8 bytes from 0x80007a48
# [SimX-DPI] Read 8 bytes from 0x80007a50
# [SimX-DPI] Read 8 bytes from 0x80007a58
# [SimX-DPI] Read 8 bytes from 0x80007a60
# [SimX-DPI] Read 8 bytes from 0x80007a68
# [SimX-DPI] Read 8 bytes from 0x80007a70
# [SimX-DPI] Read 8 bytes from 0x80007a78
# [SimX-DPI] Read 8 bytes from 0x80007a80
# [SimX-DPI] Read 8 bytes from 0x80007a88
# [SimX-DPI] Read 8 bytes from 0x80007a90
# [SimX-DPI] Read 8 bytes from 0x80007a98
# [SimX-DPI] Read 8 bytes from 0x80007aa0
# [SimX-DPI] Read 8 bytes from 0x80007aa8
# [SimX-DPI] Read 8 bytes from 0x80007ab0
# [SimX-DPI] Read 8 bytes from 0x80007ab8
# [SimX-DPI] Read 8 bytes from 0x80007ac0
# [SimX-DPI] Read 8 bytes from 0x80007ac8
# [SimX-DPI] Read 8 bytes from 0x80007ad0
# [SimX-DPI] Read 8 bytes from 0x80007ad8
# [SimX-DPI] Read 8 bytes from 0x80007ae0
# [SimX-DPI] Read 8 bytes from 0x80007ae8
# [SimX-DPI] Read 8 bytes from 0x80007af0
# [SimX-DPI] Read 8 bytes from 0x80007af8
# [SimX-DPI] Read 8 bytes from 0x80007b00
# [SimX-DPI] Read 8 bytes from 0x80007b08
# [SimX-DPI] Read 8 bytes from 0x80007b10
# [SimX-DPI] Read 8 bytes from 0x80007b18
# [SimX-DPI] Read 8 bytes from 0x80007b20
# [SimX-DPI] Read 8 bytes from 0x80007b28
# [SimX-DPI] Read 8 bytes from 0x80007b30
# [SimX-DPI] Read 8 bytes from 0x80007b38
# [SimX-DPI] Read 8 bytes from 0x80007b40
# [SimX-DPI] Read 8 bytes from 0x80007b48
# [SimX-DPI] Read 8 bytes from 0x80007b50
# [SimX-DPI] Read 8 bytes from 0x80007b58
# [SimX-DPI] Read 8 bytes from 0x80007b60
# [SimX-DPI] Read 8 bytes from 0x80007b68
# [SimX-DPI] Read 8 bytes from 0x80007b70
# [SimX-DPI] Read 8 bytes from 0x80007b78
# [SimX-DPI] Read 8 bytes from 0x80007b80
# [SimX-DPI] Read 8 bytes from 0x80007b88
# [SimX-DPI] Read 8 bytes from 0x80007b90
# [SimX-DPI] Read 8 bytes from 0x80007b98
# [SimX-DPI] Read 8 bytes from 0x80007ba0
# [SimX-DPI] Read 8 bytes from 0x80007ba8
# [SimX-DPI] Read 8 bytes from 0x80007bb0
# [SimX-DPI] Read 8 bytes from 0x80007bb8
# [SimX-DPI] Read 8 bytes from 0x80007bc0
# [SimX-DPI] Read 8 bytes from 0x80007bc8
# [SimX-DPI] Read 8 bytes from 0x80007bd0
# [SimX-DPI] Read 8 bytes from 0x80007bd8
# [SimX-DPI] Read 8 bytes from 0x80007be0
# [SimX-DPI] Read 8 bytes from 0x80007be8
# [SimX-DPI] Read 8 bytes from 0x80007bf0
# [SimX-DPI] Read 8 bytes from 0x80007bf8
# [SimX-DPI] Read 8 bytes from 0x80007c00
# [SimX-DPI] Read 8 bytes from 0x80007c08
# [SimX-DPI] Read 8 bytes from 0x80007c10
# [SimX-DPI] Read 8 bytes from 0x80007c18
# [SimX-DPI] Read 8 bytes from 0x80007c20
# [SimX-DPI] Read 8 bytes from 0x80007c28
# [SimX-DPI] Read 8 bytes from 0x80007c30
# [SimX-DPI] Read 8 bytes from 0x80007c38
# [SimX-DPI] Read 8 bytes from 0x80007c40
# [SimX-DPI] Read 8 bytes from 0x80007c48
# [SimX-DPI] Read 8 bytes from 0x80007c50
# [SimX-DPI] Read 8 bytes from 0x80007c58
# [SimX-DPI] Read 8 bytes from 0x80007c60
# [SimX-DPI] Read 8 bytes from 0x80007c68
# [SimX-DPI] Read 8 bytes from 0x80007c70
# [SimX-DPI] Read 8 bytes from 0x80007c78
# [SimX-DPI] Read 8 bytes from 0x80007c80
# [SimX-DPI] Read 8 bytes from 0x80007c88
# [SimX-DPI] Read 8 bytes from 0x80007c90
# [SimX-DPI] Read 8 bytes from 0x80007c98
# [SimX-DPI] Read 8 bytes from 0x80007ca0
# [SimX-DPI] Read 8 bytes from 0x80007ca8
# [SimX-DPI] Read 8 bytes from 0x80007cb0
# [SimX-DPI] Read 8 bytes from 0x80007cb8
# [SimX-DPI] Read 8 bytes from 0x80007cc0
# [SimX-DPI] Read 8 bytes from 0x80007cc8
# [SimX-DPI] Read 8 bytes from 0x80007cd0
# [SimX-DPI] Read 8 bytes from 0x80007cd8
# [SimX-DPI] Read 8 bytes from 0x80007ce0
# [SimX-DPI] Read 8 bytes from 0x80007ce8
# [SimX-DPI] Read 8 bytes from 0x80007cf0
# [SimX-DPI] Read 8 bytes from 0x80007cf8
# [SimX-DPI] Read 8 bytes from 0x80007d00
# [SimX-DPI] Read 8 bytes from 0x80007d08
# [SimX-DPI] Read 8 bytes from 0x80007d10
# [SimX-DPI] Read 8 bytes from 0x80007d18
# [SimX-DPI] Read 8 bytes from 0x80007d20
# [SimX-DPI] Read 8 bytes from 0x80007d28
# [SimX-DPI] Read 8 bytes from 0x80007d30
# [SimX-DPI] Read 8 bytes from 0x80007d38
# [SimX-DPI] Read 8 bytes from 0x80007d40
# [SimX-DPI] Read 8 bytes from 0x80007d48
# [SimX-DPI] Read 8 bytes from 0x80007d50
# [SimX-DPI] Read 8 bytes from 0x80007d58
# [SimX-DPI] Read 8 bytes from 0x80007d60
# [SimX-DPI] Read 8 bytes from 0x80007d68
# [SimX-DPI] Read 8 bytes from 0x80007d70
# [SimX-DPI] Read 8 bytes from 0x80007d78
# [SimX-DPI] Read 8 bytes from 0x80007d80
# [SimX-DPI] Read 8 bytes from 0x80007d88
# [SimX-DPI] Read 8 bytes from 0x80007d90
# [SimX-DPI] Read 8 bytes from 0x80007d98
# [SimX-DPI] Read 8 bytes from 0x80007da0
# [SimX-DPI] Read 8 bytes from 0x80007da8
# [SimX-DPI] Read 8 bytes from 0x80007db0
# [SimX-DPI] Read 8 bytes from 0x80007db8
# [SimX-DPI] Read 8 bytes from 0x80007dc0
# [SimX-DPI] Read 8 bytes from 0x80007dc8
# [SimX-DPI] Read 8 bytes from 0x80007dd0
# [SimX-DPI] Read 8 bytes from 0x80007dd8
# [SimX-DPI] Read 8 bytes from 0x80007de0
# [SimX-DPI] Read 8 bytes from 0x80007de8
# [SimX-DPI] Read 8 bytes from 0x80007df0
# [SimX-DPI] Read 8 bytes from 0x80007df8
# [SimX-DPI] Read 8 bytes from 0x80007e00
# [SimX-DPI] Read 8 bytes from 0x80007e08
# [SimX-DPI] Read 8 bytes from 0x80007e10
# [SimX-DPI] Read 8 bytes from 0x80007e18
# [SimX-DPI] Read 8 bytes from 0x80007e20
# [SimX-DPI] Read 8 bytes from 0x80007e28
# [SimX-DPI] Read 8 bytes from 0x80007e30
# [SimX-DPI] Read 8 bytes from 0x80007e38
# [SimX-DPI] Read 8 bytes from 0x80007e40
# [SimX-DPI] Read 8 bytes from 0x80007e48
# [SimX-DPI] Read 8 bytes from 0x80007e50
# [SimX-DPI] Read 8 bytes from 0x80007e58
# [SimX-DPI] Read 8 bytes from 0x80007e60
# [SimX-DPI] Read 8 bytes from 0x80007e68
# [SimX-DPI] Read 8 bytes from 0x80007e70
# [SimX-DPI] Read 8 bytes from 0x80007e78
# [SimX-DPI] Read 8 bytes from 0x80007e80
# [SimX-DPI] Read 8 bytes from 0x80007e88
# [SimX-DPI] Read 8 bytes from 0x80007e90
# [SimX-DPI] Read 8 bytes from 0x80007e98
# [SimX-DPI] Read 8 bytes from 0x80007ea0
# [SimX-DPI] Read 8 bytes from 0x80007ea8
# [SimX-DPI] Read 8 bytes from 0x80007eb0
# [SimX-DPI] Read 8 bytes from 0x80007eb8
# [SimX-DPI] Read 8 bytes from 0x80007ec0
# [SimX-DPI] Read 8 bytes from 0x80007ec8
# [SimX-DPI] Read 8 bytes from 0x80007ed0
# [SimX-DPI] Read 8 bytes from 0x80007ed8
# [SimX-DPI] Read 8 bytes from 0x80007ee0
# [SimX-DPI] Read 8 bytes from 0x80007ee8
# [SimX-DPI] Read 8 bytes from 0x80007ef0
# [SimX-DPI] Read 8 bytes from 0x80007ef8
# [SimX-DPI] Read 8 bytes from 0x80007f00
# [SimX-DPI] Read 8 bytes from 0x80007f08
# [SimX-DPI] Read 8 bytes from 0x80007f10
# [SimX-DPI] Read 8 bytes from 0x80007f18
# [SimX-DPI] Read 8 bytes from 0x80007f20
# [SimX-DPI] Read 8 bytes from 0x80007f28
# [SimX-DPI] Read 8 bytes from 0x80007f30
# [SimX-DPI] Read 8 bytes from 0x80007f38
# [SimX-DPI] Read 8 bytes from 0x80007f40
# [SimX-DPI] Read 8 bytes from 0x80007f48
# [SimX-DPI] Read 8 bytes from 0x80007f50
# [SimX-DPI] Read 8 bytes from 0x80007f58
# [SimX-DPI] Read 8 bytes from 0x80007f60
# [SimX-DPI] Read 8 bytes from 0x80007f68
# [SimX-DPI] Read 8 bytes from 0x80007f70
# [SimX-DPI] Read 8 bytes from 0x80007f78
# [SimX-DPI] Read 8 bytes from 0x80007f80
# [SimX-DPI] Read 8 bytes from 0x80007f88
# [SimX-DPI] Read 8 bytes from 0x80007f90
# [SimX-DPI] Read 8 bytes from 0x80007f98
# [SimX-DPI] Read 8 bytes from 0x80007fa0
# [SimX-DPI] Read 8 bytes from 0x80007fa8
# [SimX-DPI] Read 8 bytes from 0x80007fb0
# [SimX-DPI] Read 8 bytes from 0x80007fb8
# [SimX-DPI] Read 8 bytes from 0x80007fc0
# [SimX-DPI] Read 8 bytes from 0x80007fc8
# [SimX-DPI] Read 8 bytes from 0x80007fd0
# [SimX-DPI] Read 8 bytes from 0x80007fd8
# [SimX-DPI] Read 8 bytes from 0x80007fe0
# [SimX-DPI] Read 8 bytes from 0x80007fe8
# [SimX-DPI] Read 8 bytes from 0x80007ff0
# [SimX-DPI] Read 8 bytes from 0x80007ff8
# [SimX-DPI] Read 8 bytes from 0x80008000
# [SimX-DPI] Read 8 bytes from 0x80008008
# [SimX-DPI] Read 8 bytes from 0x80008010
# [SimX-DPI] Read 8 bytes from 0x80008018
# [SimX-DPI] Read 8 bytes from 0x80008020
# [SimX-DPI] Read 8 bytes from 0x80008028
# [SimX-DPI] Read 8 bytes from 0x80008030
# [SimX-DPI] Read 8 bytes from 0x80008038
# [SimX-DPI] Read 8 bytes from 0x80008040
# [SimX-DPI] Read 8 bytes from 0x80008048
# [SimX-DPI] Read 8 bytes from 0x80008050
# [SimX-DPI] Read 8 bytes from 0x80008058
# [SimX-DPI] Read 8 bytes from 0x80008060
# [SimX-DPI] Read 8 bytes from 0x80008068
# [SimX-DPI] Read 8 bytes from 0x80008070
# [SimX-DPI] Read 8 bytes from 0x80008078
# [SimX-DPI] Read 8 bytes from 0x80008080
# [SimX-DPI] Read 8 bytes from 0x80008088
# [SimX-DPI] Read 8 bytes from 0x80008090
# [SimX-DPI] Read 8 bytes from 0x80008098
# [SimX-DPI] Read 8 bytes from 0x800080a0
# [SimX-DPI] Read 8 bytes from 0x800080a8
# [SimX-DPI] Read 8 bytes from 0x800080b0
# [SimX-DPI] Read 8 bytes from 0x800080b8
# [SimX-DPI] Read 8 bytes from 0x800080c0
# [SimX-DPI] Read 8 bytes from 0x800080c8
# [SimX-DPI] Read 8 bytes from 0x800080d0
# [SimX-DPI] Read 8 bytes from 0x800080d8
# [SimX-DPI] Read 8 bytes from 0x800080e0
# [SimX-DPI] Read 8 bytes from 0x800080e8
# [SimX-DPI] Read 8 bytes from 0x800080f0
# [SimX-DPI] Read 8 bytes from 0x800080f8
# [SimX-DPI] Read 8 bytes from 0x80008100
# [SimX-DPI] Read 8 bytes from 0x80008108
# [SimX-DPI] Read 8 bytes from 0x80008110
# [SimX-DPI] Read 8 bytes from 0x80008118
# [SimX-DPI] Read 8 bytes from 0x80008120
# [SimX-DPI] Read 8 bytes from 0x80008128
# [SimX-DPI] Read 8 bytes from 0x80008130
# [SimX-DPI] Read 8 bytes from 0x80008138
# [SimX-DPI] Read 8 bytes from 0x80008140
# [SimX-DPI] Read 8 bytes from 0x80008148
# [SimX-DPI] Read 8 bytes from 0x80008150
# [SimX-DPI] Read 8 bytes from 0x80008158
# [SimX-DPI] Read 8 bytes from 0x80008160
# [SimX-DPI] Read 8 bytes from 0x80008168
# [SimX-DPI] Read 8 bytes from 0x80008170
# [SimX-DPI] Read 8 bytes from 0x80008178
# [SimX-DPI] Read 8 bytes from 0x80008180
# [SimX-DPI] Read 8 bytes from 0x80008188
# [SimX-DPI] Read 8 bytes from 0x80008190
# [SimX-DPI] Read 8 bytes from 0x80008198
# [SimX-DPI] Read 8 bytes from 0x800081a0
# [SimX-DPI] Read 8 bytes from 0x800081a8
# [SimX-DPI] Read 8 bytes from 0x800081b0
# [SimX-DPI] Read 8 bytes from 0x800081b8
# [SimX-DPI] Read 8 bytes from 0x800081c0
# [SimX-DPI] Read 8 bytes from 0x800081c8
# [SimX-DPI] Read 8 bytes from 0x800081d0
# [SimX-DPI] Read 8 bytes from 0x800081d8
# [SimX-DPI] Read 8 bytes from 0x800081e0
# [SimX-DPI] Read 8 bytes from 0x800081e8
# [SimX-DPI] Read 8 bytes from 0x800081f0
# [SimX-DPI] Read 8 bytes from 0x800081f8
# [SimX-DPI] Read 8 bytes from 0x80008200
# [SimX-DPI] Read 8 bytes from 0x80008208
# [SimX-DPI] Read 8 bytes from 0x80008210
# [SimX-DPI] Read 8 bytes from 0x80008218
# [SimX-DPI] Read 8 bytes from 0x80008220
# [SimX-DPI] Read 8 bytes from 0x80008228
# [SimX-DPI] Read 8 bytes from 0x80008230
# [SimX-DPI] Read 8 bytes from 0x80008238
# [SimX-DPI] Read 8 bytes from 0x80008240
# [SimX-DPI] Read 8 bytes from 0x80008248
# [SimX-DPI] Read 8 bytes from 0x80008250
# [SimX-DPI] Read 8 bytes from 0x80008258
# [SimX-DPI] Read 8 bytes from 0x80008260
# [SimX-DPI] Read 8 bytes from 0x80008268
# [SimX-DPI] Read 8 bytes from 0x80008270
# [SimX-DPI] Read 8 bytes from 0x80008278
# [SimX-DPI] Read 8 bytes from 0x80008280
# [SimX-DPI] Read 8 bytes from 0x80008288
# [SimX-DPI] Read 8 bytes from 0x80008290
# [SimX-DPI] Read 8 bytes from 0x80008298
# [SimX-DPI] Read 8 bytes from 0x800082a0
# [SimX-DPI] Read 8 bytes from 0x800082a8
# [SimX-DPI] Read 8 bytes from 0x800082b0
# [SimX-DPI] Read 8 bytes from 0x800082b8
# [SimX-DPI] Read 8 bytes from 0x800082c0
# [SimX-DPI] Read 8 bytes from 0x800082c8
# [SimX-DPI] Read 8 bytes from 0x800082d0
# [SimX-DPI] Read 8 bytes from 0x800082d8
# [SimX-DPI] Read 8 bytes from 0x800082e0
# [SimX-DPI] Read 8 bytes from 0x800082e8
# [SimX-DPI] Read 8 bytes from 0x800082f0
# [SimX-DPI] Read 8 bytes from 0x800082f8
# [SimX-DPI] Read 8 bytes from 0x80008300
# [SimX-DPI] Read 8 bytes from 0x80008308
# [SimX-DPI] Read 8 bytes from 0x80008310
# [SimX-DPI] Read 8 bytes from 0x80008318
# [SimX-DPI] Read 8 bytes from 0x80008320
# [SimX-DPI] Read 8 bytes from 0x80008328
# [SimX-DPI] Read 8 bytes from 0x80008330
# [SimX-DPI] Read 8 bytes from 0x80008338
# [SimX-DPI] Read 8 bytes from 0x80008340
# [SimX-DPI] Read 8 bytes from 0x80008348
# [SimX-DPI] Read 8 bytes from 0x80008350
# [SimX-DPI] Read 8 bytes from 0x80008358
# [SimX-DPI] Read 8 bytes from 0x80008360
# [SimX-DPI] Read 8 bytes from 0x80008368
# [SimX-DPI] Read 8 bytes from 0x80008370
# [SimX-DPI] Read 8 bytes from 0x80008378
# [SimX-DPI] Read 8 bytes from 0x80008380
# [SimX-DPI] Read 8 bytes from 0x80008388
# [SimX-DPI] Read 8 bytes from 0x80008390
# [SimX-DPI] Read 8 bytes from 0x80008398
# [SimX-DPI] Read 8 bytes from 0x800083a0
# [SimX-DPI] Read 8 bytes from 0x800083a8
# [SimX-DPI] Read 8 bytes from 0x800083b0
# [SimX-DPI] Read 8 bytes from 0x800083b8
# [SimX-DPI] Read 8 bytes from 0x800083c0
# [SimX-DPI] Read 8 bytes from 0x800083c8
# [SimX-DPI] Read 8 bytes from 0x800083d0
# [SimX-DPI] Read 8 bytes from 0x800083d8
# [SimX-DPI] Read 8 bytes from 0x800083e0
# [SimX-DPI] Read 8 bytes from 0x800083e8
# [SimX-DPI] Read 8 bytes from 0x800083f0
# [SimX-DPI] Read 8 bytes from 0x800083f8
# [SimX-DPI] Read 8 bytes from 0x80008400
# [SimX-DPI] Read 8 bytes from 0x80008408
# [SimX-DPI] Read 8 bytes from 0x80008410
# [SimX-DPI] Read 8 bytes from 0x80008418
# [SimX-DPI] Read 8 bytes from 0x80008420
# [SimX-DPI] Read 8 bytes from 0x80008428
# [SimX-DPI] Read 8 bytes from 0x80008430
# [SimX-DPI] Read 8 bytes from 0x80008438
# [SimX-DPI] Read 8 bytes from 0x80008440
# [SimX-DPI] Read 8 bytes from 0x80008448
# [SimX-DPI] Read 8 bytes from 0x80008450
# [SimX-DPI] Read 8 bytes from 0x80008458
# [SimX-DPI] Read 8 bytes from 0x80008460
# [SimX-DPI] Read 8 bytes from 0x80008468
# [SimX-DPI] Read 8 bytes from 0x80008470
# [SimX-DPI] Read 8 bytes from 0x80008478
# [SimX-DPI] Read 8 bytes from 0x80008480
# [SimX-DPI] Read 8 bytes from 0x80008488
# [SimX-DPI] Read 8 bytes from 0x80008490
# [SimX-DPI] Read 8 bytes from 0x80008498
# [SimX-DPI] Read 8 bytes from 0x800084a0
# [SimX-DPI] Read 8 bytes from 0x800084a8
# [SimX-DPI] Read 8 bytes from 0x800084b0
# [SimX-DPI] Read 8 bytes from 0x800084b8
# [SimX-DPI] Read 8 bytes from 0x800084c0
# [SimX-DPI] Read 8 bytes from 0x800084c8
# [SimX-DPI] Read 8 bytes from 0x800084d0
# [SimX-DPI] Read 8 bytes from 0x800084d8
# [SimX-DPI] Read 8 bytes from 0x800084e0
# [SimX-DPI] Read 8 bytes from 0x800084e8
# [SimX-DPI] Read 8 bytes from 0x800084f0
# [SimX-DPI] Read 8 bytes from 0x800084f8
# [SimX-DPI] Read 8 bytes from 0x80008500
# [SimX-DPI] Read 8 bytes from 0x80008508
# [SimX-DPI] Read 8 bytes from 0x80008510
# [SimX-DPI] Read 8 bytes from 0x80008518
# [SimX-DPI] Read 8 bytes from 0x80008520
# [SimX-DPI] Read 8 bytes from 0x80008528
# [SimX-DPI] Read 8 bytes from 0x80008530
# [SimX-DPI] Read 8 bytes from 0x80008538
# [SimX-DPI] Read 8 bytes from 0x80008540
# [SimX-DPI] Read 8 bytes from 0x80008548
# [SimX-DPI] Read 8 bytes from 0x80008550
# [SimX-DPI] Read 8 bytes from 0x80008558
# [SimX-DPI] Read 8 bytes from 0x80008560
# [SimX-DPI] Read 8 bytes from 0x80008568
# [SimX-DPI] Read 8 bytes from 0x80008570
# [SimX-DPI] Read 8 bytes from 0x80008578
# [SimX-DPI] Read 8 bytes from 0x80008580
# [SimX-DPI] Read 8 bytes from 0x80008588
# [SimX-DPI] Read 8 bytes from 0x80008590
# [SimX-DPI] Read 8 bytes from 0x80008598
# [SimX-DPI] Read 8 bytes from 0x800085a0
# [SimX-DPI] Read 8 bytes from 0x800085a8
# [SimX-DPI] Read 8 bytes from 0x800085b0
# [SimX-DPI] Read 8 bytes from 0x800085b8
# [SimX-DPI] Read 8 bytes from 0x800085c0
# [SimX-DPI] Read 8 bytes from 0x800085c8
# [SimX-DPI] Read 8 bytes from 0x800085d0
# [SimX-DPI] Read 8 bytes from 0x800085d8
# [SimX-DPI] Read 8 bytes from 0x800085e0
# [SimX-DPI] Read 8 bytes from 0x800085e8
# [SimX-DPI] Read 8 bytes from 0x800085f0
# [SimX-DPI] Read 8 bytes from 0x800085f8
# [SimX-DPI] Read 8 bytes from 0x80008600
# [SimX-DPI] Read 8 bytes from 0x80008608
# [SimX-DPI] Read 8 bytes from 0x80008610
# [SimX-DPI] Read 8 bytes from 0x80008618
# [SimX-DPI] Read 8 bytes from 0x80008620
# [SimX-DPI] Read 8 bytes from 0x80008628
# [SimX-DPI] Read 8 bytes from 0x80008630
# [SimX-DPI] Read 8 bytes from 0x80008638
# [SimX-DPI] Read 8 bytes from 0x80008640
# [SimX-DPI] Read 8 bytes from 0x80008648
# [SimX-DPI] Read 8 bytes from 0x80008650
# [SimX-DPI] Read 8 bytes from 0x80008658
# [SimX-DPI] Read 8 bytes from 0x80008660
# [SimX-DPI] Read 8 bytes from 0x80008668
# [SimX-DPI] Read 8 bytes from 0x80008670
# [SimX-DPI] Read 8 bytes from 0x80008678
# [SimX-DPI] Read 8 bytes from 0x80008680
# [SimX-DPI] Read 8 bytes from 0x80008688
# [SimX-DPI] Read 8 bytes from 0x80008690
# [SimX-DPI] Read 8 bytes from 0x80008698
# [SimX-DPI] Read 8 bytes from 0x800086a0
# [SimX-DPI] Read 8 bytes from 0x800086a8
# [SimX-DPI] Read 8 bytes from 0x800086b0
# [SimX-DPI] Read 8 bytes from 0x800086b8
# [SimX-DPI] Read 8 bytes from 0x800086c0
# [SimX-DPI] Read 8 bytes from 0x800086c8
# [SimX-DPI] Read 8 bytes from 0x800086d0
# [SimX-DPI] Read 8 bytes from 0x800086d8
# [SimX-DPI] Read 8 bytes from 0x800086e0
# [SimX-DPI] Read 8 bytes from 0x800086e8
# [SimX-DPI] Read 8 bytes from 0x800086f0
# [SimX-DPI] Read 8 bytes from 0x800086f8
# [SimX-DPI] Read 8 bytes from 0x80008700
# [SimX-DPI] Read 8 bytes from 0x80008708
# [SimX-DPI] Read 8 bytes from 0x80008710
# [SimX-DPI] Read 8 bytes from 0x80008718
# [SimX-DPI] Read 8 bytes from 0x80008720
# [SimX-DPI] Read 8 bytes from 0x80008728
# [SimX-DPI] Read 8 bytes from 0x80008730
# [SimX-DPI] Read 8 bytes from 0x80008738
# [SimX-DPI] Read 8 bytes from 0x80008740
# [SimX-DPI] Read 8 bytes from 0x80008748
# [SimX-DPI] Read 8 bytes from 0x80008750
# [SimX-DPI] Read 8 bytes from 0x80008758
# [SimX-DPI] Read 8 bytes from 0x80008760
# [SimX-DPI] Read 8 bytes from 0x80008768
# [SimX-DPI] Read 8 bytes from 0x80008770
# [SimX-DPI] Read 8 bytes from 0x80008778
# [SimX-DPI] Read 8 bytes from 0x80008780
# [SimX-DPI] Read 8 bytes from 0x80008788
# [SimX-DPI] Read 8 bytes from 0x80008790
# [SimX-DPI] Read 8 bytes from 0x80008798
# [SimX-DPI] Read 8 bytes from 0x800087a0
# [SimX-DPI] Read 8 bytes from 0x800087a8
# [SimX-DPI] Read 8 bytes from 0x800087b0
# [SimX-DPI] Read 8 bytes from 0x800087b8
# [SimX-DPI] Read 8 bytes from 0x800087c0
# [SimX-DPI] Read 8 bytes from 0x800087c8
# [SimX-DPI] Read 8 bytes from 0x800087d0
# [SimX-DPI] Read 8 bytes from 0x800087d8
# [SimX-DPI] Read 8 bytes from 0x800087e0
# [SimX-DPI] Read 8 bytes from 0x800087e8
# [SimX-DPI] Read 8 bytes from 0x800087f0
# [SimX-DPI] Read 8 bytes from 0x800087f8
# [SimX-DPI] Read 8 bytes from 0x80008800
# [SimX-DPI] Read 8 bytes from 0x80008808
# [SimX-DPI] Read 8 bytes from 0x80008810
# [SimX-DPI] Read 8 bytes from 0x80008818
# [SimX-DPI] Read 8 bytes from 0x80008820
# [SimX-DPI] Read 8 bytes from 0x80008828
# [SimX-DPI] Read 8 bytes from 0x80008830
# [SimX-DPI] Read 8 bytes from 0x80008838
# [SimX-DPI] Read 8 bytes from 0x80008840
# [SimX-DPI] Read 8 bytes from 0x80008848
# [SimX-DPI] Read 8 bytes from 0x80008850
# [SimX-DPI] Read 8 bytes from 0x80008858
# [SimX-DPI] Read 8 bytes from 0x80008860
# [SimX-DPI] Read 8 bytes from 0x80008868
# [SimX-DPI] Read 8 bytes from 0x80008870
# [SimX-DPI] Read 8 bytes from 0x80008878
# [SimX-DPI] Read 8 bytes from 0x80008880
# [SimX-DPI] Read 8 bytes from 0x80008888
# [SimX-DPI] Read 8 bytes from 0x80008890
# [SimX-DPI] Read 8 bytes from 0x80008898
# [SimX-DPI] Read 8 bytes from 0x800088a0
# [SimX-DPI] Read 8 bytes from 0x800088a8
# [SimX-DPI] Read 8 bytes from 0x800088b0
# [SimX-DPI] Read 8 bytes from 0x800088b8
# [SimX-DPI] Read 8 bytes from 0x800088c0
# [SimX-DPI] Read 8 bytes from 0x800088c8
# [SimX-DPI] Read 8 bytes from 0x800088d0
# [SimX-DPI] Read 8 bytes from 0x800088d8
# [SimX-DPI] Read 8 bytes from 0x800088e0
# [SimX-DPI] Read 8 bytes from 0x800088e8
# [SimX-DPI] Read 8 bytes from 0x800088f0
# [SimX-DPI] Read 8 bytes from 0x800088f8
# [SimX-DPI] Read 8 bytes from 0x80008900
# [SimX-DPI] Read 8 bytes from 0x80008908
# [SimX-DPI] Read 8 bytes from 0x80008910
# [SimX-DPI] Read 8 bytes from 0x80008918
# [SimX-DPI] Read 8 bytes from 0x80008920
# [SimX-DPI] Read 8 bytes from 0x80008928
# [SimX-DPI] Read 8 bytes from 0x80008930
# [SimX-DPI] Read 8 bytes from 0x80008938
# [SimX-DPI] Read 8 bytes from 0x80008940
# [SimX-DPI] Read 8 bytes from 0x80008948
# [SimX-DPI] Read 8 bytes from 0x80008950
# [SimX-DPI] Read 8 bytes from 0x80008958
# [SimX-DPI] Read 8 bytes from 0x80008960
# [SimX-DPI] Read 8 bytes from 0x80008968
# [SimX-DPI] Read 8 bytes from 0x80008970
# [SimX-DPI] Read 8 bytes from 0x80008978
# [SimX-DPI] Read 8 bytes from 0x80008980
# [SimX-DPI] Read 8 bytes from 0x80008988
# [SimX-DPI] Read 8 bytes from 0x80008990
# [SimX-DPI] Read 8 bytes from 0x80008998
# [SimX-DPI] Read 8 bytes from 0x800089a0
# [SimX-DPI] Read 8 bytes from 0x800089a8
# [SimX-DPI] Read 8 bytes from 0x800089b0
# [SimX-DPI] Read 8 bytes from 0x800089b8
# [SimX-DPI] Read 8 bytes from 0x800089c0
# [SimX-DPI] Read 8 bytes from 0x800089c8
# [SimX-DPI] Read 8 bytes from 0x800089d0
# [SimX-DPI] Read 8 bytes from 0x800089d8
# [SimX-DPI] Read 8 bytes from 0x800089e0
# [SimX-DPI] Read 8 bytes from 0x800089e8
# [SimX-DPI] Read 8 bytes from 0x800089f0
# [SimX-DPI] Read 8 bytes from 0x800089f8
# [SimX-DPI] Read 8 bytes from 0x80008a00
# [SimX-DPI] Read 8 bytes from 0x80008a08
# [SimX-DPI] Read 8 bytes from 0x80008a10
# [SimX-DPI] Read 8 bytes from 0x80008a18
# [SimX-DPI] Read 8 bytes from 0x80008a20
# [SimX-DPI] Read 8 bytes from 0x80008a28
# [SimX-DPI] Read 8 bytes from 0x80008a30
# [SimX-DPI] Read 8 bytes from 0x80008a38
# [SimX-DPI] Read 8 bytes from 0x80008a40
# [SimX-DPI] Read 8 bytes from 0x80008a48
# [SimX-DPI] Read 8 bytes from 0x80008a50
# [SimX-DPI] Read 8 bytes from 0x80008a58
# [SimX-DPI] Read 8 bytes from 0x80008a60
# [SimX-DPI] Read 8 bytes from 0x80008a68
# [SimX-DPI] Read 8 bytes from 0x80008a70
# [SimX-DPI] Read 8 bytes from 0x80008a78
# [SimX-DPI] Read 8 bytes from 0x80008a80
# [SimX-DPI] Read 8 bytes from 0x80008a88
# [SimX-DPI] Read 8 bytes from 0x80008a90
# [SimX-DPI] Read 8 bytes from 0x80008a98
# [SimX-DPI] Read 8 bytes from 0x80008aa0
# [SimX-DPI] Read 8 bytes from 0x80008aa8
# [SimX-DPI] Read 8 bytes from 0x80008ab0
# [SimX-DPI] Read 8 bytes from 0x80008ab8
# [SimX-DPI] Read 8 bytes from 0x80008ac0
# [SimX-DPI] Read 8 bytes from 0x80008ac8
# [SimX-DPI] Read 8 bytes from 0x80008ad0
# [SimX-DPI] Read 8 bytes from 0x80008ad8
# [SimX-DPI] Read 8 bytes from 0x80008ae0
# [SimX-DPI] Read 8 bytes from 0x80008ae8
# [SimX-DPI] Read 8 bytes from 0x80008af0
# [SimX-DPI] Read 8 bytes from 0x80008af8
# [SimX-DPI] Read 8 bytes from 0x80008b00
# [SimX-DPI] Read 8 bytes from 0x80008b08
# [SimX-DPI] Read 8 bytes from 0x80008b10
# [SimX-DPI] Read 8 bytes from 0x80008b18
# [SimX-DPI] Read 8 bytes from 0x80008b20
# [SimX-DPI] Read 8 bytes from 0x80008b28
# [SimX-DPI] Read 8 bytes from 0x80008b30
# [SimX-DPI] Read 8 bytes from 0x80008b38
# [SimX-DPI] Read 8 bytes from 0x80008b40
# [SimX-DPI] Read 8 bytes from 0x80008b48
# [SimX-DPI] Read 8 bytes from 0x80008b50
# [SimX-DPI] Read 8 bytes from 0x80008b58
# [SimX-DPI] Read 8 bytes from 0x80008b60
# [SimX-DPI] Read 8 bytes from 0x80008b68
# [SimX-DPI] Read 8 bytes from 0x80008b70
# [SimX-DPI] Read 8 bytes from 0x80008b78
# [SimX-DPI] Read 8 bytes from 0x80008b80
# [SimX-DPI] Read 8 bytes from 0x80008b88
# [SimX-DPI] Read 8 bytes from 0x80008b90
# [SimX-DPI] Read 8 bytes from 0x80008b98
# [SimX-DPI] Read 8 bytes from 0x80008ba0
# [SimX-DPI] Read 8 bytes from 0x80008ba8
# [SimX-DPI] Read 8 bytes from 0x80008bb0
# [SimX-DPI] Read 8 bytes from 0x80008bb8
# [SimX-DPI] Read 8 bytes from 0x80008bc0
# [SimX-DPI] Read 8 bytes from 0x80008bc8
# [SimX-DPI] Read 8 bytes from 0x80008bd0
# [SimX-DPI] Read 8 bytes from 0x80008bd8
# [SimX-DPI] Read 8 bytes from 0x80008be0
# [SimX-DPI] Read 8 bytes from 0x80008be8
# [SimX-DPI] Read 8 bytes from 0x80008bf0
# [SimX-DPI] Read 8 bytes from 0x80008bf8
# [SimX-DPI] Read 8 bytes from 0x80008c00
# [SimX-DPI] Read 8 bytes from 0x80008c08
# [SimX-DPI] Read 8 bytes from 0x80008c10
# [SimX-DPI] Read 8 bytes from 0x80008c18
# [SimX-DPI] Read 8 bytes from 0x80008c20
# [SimX-DPI] Read 8 bytes from 0x80008c28
# [SimX-DPI] Read 8 bytes from 0x80008c30
# [SimX-DPI] Read 8 bytes from 0x80008c38
# [SimX-DPI] Read 8 bytes from 0x80008c40
# [SimX-DPI] Read 8 bytes from 0x80008c48
# [SimX-DPI] Read 8 bytes from 0x80008c50
# [SimX-DPI] Read 8 bytes from 0x80008c58
# [SimX-DPI] Read 8 bytes from 0x80008c60
# [SimX-DPI] Read 8 bytes from 0x80008c68
# [SimX-DPI] Read 8 bytes from 0x80008c70
# [SimX-DPI] Read 8 bytes from 0x80008c78
# [SimX-DPI] Read 8 bytes from 0x80008c80
# [SimX-DPI] Read 8 bytes from 0x80008c88
# [SimX-DPI] Read 8 bytes from 0x80008c90
# [SimX-DPI] Read 8 bytes from 0x80008c98
# [SimX-DPI] Read 8 bytes from 0x80008ca0
# [SimX-DPI] Read 8 bytes from 0x80008ca8
# [SimX-DPI] Read 8 bytes from 0x80008cb0
# [SimX-DPI] Read 8 bytes from 0x80008cb8
# [SimX-DPI] Read 8 bytes from 0x80008cc0
# [SimX-DPI] Read 8 bytes from 0x80008cc8
# [SimX-DPI] Read 8 bytes from 0x80008cd0
# [SimX-DPI] Read 8 bytes from 0x80008cd8
# [SimX-DPI] Read 8 bytes from 0x80008ce0
# [SimX-DPI] Read 8 bytes from 0x80008ce8
# [SimX-DPI] Read 8 bytes from 0x80008cf0
# [SimX-DPI] Read 8 bytes from 0x80008cf8
# [SimX-DPI] Read 8 bytes from 0x80008d00
# [SimX-DPI] Read 8 bytes from 0x80008d08
# [SimX-DPI] Read 8 bytes from 0x80008d10
# [SimX-DPI] Read 8 bytes from 0x80008d18
# [SimX-DPI] Read 8 bytes from 0x80008d20
# [SimX-DPI] Read 8 bytes from 0x80008d28
# [SimX-DPI] Read 8 bytes from 0x80008d30
# [SimX-DPI] Read 8 bytes from 0x80008d38
# [SimX-DPI] Read 8 bytes from 0x80008d40
# [SimX-DPI] Read 8 bytes from 0x80008d48
# [SimX-DPI] Read 8 bytes from 0x80008d50
# [SimX-DPI] Read 8 bytes from 0x80008d58
# [SimX-DPI] Read 8 bytes from 0x80008d60
# [SimX-DPI] Read 8 bytes from 0x80008d68
# [SimX-DPI] Read 8 bytes from 0x80008d70
# [SimX-DPI] Read 8 bytes from 0x80008d78
# [SimX-DPI] Read 8 bytes from 0x80008d80
# [SimX-DPI] Read 8 bytes from 0x80008d88
# [SimX-DPI] Read 8 bytes from 0x80008d90
# [SimX-DPI] Read 8 bytes from 0x80008d98
# [SimX-DPI] Read 8 bytes from 0x80008da0
# [SimX-DPI] Read 8 bytes from 0x80008da8
# [SimX-DPI] Read 8 bytes from 0x80008db0
# [SimX-DPI] Read 8 bytes from 0x80008db8
# [SimX-DPI] Read 8 bytes from 0x80008dc0
# [SimX-DPI] Read 8 bytes from 0x80008dc8
# [SimX-DPI] Read 8 bytes from 0x80008dd0
# [SimX-DPI] Read 8 bytes from 0x80008dd8
# [SimX-DPI] Read 8 bytes from 0x80008de0
# [SimX-DPI] Read 8 bytes from 0x80008de8
# [SimX-DPI] Read 8 bytes from 0x80008df0
# [SimX-DPI] Read 8 bytes from 0x80008df8
# [SimX-DPI] Read 8 bytes from 0x80008e00
# [SimX-DPI] Read 8 bytes from 0x80008e08
# [SimX-DPI] Read 8 bytes from 0x80008e10
# [SimX-DPI] Read 8 bytes from 0x80008e18
# [SimX-DPI] Read 8 bytes from 0x80008e20
# [SimX-DPI] Read 8 bytes from 0x80008e28
# [SimX-DPI] Read 8 bytes from 0x80008e30
# [SimX-DPI] Read 8 bytes from 0x80008e38
# [SimX-DPI] Read 8 bytes from 0x80008e40
# [SimX-DPI] Read 8 bytes from 0x80008e48
# [SimX-DPI] Read 8 bytes from 0x80008e50
# [SimX-DPI] Read 8 bytes from 0x80008e58
# [SimX-DPI] Read 8 bytes from 0x80008e60
# [SimX-DPI] Read 8 bytes from 0x80008e68
# [SimX-DPI] Read 8 bytes from 0x80008e70
# [SimX-DPI] Read 8 bytes from 0x80008e78
# [SimX-DPI] Read 8 bytes from 0x80008e80
# [SimX-DPI] Read 8 bytes from 0x80008e88
# [SimX-DPI] Read 8 bytes from 0x80008e90
# [SimX-DPI] Read 8 bytes from 0x80008e98
# [SimX-DPI] Read 8 bytes from 0x80008ea0
# [SimX-DPI] Read 8 bytes from 0x80008ea8
# [SimX-DPI] Read 8 bytes from 0x80008eb0
# [SimX-DPI] Read 8 bytes from 0x80008eb8
# [SimX-DPI] Read 8 bytes from 0x80008ec0
# [SimX-DPI] Read 8 bytes from 0x80008ec8
# [SimX-DPI] Read 8 bytes from 0x80008ed0
# [SimX-DPI] Read 8 bytes from 0x80008ed8
# [SimX-DPI] Read 8 bytes from 0x80008ee0
# [SimX-DPI] Read 8 bytes from 0x80008ee8
# [SimX-DPI] Read 8 bytes from 0x80008ef0
# [SimX-DPI] Read 8 bytes from 0x80008ef8
# [SimX-DPI] Read 8 bytes from 0x80008f00
# [SimX-DPI] Read 8 bytes from 0x80008f08
# [SimX-DPI] Read 8 bytes from 0x80008f10
# [SimX-DPI] Read 8 bytes from 0x80008f18
# [SimX-DPI] Read 8 bytes from 0x80008f20
# [SimX-DPI] Read 8 bytes from 0x80008f28
# [SimX-DPI] Read 8 bytes from 0x80008f30
# [SimX-DPI] Read 8 bytes from 0x80008f38
# [SimX-DPI] Read 8 bytes from 0x80008f40
# [SimX-DPI] Read 8 bytes from 0x80008f48
# [SimX-DPI] Read 8 bytes from 0x80008f50
# [SimX-DPI] Read 8 bytes from 0x80008f58
# [SimX-DPI] Read 8 bytes from 0x80008f60
# [SimX-DPI] Read 8 bytes from 0x80008f68
# [SimX-DPI] Read 8 bytes from 0x80008f70
# [SimX-DPI] Read 8 bytes from 0x80008f78
# [SimX-DPI] Read 8 bytes from 0x80008f80
# [SimX-DPI] Read 8 bytes from 0x80008f88
# [SimX-DPI] Read 8 bytes from 0x80008f90
# [SimX-DPI] Read 8 bytes from 0x80008f98
# [SimX-DPI] Read 8 bytes from 0x80008fa0
# [SimX-DPI] Read 8 bytes from 0x80008fa8
# [SimX-DPI] Read 8 bytes from 0x80008fb0
# [SimX-DPI] Read 8 bytes from 0x80008fb8
# [SimX-DPI] Read 8 bytes from 0x80008fc0
# [SimX-DPI] Read 8 bytes from 0x80008fc8
# [SimX-DPI] Read 8 bytes from 0x80008fd0
# [SimX-DPI] Read 8 bytes from 0x80008fd8
# [SimX-DPI] Read 8 bytes from 0x80008fe0
# [SimX-DPI] Read 8 bytes from 0x80008fe8
# [SimX-DPI] Read 8 bytes from 0x80008ff0
# [SimX-DPI] Read 8 bytes from 0x80008ff8
# [SimX-DPI] Read 8 bytes from 0x80009000
# [SimX-DPI] Read 8 bytes from 0x80009008
# [SimX-DPI] Read 8 bytes from 0x80009010
# [SimX-DPI] Read 8 bytes from 0x80009018
# [SimX-DPI] Read 8 bytes from 0x80009020
# [SimX-DPI] Read 8 bytes from 0x80009028
# [SimX-DPI] Read 8 bytes from 0x80009030
# [SimX-DPI] Read 8 bytes from 0x80009038
# [SimX-DPI] Read 8 bytes from 0x80009040
# [SimX-DPI] Read 8 bytes from 0x80009048
# [SimX-DPI] Read 8 bytes from 0x80009050
# [SimX-DPI] Read 8 bytes from 0x80009058
# [SimX-DPI] Read 8 bytes from 0x80009060
# [SimX-DPI] Read 8 bytes from 0x80009068
# [SimX-DPI] Read 8 bytes from 0x80009070
# [SimX-DPI] Read 8 bytes from 0x80009078
# [SimX-DPI] Read 8 bytes from 0x80009080
# [SimX-DPI] Read 8 bytes from 0x80009088
# [SimX-DPI] Read 8 bytes from 0x80009090
# [SimX-DPI] Read 8 bytes from 0x80009098
# [SimX-DPI] Read 8 bytes from 0x800090a0
# [SimX-DPI] Read 8 bytes from 0x800090a8
# [SimX-DPI] Read 8 bytes from 0x800090b0
# [SimX-DPI] Read 8 bytes from 0x800090b8
# [SimX-DPI] Read 8 bytes from 0x800090c0
# [SimX-DPI] Read 8 bytes from 0x800090c8
# [SimX-DPI] Read 8 bytes from 0x800090d0
# [SimX-DPI] Read 8 bytes from 0x800090d8
# [SimX-DPI] Read 8 bytes from 0x800090e0
# [SimX-DPI] Read 8 bytes from 0x800090e8
# [SimX-DPI] Read 8 bytes from 0x800090f0
# [SimX-DPI] Read 8 bytes from 0x800090f8
# [SimX-DPI] Read 8 bytes from 0x80009100
# [SimX-DPI] Read 8 bytes from 0x80009108
# [SimX-DPI] Read 8 bytes from 0x80009110
# [SimX-DPI] Read 8 bytes from 0x80009118
# [SimX-DPI] Read 8 bytes from 0x80009120
# [SimX-DPI] Read 8 bytes from 0x80009128
# [SimX-DPI] Read 8 bytes from 0x80009130
# [SimX-DPI] Read 8 bytes from 0x80009138
# [SimX-DPI] Read 8 bytes from 0x80009140
# [SimX-DPI] Read 8 bytes from 0x80009148
# [SimX-DPI] Read 8 bytes from 0x80009150
# [SimX-DPI] Read 8 bytes from 0x80009158
# [SimX-DPI] Read 8 bytes from 0x80009160
# [SimX-DPI] Read 8 bytes from 0x80009168
# [SimX-DPI] Read 8 bytes from 0x80009170
# [SimX-DPI] Read 8 bytes from 0x80009178
# [SimX-DPI] Read 8 bytes from 0x80009180
# [SimX-DPI] Read 8 bytes from 0x80009188
# [SimX-DPI] Read 8 bytes from 0x80009190
# [SimX-DPI] Read 8 bytes from 0x80009198
# [SimX-DPI] Read 8 bytes from 0x800091a0
# [SimX-DPI] Read 8 bytes from 0x800091a8
# [SimX-DPI] Read 8 bytes from 0x800091b0
# [SimX-DPI] Read 8 bytes from 0x800091b8
# [SimX-DPI] Read 8 bytes from 0x800091c0
# [SimX-DPI] Read 8 bytes from 0x800091c8
# [SimX-DPI] Read 8 bytes from 0x800091d0
# [SimX-DPI] Read 8 bytes from 0x800091d8
# [SimX-DPI] Read 8 bytes from 0x800091e0
# [SimX-DPI] Read 8 bytes from 0x800091e8
# [SimX-DPI] Read 8 bytes from 0x800091f0
# [SimX-DPI] Read 8 bytes from 0x800091f8
# [SimX-DPI] Read 8 bytes from 0x80009200
# [SimX-DPI] Read 8 bytes from 0x80009208
# [SimX-DPI] Read 8 bytes from 0x80009210
# [SimX-DPI] Read 8 bytes from 0x80009218
# [SimX-DPI] Read 8 bytes from 0x80009220
# [SimX-DPI] Read 8 bytes from 0x80009228
# [SimX-DPI] Read 8 bytes from 0x80009230
# [SimX-DPI] Read 8 bytes from 0x80009238
# [SimX-DPI] Read 8 bytes from 0x80009240
# [SimX-DPI] Read 8 bytes from 0x80009248
# [SimX-DPI] Read 8 bytes from 0x80009250
# [SimX-DPI] Read 8 bytes from 0x80009258
# [SimX-DPI] Read 8 bytes from 0x80009260
# [SimX-DPI] Read 8 bytes from 0x80009268
# [SimX-DPI] Read 8 bytes from 0x80009270
# [SimX-DPI] Read 8 bytes from 0x80009278
# [SimX-DPI] Read 8 bytes from 0x80009280
# [SimX-DPI] Read 8 bytes from 0x80009288
# [SimX-DPI] Read 8 bytes from 0x80009290
# [SimX-DPI] Read 8 bytes from 0x80009298
# [SimX-DPI] Read 8 bytes from 0x800092a0
# [SimX-DPI] Read 8 bytes from 0x800092a8
# [SimX-DPI] Read 8 bytes from 0x800092b0
# [SimX-DPI] Read 8 bytes from 0x800092b8
# [SimX-DPI] Read 8 bytes from 0x800092c0
# [SimX-DPI] Read 8 bytes from 0x800092c8
# [SimX-DPI] Read 8 bytes from 0x800092d0
# [SimX-DPI] Read 8 bytes from 0x800092d8
# [SimX-DPI] Read 8 bytes from 0x800092e0
# [SimX-DPI] Read 8 bytes from 0x800092e8
# [SimX-DPI] Read 8 bytes from 0x800092f0
# [SimX-DPI] Read 8 bytes from 0x800092f8
# [SimX-DPI] Read 8 bytes from 0x80009300
# [SimX-DPI] Read 8 bytes from 0x80009308
# [SimX-DPI] Read 8 bytes from 0x80009310
# [SimX-DPI] Read 8 bytes from 0x80009318
# [SimX-DPI] Read 8 bytes from 0x80009320
# [SimX-DPI] Read 8 bytes from 0x80009328
# [SimX-DPI] Read 8 bytes from 0x80009330
# [SimX-DPI] Read 8 bytes from 0x80009338
# [SimX-DPI] Read 8 bytes from 0x80009340
# [SimX-DPI] Read 8 bytes from 0x80009348
# [SimX-DPI] Read 8 bytes from 0x80009350
# [SimX-DPI] Read 8 bytes from 0x80009358
# [SimX-DPI] Read 8 bytes from 0x80009360
# [SimX-DPI] Read 8 bytes from 0x80009368
# [SimX-DPI] Read 8 bytes from 0x80009370
# [SimX-DPI] Read 8 bytes from 0x80009378
# [SimX-DPI] Read 8 bytes from 0x80009380
# [SimX-DPI] Read 8 bytes from 0x80009388
# [SimX-DPI] Read 8 bytes from 0x80009390
# [SimX-DPI] Read 8 bytes from 0x80009398
# [SimX-DPI] Read 8 bytes from 0x800093a0
# [SimX-DPI] Read 8 bytes from 0x800093a8
# [SimX-DPI] Read 8 bytes from 0x800093b0
# [SimX-DPI] Read 8 bytes from 0x800093b8
# [SimX-DPI] Read 8 bytes from 0x800093c0
# [SimX-DPI] Read 8 bytes from 0x800093c8
# [SimX-DPI] Read 8 bytes from 0x800093d0
# [SimX-DPI] Read 8 bytes from 0x800093d8
# [SimX-DPI] Read 8 bytes from 0x800093e0
# [SimX-DPI] Read 8 bytes from 0x800093e8
# [SimX-DPI] Read 8 bytes from 0x800093f0
# [SimX-DPI] Read 8 bytes from 0x800093f8
# [SimX-DPI] Read 8 bytes from 0x80009400
# [SimX-DPI] Read 8 bytes from 0x80009408
# [SimX-DPI] Read 8 bytes from 0x80009410
# [SimX-DPI] Read 8 bytes from 0x80009418
# [SimX-DPI] Read 8 bytes from 0x80009420
# [SimX-DPI] Read 8 bytes from 0x80009428
# [SimX-DPI] Read 8 bytes from 0x80009430
# [SimX-DPI] Read 8 bytes from 0x80009438
# [SimX-DPI] Read 8 bytes from 0x80009440
# [SimX-DPI] Read 8 bytes from 0x80009448
# [SimX-DPI] Read 8 bytes from 0x80009450
# [SimX-DPI] Read 8 bytes from 0x80009458
# [SimX-DPI] Read 8 bytes from 0x80009460
# [SimX-DPI] Read 8 bytes from 0x80009468
# [SimX-DPI] Read 8 bytes from 0x80009470
# [SimX-DPI] Read 8 bytes from 0x80009478
# [SimX-DPI] Read 8 bytes from 0x80009480
# [SimX-DPI] Read 8 bytes from 0x80009488
# [SimX-DPI] Read 8 bytes from 0x80009490
# [SimX-DPI] Read 8 bytes from 0x80009498
# [SimX-DPI] Read 8 bytes from 0x800094a0
# [SimX-DPI] Read 8 bytes from 0x800094a8
# [SimX-DPI] Read 8 bytes from 0x800094b0
# [SimX-DPI] Read 8 bytes from 0x800094b8
# [SimX-DPI] Read 8 bytes from 0x800094c0
# [SimX-DPI] Read 8 bytes from 0x800094c8
# [SimX-DPI] Read 8 bytes from 0x800094d0
# [SimX-DPI] Read 8 bytes from 0x800094d8
# [SimX-DPI] Read 8 bytes from 0x800094e0
# [SimX-DPI] Read 8 bytes from 0x800094e8
# [SimX-DPI] Read 8 bytes from 0x800094f0
# [SimX-DPI] Read 8 bytes from 0x800094f8
# [SimX-DPI] Read 8 bytes from 0x80009500
# [SimX-DPI] Read 8 bytes from 0x80009508
# [SimX-DPI] Read 8 bytes from 0x80009510
# [SimX-DPI] Read 8 bytes from 0x80009518
# [SimX-DPI] Read 8 bytes from 0x80009520
# [SimX-DPI] Read 8 bytes from 0x80009528
# [SimX-DPI] Read 8 bytes from 0x80009530
# [SimX-DPI] Read 8 bytes from 0x80009538
# [SimX-DPI] Read 8 bytes from 0x80009540
# [SimX-DPI] Read 8 bytes from 0x80009548
# [SimX-DPI] Read 8 bytes from 0x80009550
# [SimX-DPI] Read 8 bytes from 0x80009558
# [SimX-DPI] Read 8 bytes from 0x80009560
# [SimX-DPI] Read 8 bytes from 0x80009568
# [SimX-DPI] Read 8 bytes from 0x80009570
# [SimX-DPI] Read 8 bytes from 0x80009578
# [SimX-DPI] Read 8 bytes from 0x80009580
# [SimX-DPI] Read 8 bytes from 0x80009588
# [SimX-DPI] Read 8 bytes from 0x80009590
# [SimX-DPI] Read 8 bytes from 0x80009598
# [SimX-DPI] Read 8 bytes from 0x800095a0
# [SimX-DPI] Read 8 bytes from 0x800095a8
# [SimX-DPI] Read 8 bytes from 0x800095b0
# [SimX-DPI] Read 8 bytes from 0x800095b8
# [SimX-DPI] Read 8 bytes from 0x800095c0
# [SimX-DPI] Read 8 bytes from 0x800095c8
# [SimX-DPI] Read 8 bytes from 0x800095d0
# [SimX-DPI] Read 8 bytes from 0x800095d8
# [SimX-DPI] Read 8 bytes from 0x800095e0
# [SimX-DPI] Read 8 bytes from 0x800095e8
# [SimX-DPI] Read 8 bytes from 0x800095f0
# [SimX-DPI] Read 8 bytes from 0x800095f8
# [SimX-DPI] Read 8 bytes from 0x80009600
# [SimX-DPI] Read 8 bytes from 0x80009608
# [SimX-DPI] Read 8 bytes from 0x80009610
# [SimX-DPI] Read 8 bytes from 0x80009618
# [SimX-DPI] Read 8 bytes from 0x80009620
# [SimX-DPI] Read 8 bytes from 0x80009628
# [SimX-DPI] Read 8 bytes from 0x80009630
# [SimX-DPI] Read 8 bytes from 0x80009638
# [SimX-DPI] Read 8 bytes from 0x80009640
# [SimX-DPI] Read 8 bytes from 0x80009648
# [SimX-DPI] Read 8 bytes from 0x80009650
# [SimX-DPI] Read 8 bytes from 0x80009658
# [SimX-DPI] Read 8 bytes from 0x80009660
# [SimX-DPI] Read 8 bytes from 0x80009668
# [SimX-DPI] Read 8 bytes from 0x80009670
# [SimX-DPI] Read 8 bytes from 0x80009678
# [SimX-DPI] Read 8 bytes from 0x80009680
# [SimX-DPI] Read 8 bytes from 0x80009688
# [SimX-DPI] Read 8 bytes from 0x80009690
# [SimX-DPI] Read 8 bytes from 0x80009698
# [SimX-DPI] Read 8 bytes from 0x800096a0
# [SimX-DPI] Read 8 bytes from 0x800096a8
# [SimX-DPI] Read 8 bytes from 0x800096b0
# [SimX-DPI] Read 8 bytes from 0x800096b8
# [SimX-DPI] Read 8 bytes from 0x800096c0
# [SimX-DPI] Read 8 bytes from 0x800096c8
# [SimX-DPI] Read 8 bytes from 0x800096d0
# [SimX-DPI] Read 8 bytes from 0x800096d8
# [SimX-DPI] Read 8 bytes from 0x800096e0
# [SimX-DPI] Read 8 bytes from 0x800096e8
# [SimX-DPI] Read 8 bytes from 0x800096f0
# [SimX-DPI] Read 8 bytes from 0x800096f8
# [SimX-DPI] Read 8 bytes from 0x80009700
# [SimX-DPI] Read 8 bytes from 0x80009708
# [SimX-DPI] Read 8 bytes from 0x80009710
# [SimX-DPI] Read 8 bytes from 0x80009718
# [SimX-DPI] Read 8 bytes from 0x80009720
# [SimX-DPI] Read 8 bytes from 0x80009728
# [SimX-DPI] Read 8 bytes from 0x80009730
# [SimX-DPI] Read 8 bytes from 0x80009738
# [SimX-DPI] Read 8 bytes from 0x80009740
# [SimX-DPI] Read 8 bytes from 0x80009748
# [SimX-DPI] Read 8 bytes from 0x80009750
# [SimX-DPI] Read 8 bytes from 0x80009758
# [SimX-DPI] Read 8 bytes from 0x80009760
# [SimX-DPI] Read 8 bytes from 0x80009768
# [SimX-DPI] Read 8 bytes from 0x80009770
# [SimX-DPI] Read 8 bytes from 0x80009778
# [SimX-DPI] Read 8 bytes from 0x80009780
# [SimX-DPI] Read 8 bytes from 0x80009788
# [SimX-DPI] Read 8 bytes from 0x80009790
# [SimX-DPI] Read 8 bytes from 0x80009798
# [SimX-DPI] Read 8 bytes from 0x800097a0
# [SimX-DPI] Read 8 bytes from 0x800097a8
# [SimX-DPI] Read 8 bytes from 0x800097b0
# [SimX-DPI] Read 8 bytes from 0x800097b8
# [SimX-DPI] Read 8 bytes from 0x800097c0
# [SimX-DPI] Read 8 bytes from 0x800097c8
# [SimX-DPI] Read 8 bytes from 0x800097d0
# [SimX-DPI] Read 8 bytes from 0x800097d8
# [SimX-DPI] Read 8 bytes from 0x800097e0
# [SimX-DPI] Read 8 bytes from 0x800097e8
# [SimX-DPI] Read 8 bytes from 0x800097f0
# [SimX-DPI] Read 8 bytes from 0x800097f8
# [SimX-DPI] Read 8 bytes from 0x80009800
# [SimX-DPI] Read 8 bytes from 0x80009808
# [SimX-DPI] Read 8 bytes from 0x80009810
# [SimX-DPI] Read 8 bytes from 0x80009818
# [SimX-DPI] Read 8 bytes from 0x80009820
# [SimX-DPI] Read 8 bytes from 0x80009828
# [SimX-DPI] Read 8 bytes from 0x80009830
# [SimX-DPI] Read 8 bytes from 0x80009838
# [SimX-DPI] Read 8 bytes from 0x80009840
# [SimX-DPI] Read 8 bytes from 0x80009848
# [SimX-DPI] Read 8 bytes from 0x80009850
# [SimX-DPI] Read 8 bytes from 0x80009858
# [SimX-DPI] Read 8 bytes from 0x80009860
# [SimX-DPI] Read 8 bytes from 0x80009868
# [SimX-DPI] Read 8 bytes from 0x80009870
# [SimX-DPI] Read 8 bytes from 0x80009878
# [SimX-DPI] Read 8 bytes from 0x80009880
# [SimX-DPI] Read 8 bytes from 0x80009888
# [SimX-DPI] Read 8 bytes from 0x80009890
# [SimX-DPI] Read 8 bytes from 0x80009898
# [SimX-DPI] Read 8 bytes from 0x800098a0
# [SimX-DPI] Read 8 bytes from 0x800098a8
# [SimX-DPI] Read 8 bytes from 0x800098b0
# [SimX-DPI] Read 8 bytes from 0x800098b8
# [SimX-DPI] Read 8 bytes from 0x800098c0
# [SimX-DPI] Read 8 bytes from 0x800098c8
# [SimX-DPI] Read 8 bytes from 0x800098d0
# [SimX-DPI] Read 8 bytes from 0x800098d8
# [SimX-DPI] Read 8 bytes from 0x800098e0
# [SimX-DPI] Read 8 bytes from 0x800098e8
# [SimX-DPI] Read 8 bytes from 0x800098f0
# [SimX-DPI] Read 8 bytes from 0x800098f8
# [SimX-DPI] Read 8 bytes from 0x80009900
# [SimX-DPI] Read 8 bytes from 0x80009908
# [SimX-DPI] Read 8 bytes from 0x80009910
# [SimX-DPI] Read 8 bytes from 0x80009918
# [SimX-DPI] Read 8 bytes from 0x80009920
# [SimX-DPI] Read 8 bytes from 0x80009928
# [SimX-DPI] Read 8 bytes from 0x80009930
# [SimX-DPI] Read 8 bytes from 0x80009938
# [SimX-DPI] Read 8 bytes from 0x80009940
# [SimX-DPI] Read 8 bytes from 0x80009948
# [SimX-DPI] Read 8 bytes from 0x80009950
# [SimX-DPI] Read 8 bytes from 0x80009958
# [SimX-DPI] Read 8 bytes from 0x80009960
# [SimX-DPI] Read 8 bytes from 0x80009968
# [SimX-DPI] Read 8 bytes from 0x80009970
# [SimX-DPI] Read 8 bytes from 0x80009978
# [SimX-DPI] Read 8 bytes from 0x80009980
# [SimX-DPI] Read 8 bytes from 0x80009988
# [SimX-DPI] Read 8 bytes from 0x80009990
# [SimX-DPI] Read 8 bytes from 0x80009998
# [SimX-DPI] Read 8 bytes from 0x800099a0
# [SimX-DPI] Read 8 bytes from 0x800099a8
# [SimX-DPI] Read 8 bytes from 0x800099b0
# [SimX-DPI] Read 8 bytes from 0x800099b8
# [SimX-DPI] Read 8 bytes from 0x800099c0
# [SimX-DPI] Read 8 bytes from 0x800099c8
# [SimX-DPI] Read 8 bytes from 0x800099d0
# [SimX-DPI] Read 8 bytes from 0x800099d8
# [SimX-DPI] Read 8 bytes from 0x800099e0
# [SimX-DPI] Read 8 bytes from 0x800099e8
# [SimX-DPI] Read 8 bytes from 0x800099f0
# [SimX-DPI] Read 8 bytes from 0x800099f8
# [SimX-DPI] Read 8 bytes from 0x80009a00
# [SimX-DPI] Read 8 bytes from 0x80009a08
# [SimX-DPI] Read 8 bytes from 0x80009a10
# [SimX-DPI] Read 8 bytes from 0x80009a18
# [SimX-DPI] Read 8 bytes from 0x80009a20
# [SimX-DPI] Read 8 bytes from 0x80009a28
# [SimX-DPI] Read 8 bytes from 0x80009a30
# [SimX-DPI] Read 8 bytes from 0x80009a38
# [SimX-DPI] Read 8 bytes from 0x80009a40
# [SimX-DPI] Read 8 bytes from 0x80009a48
# [SimX-DPI] Read 8 bytes from 0x80009a50
# [SimX-DPI] Read 8 bytes from 0x80009a58
# [SimX-DPI] Read 8 bytes from 0x80009a60
# [SimX-DPI] Read 8 bytes from 0x80009a68
# [SimX-DPI] Read 8 bytes from 0x80009a70
# [SimX-DPI] Read 8 bytes from 0x80009a78
# [SimX-DPI] Read 8 bytes from 0x80009a80
# [SimX-DPI] Read 8 bytes from 0x80009a88
# [SimX-DPI] Read 8 bytes from 0x80009a90
# [SimX-DPI] Read 8 bytes from 0x80009a98
# [SimX-DPI] Read 8 bytes from 0x80009aa0
# [SimX-DPI] Read 8 bytes from 0x80009aa8
# [SimX-DPI] Read 8 bytes from 0x80009ab0
# [SimX-DPI] Read 8 bytes from 0x80009ab8
# [SimX-DPI] Read 8 bytes from 0x80009ac0
# [SimX-DPI] Read 8 bytes from 0x80009ac8
# [SimX-DPI] Read 8 bytes from 0x80009ad0
# [SimX-DPI] Read 8 bytes from 0x80009ad8
# [SimX-DPI] Read 8 bytes from 0x80009ae0
# [SimX-DPI] Read 8 bytes from 0x80009ae8
# [SimX-DPI] Read 8 bytes from 0x80009af0
# [SimX-DPI] Read 8 bytes from 0x80009af8
# [SimX-DPI] Read 8 bytes from 0x80009b00
# [SimX-DPI] Read 8 bytes from 0x80009b08
# [SimX-DPI] Read 8 bytes from 0x80009b10
# [SimX-DPI] Read 8 bytes from 0x80009b18
# [SimX-DPI] Read 8 bytes from 0x80009b20
# [SimX-DPI] Read 8 bytes from 0x80009b28
# [SimX-DPI] Read 8 bytes from 0x80009b30
# [SimX-DPI] Read 8 bytes from 0x80009b38
# [SimX-DPI] Read 8 bytes from 0x80009b40
# [SimX-DPI] Read 8 bytes from 0x80009b48
# [SimX-DPI] Read 8 bytes from 0x80009b50
# [SimX-DPI] Read 8 bytes from 0x80009b58
# [SimX-DPI] Read 8 bytes from 0x80009b60
# [SimX-DPI] Read 8 bytes from 0x80009b68
# [SimX-DPI] Read 8 bytes from 0x80009b70
# [SimX-DPI] Read 8 bytes from 0x80009b78
# [SimX-DPI] Read 8 bytes from 0x80009b80
# [SimX-DPI] Read 8 bytes from 0x80009b88
# [SimX-DPI] Read 8 bytes from 0x80009b90
# [SimX-DPI] Read 8 bytes from 0x80009b98
# [SimX-DPI] Read 8 bytes from 0x80009ba0
# [SimX-DPI] Read 8 bytes from 0x80009ba8
# [SimX-DPI] Read 8 bytes from 0x80009bb0
# [SimX-DPI] Read 8 bytes from 0x80009bb8
# [SimX-DPI] Read 8 bytes from 0x80009bc0
# [SimX-DPI] Read 8 bytes from 0x80009bc8
# [SimX-DPI] Read 8 bytes from 0x80009bd0
# [SimX-DPI] Read 8 bytes from 0x80009bd8
# [SimX-DPI] Read 8 bytes from 0x80009be0
# [SimX-DPI] Read 8 bytes from 0x80009be8
# [SimX-DPI] Read 8 bytes from 0x80009bf0
# [SimX-DPI] Read 8 bytes from 0x80009bf8
# [SimX-DPI] Read 8 bytes from 0x80009c00
# [SimX-DPI] Read 8 bytes from 0x80009c08
# [SimX-DPI] Read 8 bytes from 0x80009c10
# [SimX-DPI] Read 8 bytes from 0x80009c18
# [SimX-DPI] Read 8 bytes from 0x80009c20
# [SimX-DPI] Read 8 bytes from 0x80009c28
# [SimX-DPI] Read 8 bytes from 0x80009c30
# [SimX-DPI] Read 8 bytes from 0x80009c38
# [SimX-DPI] Read 8 bytes from 0x80009c40
# [SimX-DPI] Read 8 bytes from 0x80009c48
# [SimX-DPI] Read 8 bytes from 0x80009c50
# [SimX-DPI] Read 8 bytes from 0x80009c58
# [SimX-DPI] Read 8 bytes from 0x80009c60
# [SimX-DPI] Read 8 bytes from 0x80009c68
# [SimX-DPI] Read 8 bytes from 0x80009c70
# [SimX-DPI] Read 8 bytes from 0x80009c78
# [SimX-DPI] Read 8 bytes from 0x80009c80
# [SimX-DPI] Read 8 bytes from 0x80009c88
# [SimX-DPI] Read 8 bytes from 0x80009c90
# [SimX-DPI] Read 8 bytes from 0x80009c98
# [SimX-DPI] Read 8 bytes from 0x80009ca0
# [SimX-DPI] Read 8 bytes from 0x80009ca8
# [SimX-DPI] Read 8 bytes from 0x80009cb0
# [SimX-DPI] Read 8 bytes from 0x80009cb8
# [SimX-DPI] Read 8 bytes from 0x80009cc0
# [SimX-DPI] Read 8 bytes from 0x80009cc8
# [SimX-DPI] Read 8 bytes from 0x80009cd0
# [SimX-DPI] Read 8 bytes from 0x80009cd8
# [SimX-DPI] Read 8 bytes from 0x80009ce0
# [SimX-DPI] Read 8 bytes from 0x80009ce8
# [SimX-DPI] Read 8 bytes from 0x80009cf0
# [SimX-DPI] Read 8 bytes from 0x80009cf8
# [SimX-DPI] Read 8 bytes from 0x80009d00
# [SimX-DPI] Read 8 bytes from 0x80009d08
# [SimX-DPI] Read 8 bytes from 0x80009d10
# [SimX-DPI] Read 8 bytes from 0x80009d18
# [SimX-DPI] Read 8 bytes from 0x80009d20
# [SimX-DPI] Read 8 bytes from 0x80009d28
# [SimX-DPI] Read 8 bytes from 0x80009d30
# [SimX-DPI] Read 8 bytes from 0x80009d38
# [SimX-DPI] Read 8 bytes from 0x80009d40
# [SimX-DPI] Read 8 bytes from 0x80009d48
# [SimX-DPI] Read 8 bytes from 0x80009d50
# [SimX-DPI] Read 8 bytes from 0x80009d58
# [SimX-DPI] Read 8 bytes from 0x80009d60
# [SimX-DPI] Read 8 bytes from 0x80009d68
# [SimX-DPI] Read 8 bytes from 0x80009d70
# [SimX-DPI] Read 8 bytes from 0x80009d78
# [SimX-DPI] Read 8 bytes from 0x80009d80
# [SimX-DPI] Read 8 bytes from 0x80009d88
# [SimX-DPI] Read 8 bytes from 0x80009d90
# [SimX-DPI] Read 8 bytes from 0x80009d98
# [SimX-DPI] Read 8 bytes from 0x80009da0
# [SimX-DPI] Read 8 bytes from 0x80009da8
# [SimX-DPI] Read 8 bytes from 0x80009db0
# [SimX-DPI] Read 8 bytes from 0x80009db8
# [SimX-DPI] Read 8 bytes from 0x80009dc0
# [SimX-DPI] Read 8 bytes from 0x80009dc8
# [SimX-DPI] Read 8 bytes from 0x80009dd0
# [SimX-DPI] Read 8 bytes from 0x80009dd8
# [SimX-DPI] Read 8 bytes from 0x80009de0
# [SimX-DPI] Read 8 bytes from 0x80009de8
# [SimX-DPI] Read 8 bytes from 0x80009df0
# [SimX-DPI] Read 8 bytes from 0x80009df8
# [SimX-DPI] Read 8 bytes from 0x80009e00
# [SimX-DPI] Read 8 bytes from 0x80009e08
# [SimX-DPI] Read 8 bytes from 0x80009e10
# [SimX-DPI] Read 8 bytes from 0x80009e18
# [SimX-DPI] Read 8 bytes from 0x80009e20
# [SimX-DPI] Read 8 bytes from 0x80009e28
# [SimX-DPI] Read 8 bytes from 0x80009e30
# [SimX-DPI] Read 8 bytes from 0x80009e38
# [SimX-DPI] Read 8 bytes from 0x80009e40
# [SimX-DPI] Read 8 bytes from 0x80009e48
# [SimX-DPI] Read 8 bytes from 0x80009e50
# [SimX-DPI] Read 8 bytes from 0x80009e58
# [SimX-DPI] Read 8 bytes from 0x80009e60
# [SimX-DPI] Read 8 bytes from 0x80009e68
# [SimX-DPI] Read 8 bytes from 0x80009e70
# [SimX-DPI] Read 8 bytes from 0x80009e78
# [SimX-DPI] Read 8 bytes from 0x80009e80
# [SimX-DPI] Read 8 bytes from 0x80009e88
# [SimX-DPI] Read 8 bytes from 0x80009e90
# [SimX-DPI] Read 8 bytes from 0x80009e98
# [SimX-DPI] Read 8 bytes from 0x80009ea0
# [SimX-DPI] Read 8 bytes from 0x80009ea8
# [SimX-DPI] Read 8 bytes from 0x80009eb0
# [SimX-DPI] Read 8 bytes from 0x80009eb8
# [SimX-DPI] Read 8 bytes from 0x80009ec0
# [SimX-DPI] Read 8 bytes from 0x80009ec8
# [SimX-DPI] Read 8 bytes from 0x80009ed0
# [SimX-DPI] Read 8 bytes from 0x80009ed8
# [SimX-DPI] Read 8 bytes from 0x80009ee0
# [SimX-DPI] Read 8 bytes from 0x80009ee8
# [SimX-DPI] Read 8 bytes from 0x80009ef0
# [SimX-DPI] Read 8 bytes from 0x80009ef8
# [SimX-DPI] Read 8 bytes from 0x80009f00
# [SimX-DPI] Read 8 bytes from 0x80009f08
# [SimX-DPI] Read 8 bytes from 0x80009f10
# [SimX-DPI] Read 8 bytes from 0x80009f18
# [SimX-DPI] Read 8 bytes from 0x80009f20
# [SimX-DPI] Read 8 bytes from 0x80009f28
# [SimX-DPI] Read 8 bytes from 0x80009f30
# [SimX-DPI] Read 8 bytes from 0x80009f38
# [SimX-DPI] Read 8 bytes from 0x80009f40
# [SimX-DPI] Read 8 bytes from 0x80009f48
# [SimX-DPI] Read 8 bytes from 0x80009f50
# [SimX-DPI] Read 8 bytes from 0x80009f58
# [SimX-DPI] Read 8 bytes from 0x80009f60
# [SimX-DPI] Read 8 bytes from 0x80009f68
# [SimX-DPI] Read 8 bytes from 0x80009f70
# [SimX-DPI] Read 8 bytes from 0x80009f78
# [SimX-DPI] Read 8 bytes from 0x80009f80
# [SimX-DPI] Read 8 bytes from 0x80009f88
# [SimX-DPI] Read 8 bytes from 0x80009f90
# [SimX-DPI] Read 8 bytes from 0x80009f98
# [SimX-DPI] Read 8 bytes from 0x80009fa0
# [SimX-DPI] Read 8 bytes from 0x80009fa8
# [SimX-DPI] Read 8 bytes from 0x80009fb0
# [SimX-DPI] Read 8 bytes from 0x80009fb8
# [SimX-DPI] Read 8 bytes from 0x80009fc0
# [SimX-DPI] Read 8 bytes from 0x80009fc8
# [SimX-DPI] Read 8 bytes from 0x80009fd0
# [SimX-DPI] Read 8 bytes from 0x80009fd8
# [SimX-DPI] Read 8 bytes from 0x80009fe0
# [SimX-DPI] Read 8 bytes from 0x80009fe8
# [SimX-DPI] Read 8 bytes from 0x80009ff0
# [SimX-DPI] Read 8 bytes from 0x80009ff8
# [SimX-DPI] Read 8 bytes from 0x8000a000
# [SimX-DPI] Read 8 bytes from 0x8000a008
# [SimX-DPI] Read 8 bytes from 0x8000a010
# [SimX-DPI] Read 8 bytes from 0x8000a018
# [SimX-DPI] Read 8 bytes from 0x8000a020
# [SimX-DPI] Read 8 bytes from 0x8000a028
# [SimX-DPI] Read 8 bytes from 0x8000a030
# [SimX-DPI] Read 8 bytes from 0x8000a038
# [SimX-DPI] Read 8 bytes from 0x8000a040
# [SimX-DPI] Read 8 bytes from 0x8000a048
# [SimX-DPI] Read 8 bytes from 0x8000a050
# [SimX-DPI] Read 8 bytes from 0x8000a058
# [SimX-DPI] Read 8 bytes from 0x8000a060
# [SimX-DPI] Read 8 bytes from 0x8000a068
# [SimX-DPI] Read 8 bytes from 0x8000a070
# [SimX-DPI] Read 8 bytes from 0x8000a078
# [SimX-DPI] Read 8 bytes from 0x8000a080
# [SimX-DPI] Read 8 bytes from 0x8000a088
# [SimX-DPI] Read 8 bytes from 0x8000a090
# [SimX-DPI] Read 8 bytes from 0x8000a098
# [SimX-DPI] Read 8 bytes from 0x8000a0a0
# [SimX-DPI] Read 8 bytes from 0x8000a0a8
# [SimX-DPI] Read 8 bytes from 0x8000a0b0
# [SimX-DPI] Read 8 bytes from 0x8000a0b8
# [SimX-DPI] Read 8 bytes from 0x8000a0c0
# [SimX-DPI] Read 8 bytes from 0x8000a0c8
# [SimX-DPI] Read 8 bytes from 0x8000a0d0
# [SimX-DPI] Read 8 bytes from 0x8000a0d8
# [SimX-DPI] Read 8 bytes from 0x8000a0e0
# [SimX-DPI] Read 8 bytes from 0x8000a0e8
# [SimX-DPI] Read 8 bytes from 0x8000a0f0
# [SimX-DPI] Read 8 bytes from 0x8000a0f8
# [SimX-DPI] Read 8 bytes from 0x8000a100
# [SimX-DPI] Read 8 bytes from 0x8000a108
# [SimX-DPI] Read 8 bytes from 0x8000a110
# [SimX-DPI] Read 8 bytes from 0x8000a118
# [SimX-DPI] Read 8 bytes from 0x8000a120
# [SimX-DPI] Read 8 bytes from 0x8000a128
# [SimX-DPI] Read 8 bytes from 0x8000a130
# [SimX-DPI] Read 8 bytes from 0x8000a138
# [SimX-DPI] Read 8 bytes from 0x8000a140
# [SimX-DPI] Read 8 bytes from 0x8000a148
# [SimX-DPI] Read 8 bytes from 0x8000a150
# [SimX-DPI] Read 8 bytes from 0x8000a158
# [SimX-DPI] Read 8 bytes from 0x8000a160
# [SimX-DPI] Read 8 bytes from 0x8000a168
# [SimX-DPI] Read 8 bytes from 0x8000a170
# [SimX-DPI] Read 8 bytes from 0x8000a178
# [SimX-DPI] Read 8 bytes from 0x8000a180
# [SimX-DPI] Read 8 bytes from 0x8000a188
# [SimX-DPI] Read 8 bytes from 0x8000a190
# [SimX-DPI] Read 8 bytes from 0x8000a198
# [SimX-DPI] Read 8 bytes from 0x8000a1a0
# [SimX-DPI] Read 8 bytes from 0x8000a1a8
# [SimX-DPI] Read 8 bytes from 0x8000a1b0
# [SimX-DPI] Read 8 bytes from 0x8000a1b8
# [SimX-DPI] Read 8 bytes from 0x8000a1c0
# [SimX-DPI] Read 8 bytes from 0x8000a1c8
# [SimX-DPI] Read 8 bytes from 0x8000a1d0
# [SimX-DPI] Read 8 bytes from 0x8000a1d8
# [SimX-DPI] Read 8 bytes from 0x8000a1e0
# [SimX-DPI] Read 8 bytes from 0x8000a1e8
# [SimX-DPI] Read 8 bytes from 0x8000a1f0
# [SimX-DPI] Read 8 bytes from 0x8000a1f8
# [SimX-DPI] Read 8 bytes from 0x8000a200
# [SimX-DPI] Read 8 bytes from 0x8000a208
# [SimX-DPI] Read 8 bytes from 0x8000a210
# [SimX-DPI] Read 8 bytes from 0x8000a218
# [SimX-DPI] Read 8 bytes from 0x8000a220
# [SimX-DPI] Read 8 bytes from 0x8000a228
# [SimX-DPI] Read 8 bytes from 0x8000a230
# [SimX-DPI] Read 8 bytes from 0x8000a238
# [SimX-DPI] Read 8 bytes from 0x8000a240
# [SimX-DPI] Read 8 bytes from 0x8000a248
# [SimX-DPI] Read 8 bytes from 0x8000a250
# [SimX-DPI] Read 8 bytes from 0x8000a258
# [SimX-DPI] Read 8 bytes from 0x8000a260
# [SimX-DPI] Read 8 bytes from 0x8000a268
# [SimX-DPI] Read 8 bytes from 0x8000a270
# [SimX-DPI] Read 8 bytes from 0x8000a278
# [SimX-DPI] Read 8 bytes from 0x8000a280
# [SimX-DPI] Read 8 bytes from 0x8000a288
# [SimX-DPI] Read 8 bytes from 0x8000a290
# [SimX-DPI] Read 8 bytes from 0x8000a298
# [SimX-DPI] Read 8 bytes from 0x8000a2a0
# [SimX-DPI] Read 8 bytes from 0x8000a2a8
# [SimX-DPI] Read 8 bytes from 0x8000a2b0
# [SimX-DPI] Read 8 bytes from 0x8000a2b8
# [SimX-DPI] Read 8 bytes from 0x8000a2c0
# [SimX-DPI] Read 8 bytes from 0x8000a2c8
# [SimX-DPI] Read 8 bytes from 0x8000a2d0
# [SimX-DPI] Read 8 bytes from 0x8000a2d8
# [SimX-DPI] Read 8 bytes from 0x8000a2e0
# [SimX-DPI] Read 8 bytes from 0x8000a2e8
# [SimX-DPI] Read 8 bytes from 0x8000a2f0
# [SimX-DPI] Read 8 bytes from 0x8000a2f8
# [SimX-DPI] Read 8 bytes from 0x8000a300
# [SimX-DPI] Read 8 bytes from 0x8000a308
# [SimX-DPI] Read 8 bytes from 0x8000a310
# [SimX-DPI] Read 8 bytes from 0x8000a318
# [SimX-DPI] Read 8 bytes from 0x8000a320
# [SimX-DPI] Read 8 bytes from 0x8000a328
# [SimX-DPI] Read 8 bytes from 0x8000a330
# [SimX-DPI] Read 8 bytes from 0x8000a338
# [SimX-DPI] Read 8 bytes from 0x8000a340
# [SimX-DPI] Read 8 bytes from 0x8000a348
# [SimX-DPI] Read 8 bytes from 0x8000a350
# [SimX-DPI] Read 8 bytes from 0x8000a358
# [SimX-DPI] Read 8 bytes from 0x8000a360
# [SimX-DPI] Read 8 bytes from 0x8000a368
# [SimX-DPI] Read 8 bytes from 0x8000a370
# [SimX-DPI] Read 8 bytes from 0x8000a378
# [SimX-DPI] Read 8 bytes from 0x8000a380
# [SimX-DPI] Read 8 bytes from 0x8000a388
# [SimX-DPI] Read 8 bytes from 0x8000a390
# [SimX-DPI] Read 8 bytes from 0x8000a398
# [SimX-DPI] Read 8 bytes from 0x8000a3a0
# [SimX-DPI] Read 8 bytes from 0x8000a3a8
# [SimX-DPI] Read 8 bytes from 0x8000a3b0
# [SimX-DPI] Read 8 bytes from 0x8000a3b8
# [SimX-DPI] Read 8 bytes from 0x8000a3c0
# [SimX-DPI] Read 8 bytes from 0x8000a3c8
# [SimX-DPI] Read 8 bytes from 0x8000a3d0
# [SimX-DPI] Read 8 bytes from 0x8000a3d8
# [SimX-DPI] Read 8 bytes from 0x8000a3e0
# [SimX-DPI] Read 8 bytes from 0x8000a3e8
# [SimX-DPI] Read 8 bytes from 0x8000a3f0
# [SimX-DPI] Read 8 bytes from 0x8000a3f8
# [SimX-DPI] Read 8 bytes from 0x8000a400
# [SimX-DPI] Read 8 bytes from 0x8000a408
# [SimX-DPI] Read 8 bytes from 0x8000a410
# [SimX-DPI] Read 8 bytes from 0x8000a418
# [SimX-DPI] Read 8 bytes from 0x8000a420
# [SimX-DPI] Read 8 bytes from 0x8000a428
# [SimX-DPI] Read 8 bytes from 0x8000a430
# [SimX-DPI] Read 8 bytes from 0x8000a438
# [SimX-DPI] Read 8 bytes from 0x8000a440
# [SimX-DPI] Read 8 bytes from 0x8000a448
# [SimX-DPI] Read 8 bytes from 0x8000a450
# [SimX-DPI] Read 8 bytes from 0x8000a458
# [SimX-DPI] Read 8 bytes from 0x8000a460
# [SimX-DPI] Read 8 bytes from 0x8000a468
# [SimX-DPI] Read 8 bytes from 0x8000a470
# [SimX-DPI] Read 8 bytes from 0x8000a478
# [SimX-DPI] Read 8 bytes from 0x8000a480
# [SimX-DPI] Read 8 bytes from 0x8000a488
# [SimX-DPI] Read 8 bytes from 0x8000a490
# [SimX-DPI] Read 8 bytes from 0x8000a498
# [SimX-DPI] Read 8 bytes from 0x8000a4a0
# [SimX-DPI] Read 8 bytes from 0x8000a4a8
# [SimX-DPI] Read 8 bytes from 0x8000a4b0
# [SimX-DPI] Read 8 bytes from 0x8000a4b8
# [SimX-DPI] Read 8 bytes from 0x8000a4c0
# [SimX-DPI] Read 8 bytes from 0x8000a4c8
# [SimX-DPI] Read 8 bytes from 0x8000a4d0
# [SimX-DPI] Read 8 bytes from 0x8000a4d8
# [SimX-DPI] Read 8 bytes from 0x8000a4e0
# [SimX-DPI] Read 8 bytes from 0x8000a4e8
# [SimX-DPI] Read 8 bytes from 0x8000a4f0
# [SimX-DPI] Read 8 bytes from 0x8000a4f8
# [SimX-DPI] Read 8 bytes from 0x8000a500
# [SimX-DPI] Read 8 bytes from 0x8000a508
# [SimX-DPI] Read 8 bytes from 0x8000a510
# [SimX-DPI] Read 8 bytes from 0x8000a518
# [SimX-DPI] Read 8 bytes from 0x8000a520
# [SimX-DPI] Read 8 bytes from 0x8000a528
# [SimX-DPI] Read 8 bytes from 0x8000a530
# [SimX-DPI] Read 8 bytes from 0x8000a538
# [SimX-DPI] Read 8 bytes from 0x8000a540
# [SimX-DPI] Read 8 bytes from 0x8000a548
# [SimX-DPI] Read 8 bytes from 0x8000a550
# [SimX-DPI] Read 8 bytes from 0x8000a558
# [SimX-DPI] Read 8 bytes from 0x8000a560
# [SimX-DPI] Read 8 bytes from 0x8000a568
# [SimX-DPI] Read 8 bytes from 0x8000a570
# [SimX-DPI] Read 8 bytes from 0x8000a578
# [SimX-DPI] Read 8 bytes from 0x8000a580
# [SimX-DPI] Read 8 bytes from 0x8000a588
# [SimX-DPI] Read 8 bytes from 0x8000a590
# [SimX-DPI] Read 8 bytes from 0x8000a598
# [SimX-DPI] Read 8 bytes from 0x8000a5a0
# [SimX-DPI] Read 8 bytes from 0x8000a5a8
# [SimX-DPI] Read 8 bytes from 0x8000a5b0
# [SimX-DPI] Read 8 bytes from 0x8000a5b8
# [SimX-DPI] Read 8 bytes from 0x8000a5c0
# [SimX-DPI] Read 8 bytes from 0x8000a5c8
# [SimX-DPI] Read 8 bytes from 0x8000a5d0
# [SimX-DPI] Read 8 bytes from 0x8000a5d8
# [SimX-DPI] Read 8 bytes from 0x8000a5e0
# [SimX-DPI] Read 8 bytes from 0x8000a5e8
# [SimX-DPI] Read 8 bytes from 0x8000a5f0
# [SimX-DPI] Read 8 bytes from 0x8000a5f8
# [SimX-DPI] Read 8 bytes from 0x8000a600
# [SimX-DPI] Read 8 bytes from 0x8000a608
# [SimX-DPI] Read 8 bytes from 0x8000a610
# [SimX-DPI] Read 8 bytes from 0x8000a618
# [SimX-DPI] Read 8 bytes from 0x8000a620
# [SimX-DPI] Read 8 bytes from 0x8000a628
# [SimX-DPI] Read 8 bytes from 0x8000a630
# [SimX-DPI] Read 8 bytes from 0x8000a638
# [SimX-DPI] Read 8 bytes from 0x8000a640
# [SimX-DPI] Read 8 bytes from 0x8000a648
# [SimX-DPI] Read 8 bytes from 0x8000a650
# [SimX-DPI] Read 8 bytes from 0x8000a658
# [SimX-DPI] Read 8 bytes from 0x8000a660
# [SimX-DPI] Read 8 bytes from 0x8000a668
# [SimX-DPI] Read 8 bytes from 0x8000a670
# [SimX-DPI] Read 8 bytes from 0x8000a678
# [SimX-DPI] Read 8 bytes from 0x8000a680
# [SimX-DPI] Read 8 bytes from 0x8000a688
# [SimX-DPI] Read 8 bytes from 0x8000a690
# [SimX-DPI] Read 8 bytes from 0x8000a698
# [SimX-DPI] Read 8 bytes from 0x8000a6a0
# [SimX-DPI] Read 8 bytes from 0x8000a6a8
# [SimX-DPI] Read 8 bytes from 0x8000a6b0
# [SimX-DPI] Read 8 bytes from 0x8000a6b8
# [SimX-DPI] Read 8 bytes from 0x8000a6c0
# [SimX-DPI] Read 8 bytes from 0x8000a6c8
# [SimX-DPI] Read 8 bytes from 0x8000a6d0
# [SimX-DPI] Read 8 bytes from 0x8000a6d8
# [SimX-DPI] Read 8 bytes from 0x8000a6e0
# [SimX-DPI] Read 8 bytes from 0x8000a6e8
# [SimX-DPI] Read 8 bytes from 0x8000a6f0
# [SimX-DPI] Read 8 bytes from 0x8000a6f8
# [SimX-DPI] Read 8 bytes from 0x8000a700
# [SimX-DPI] Read 8 bytes from 0x8000a708
# [SimX-DPI] Read 8 bytes from 0x8000a710
# [SimX-DPI] Read 8 bytes from 0x8000a718
# [SimX-DPI] Read 8 bytes from 0x8000a720
# [SimX-DPI] Read 8 bytes from 0x8000a728
# [SimX-DPI] Read 8 bytes from 0x8000a730
# [SimX-DPI] Read 8 bytes from 0x8000a738
# [SimX-DPI] Read 8 bytes from 0x8000a740
# [SimX-DPI] Read 8 bytes from 0x8000a748
# [SimX-DPI] Read 8 bytes from 0x8000a750
# [SimX-DPI] Read 8 bytes from 0x8000a758
# [SimX-DPI] Read 8 bytes from 0x8000a760
# [SimX-DPI] Read 8 bytes from 0x8000a768
# [SimX-DPI] Read 8 bytes from 0x8000a770
# [SimX-DPI] Read 8 bytes from 0x8000a778
# [SimX-DPI] Read 8 bytes from 0x8000a780
# [SimX-DPI] Read 8 bytes from 0x8000a788
# [SimX-DPI] Read 8 bytes from 0x8000a790
# [SimX-DPI] Read 8 bytes from 0x8000a798
# [SimX-DPI] Read 8 bytes from 0x8000a7a0
# [SimX-DPI] Read 8 bytes from 0x8000a7a8
# [SimX-DPI] Read 8 bytes from 0x8000a7b0
# [SimX-DPI] Read 8 bytes from 0x8000a7b8
# [SimX-DPI] Read 8 bytes from 0x8000a7c0
# [SimX-DPI] Read 8 bytes from 0x8000a7c8
# [SimX-DPI] Read 8 bytes from 0x8000a7d0
# [SimX-DPI] Read 8 bytes from 0x8000a7d8
# [SimX-DPI] Read 8 bytes from 0x8000a7e0
# [SimX-DPI] Read 8 bytes from 0x8000a7e8
# [SimX-DPI] Read 8 bytes from 0x8000a7f0
# [SimX-DPI] Read 8 bytes from 0x8000a7f8
# [SimX-DPI] Read 8 bytes from 0x8000a800
# [SimX-DPI] Read 8 bytes from 0x8000a808
# [SimX-DPI] Read 8 bytes from 0x8000a810
# [SimX-DPI] Read 8 bytes from 0x8000a818
# [SimX-DPI] Read 8 bytes from 0x8000a820
# [SimX-DPI] Read 8 bytes from 0x8000a828
# [SimX-DPI] Read 8 bytes from 0x8000a830
# [SimX-DPI] Read 8 bytes from 0x8000a838
# [SimX-DPI] Read 8 bytes from 0x8000a840
# [SimX-DPI] Read 8 bytes from 0x8000a848
# [SimX-DPI] Read 8 bytes from 0x8000a850
# [SimX-DPI] Read 8 bytes from 0x8000a858
# [SimX-DPI] Read 8 bytes from 0x8000a860
# [SimX-DPI] Read 8 bytes from 0x8000a868
# [SimX-DPI] Read 8 bytes from 0x8000a870
# [SimX-DPI] Read 8 bytes from 0x8000a878
# [SimX-DPI] Read 8 bytes from 0x8000a880
# [SimX-DPI] Read 8 bytes from 0x8000a888
# [SimX-DPI] Read 8 bytes from 0x8000a890
# [SimX-DPI] Read 8 bytes from 0x8000a898
# [SimX-DPI] Read 8 bytes from 0x8000a8a0
# [SimX-DPI] Read 8 bytes from 0x8000a8a8
# [SimX-DPI] Read 8 bytes from 0x8000a8b0
# [SimX-DPI] Read 8 bytes from 0x8000a8b8
# [SimX-DPI] Read 8 bytes from 0x8000a8c0
# [SimX-DPI] Read 8 bytes from 0x8000a8c8
# [SimX-DPI] Read 8 bytes from 0x8000a8d0
# [SimX-DPI] Read 8 bytes from 0x8000a8d8
# [SimX-DPI] Read 8 bytes from 0x8000a8e0
# [SimX-DPI] Read 8 bytes from 0x8000a8e8
# [SimX-DPI] Read 8 bytes from 0x8000a8f0
# [SimX-DPI] Read 8 bytes from 0x8000a8f8
# [SimX-DPI] Read 8 bytes from 0x8000a900
# [SimX-DPI] Read 8 bytes from 0x8000a908
# [SimX-DPI] Read 8 bytes from 0x8000a910
# [SimX-DPI] Read 8 bytes from 0x8000a918
# [SimX-DPI] Read 8 bytes from 0x8000a920
# [SimX-DPI] Read 8 bytes from 0x8000a928
# [SimX-DPI] Read 8 bytes from 0x8000a930
# [SimX-DPI] Read 8 bytes from 0x8000a938
# [SimX-DPI] Read 8 bytes from 0x8000a940
# [SimX-DPI] Read 8 bytes from 0x8000a948
# [SimX-DPI] Read 8 bytes from 0x8000a950
# [SimX-DPI] Read 8 bytes from 0x8000a958
# [SimX-DPI] Read 8 bytes from 0x8000a960
# [SimX-DPI] Read 8 bytes from 0x8000a968
# [SimX-DPI] Read 8 bytes from 0x8000a970
# [SimX-DPI] Read 8 bytes from 0x8000a978
# [SimX-DPI] Read 8 bytes from 0x8000a980
# [SimX-DPI] Read 8 bytes from 0x8000a988
# [SimX-DPI] Read 8 bytes from 0x8000a990
# [SimX-DPI] Read 8 bytes from 0x8000a998
# [SimX-DPI] Read 8 bytes from 0x8000a9a0
# [SimX-DPI] Read 8 bytes from 0x8000a9a8
# [SimX-DPI] Read 8 bytes from 0x8000a9b0
# [SimX-DPI] Read 8 bytes from 0x8000a9b8
# [SimX-DPI] Read 8 bytes from 0x8000a9c0
# [SimX-DPI] Read 8 bytes from 0x8000a9c8
# [SimX-DPI] Read 8 bytes from 0x8000a9d0
# [SimX-DPI] Read 8 bytes from 0x8000a9d8
# [SimX-DPI] Read 8 bytes from 0x8000a9e0
# [SimX-DPI] Read 8 bytes from 0x8000a9e8
# [SimX-DPI] Read 8 bytes from 0x8000a9f0
# [SimX-DPI] Read 8 bytes from 0x8000a9f8
# [SimX-DPI] Read 8 bytes from 0x8000aa00
# [SimX-DPI] Read 8 bytes from 0x8000aa08
# [SimX-DPI] Read 8 bytes from 0x8000aa10
# [SimX-DPI] Read 8 bytes from 0x8000aa18
# [SimX-DPI] Read 8 bytes from 0x8000aa20
# [SimX-DPI] Read 8 bytes from 0x8000aa28
# [SimX-DPI] Read 8 bytes from 0x8000aa30
# [SimX-DPI] Read 8 bytes from 0x8000aa38
# [SimX-DPI] Read 8 bytes from 0x8000aa40
# [SimX-DPI] Read 8 bytes from 0x8000aa48
# [SimX-DPI] Read 8 bytes from 0x8000aa50
# [SimX-DPI] Read 8 bytes from 0x8000aa58
# [SimX-DPI] Read 8 bytes from 0x8000aa60
# [SimX-DPI] Read 8 bytes from 0x8000aa68
# [SimX-DPI] Read 8 bytes from 0x8000aa70
# [SimX-DPI] Read 8 bytes from 0x8000aa78
# [SimX-DPI] Read 8 bytes from 0x8000aa80
# [SimX-DPI] Read 8 bytes from 0x8000aa88
# [SimX-DPI] Read 8 bytes from 0x8000aa90
# [SimX-DPI] Read 8 bytes from 0x8000aa98
# [SimX-DPI] Read 8 bytes from 0x8000aaa0
# [SimX-DPI] Read 8 bytes from 0x8000aaa8
# [SimX-DPI] Read 8 bytes from 0x8000aab0
# [SimX-DPI] Read 8 bytes from 0x8000aab8
# [SimX-DPI] Read 8 bytes from 0x8000aac0
# [SimX-DPI] Read 8 bytes from 0x8000aac8
# [SimX-DPI] Read 8 bytes from 0x8000aad0
# [SimX-DPI] Read 8 bytes from 0x8000aad8
# [SimX-DPI] Read 8 bytes from 0x8000aae0
# [SimX-DPI] Read 8 bytes from 0x8000aae8
# [SimX-DPI] Read 8 bytes from 0x8000aaf0
# [SimX-DPI] Read 8 bytes from 0x8000aaf8
# [SimX-DPI] Read 8 bytes from 0x8000ab00
# [SimX-DPI] Read 8 bytes from 0x8000ab08
# [SimX-DPI] Read 8 bytes from 0x8000ab10
# [SimX-DPI] Read 8 bytes from 0x8000ab18
# [SimX-DPI] Read 8 bytes from 0x8000ab20
# [SimX-DPI] Read 8 bytes from 0x8000ab28
# [SimX-DPI] Read 8 bytes from 0x8000ab30
# [SimX-DPI] Read 8 bytes from 0x8000ab38
# [SimX-DPI] Read 8 bytes from 0x8000ab40
# [SimX-DPI] Read 8 bytes from 0x8000ab48
# [SimX-DPI] Read 8 bytes from 0x8000ab50
# [SimX-DPI] Read 8 bytes from 0x8000ab58
# [SimX-DPI] Read 8 bytes from 0x8000ab60
# [SimX-DPI] Read 8 bytes from 0x8000ab68
# [SimX-DPI] Read 8 bytes from 0x8000ab70
# [SimX-DPI] Read 8 bytes from 0x8000ab78
# [SimX-DPI] Read 8 bytes from 0x8000ab80
# [SimX-DPI] Read 8 bytes from 0x8000ab88
# [SimX-DPI] Read 8 bytes from 0x8000ab90
# [SimX-DPI] Read 8 bytes from 0x8000ab98
# [SimX-DPI] Read 8 bytes from 0x8000aba0
# [SimX-DPI] Read 8 bytes from 0x8000aba8
# [SimX-DPI] Read 8 bytes from 0x8000abb0
# [SimX-DPI] Read 8 bytes from 0x8000abb8
# [SimX-DPI] Read 8 bytes from 0x8000abc0
# [SimX-DPI] Read 8 bytes from 0x8000abc8
# [SimX-DPI] Read 8 bytes from 0x8000abd0
# [SimX-DPI] Read 8 bytes from 0x8000abd8
# [SimX-DPI] Read 8 bytes from 0x8000abe0
# [SimX-DPI] Read 8 bytes from 0x8000abe8
# [SimX-DPI] Read 8 bytes from 0x8000abf0
# [SimX-DPI] Read 8 bytes from 0x8000abf8
# [SimX-DPI] Read 8 bytes from 0x8000ac00
# [SimX-DPI] Read 8 bytes from 0x8000ac08
# [SimX-DPI] Read 8 bytes from 0x8000ac10
# [SimX-DPI] Read 8 bytes from 0x8000ac18
# [SimX-DPI] Read 8 bytes from 0x8000ac20
# [SimX-DPI] Read 8 bytes from 0x8000ac28
# [SimX-DPI] Read 8 bytes from 0x8000ac30
# [SimX-DPI] Read 8 bytes from 0x8000ac38
# [SimX-DPI] Read 8 bytes from 0x8000ac40
# [SimX-DPI] Read 8 bytes from 0x8000ac48
# [SimX-DPI] Read 8 bytes from 0x8000ac50
# [SimX-DPI] Read 8 bytes from 0x8000ac58
# [SimX-DPI] Read 8 bytes from 0x8000ac60
# [SimX-DPI] Read 8 bytes from 0x8000ac68
# [SimX-DPI] Read 8 bytes from 0x8000ac70
# [SimX-DPI] Read 8 bytes from 0x8000ac78
# [SimX-DPI] Read 8 bytes from 0x8000ac80
# [SimX-DPI] Read 8 bytes from 0x8000ac88
# [SimX-DPI] Read 8 bytes from 0x8000ac90
# [SimX-DPI] Read 8 bytes from 0x8000ac98
# [SimX-DPI] Read 8 bytes from 0x8000aca0
# [SimX-DPI] Read 8 bytes from 0x8000aca8
# [SimX-DPI] Read 8 bytes from 0x8000acb0
# [SimX-DPI] Read 8 bytes from 0x8000acb8
# [SimX-DPI] Read 8 bytes from 0x8000acc0
# [SimX-DPI] Read 8 bytes from 0x8000acc8
# [SimX-DPI] Read 8 bytes from 0x8000acd0
# [SimX-DPI] Read 8 bytes from 0x8000acd8
# [SimX-DPI] Read 8 bytes from 0x8000ace0
# [SimX-DPI] Read 8 bytes from 0x8000ace8
# [SimX-DPI] Read 8 bytes from 0x8000acf0
# [SimX-DPI] Read 8 bytes from 0x8000acf8
# [SimX-DPI] Read 8 bytes from 0x8000ad00
# [SimX-DPI] Read 8 bytes from 0x8000ad08
# [SimX-DPI] Read 8 bytes from 0x8000ad10
# [SimX-DPI] Read 8 bytes from 0x8000ad18
# [SimX-DPI] Read 8 bytes from 0x8000ad20
# [SimX-DPI] Read 8 bytes from 0x8000ad28
# [SimX-DPI] Read 8 bytes from 0x8000ad30
# [SimX-DPI] Read 8 bytes from 0x8000ad38
# [SimX-DPI] Read 8 bytes from 0x8000ad40
# [SimX-DPI] Read 8 bytes from 0x8000ad48
# [SimX-DPI] Read 8 bytes from 0x8000ad50
# [SimX-DPI] Read 8 bytes from 0x8000ad58
# [SimX-DPI] Read 8 bytes from 0x8000ad60
# [SimX-DPI] Read 8 bytes from 0x8000ad68
# [SimX-DPI] Read 8 bytes from 0x8000ad70
# [SimX-DPI] Read 8 bytes from 0x8000ad78
# [SimX-DPI] Read 8 bytes from 0x8000ad80
# [SimX-DPI] Read 8 bytes from 0x8000ad88
# [SimX-DPI] Read 8 bytes from 0x8000ad90
# [SimX-DPI] Read 8 bytes from 0x8000ad98
# [SimX-DPI] Read 8 bytes from 0x8000ada0
# [SimX-DPI] Read 8 bytes from 0x8000ada8
# [SimX-DPI] Read 8 bytes from 0x8000adb0
# [SimX-DPI] Read 8 bytes from 0x8000adb8
# [SimX-DPI] Read 8 bytes from 0x8000adc0
# [SimX-DPI] Read 8 bytes from 0x8000adc8
# [SimX-DPI] Read 8 bytes from 0x8000add0
# [SimX-DPI] Read 8 bytes from 0x8000add8
# [SimX-DPI] Read 8 bytes from 0x8000ade0
# [SimX-DPI] Read 8 bytes from 0x8000ade8
# [SimX-DPI] Read 8 bytes from 0x8000adf0
# [SimX-DPI] Read 8 bytes from 0x8000adf8
# [SimX-DPI] Read 8 bytes from 0x8000ae00
# [SimX-DPI] Read 8 bytes from 0x8000ae08
# [SimX-DPI] Read 8 bytes from 0x8000ae10
# [SimX-DPI] Read 8 bytes from 0x8000ae18
# [SimX-DPI] Read 8 bytes from 0x8000ae20
# [SimX-DPI] Read 8 bytes from 0x8000ae28
# [SimX-DPI] Read 8 bytes from 0x8000ae30
# [SimX-DPI] Read 8 bytes from 0x8000ae38
# [SimX-DPI] Read 8 bytes from 0x8000ae40
# [SimX-DPI] Read 8 bytes from 0x8000ae48
# [SimX-DPI] Read 8 bytes from 0x8000ae50
# [SimX-DPI] Read 8 bytes from 0x8000ae58
# [SimX-DPI] Read 8 bytes from 0x8000ae60
# [SimX-DPI] Read 8 bytes from 0x8000ae68
# [SimX-DPI] Read 8 bytes from 0x8000ae70
# [SimX-DPI] Read 8 bytes from 0x8000ae78
# [SimX-DPI] Read 8 bytes from 0x8000ae80
# [SimX-DPI] Read 8 bytes from 0x8000ae88
# [SimX-DPI] Read 8 bytes from 0x8000ae90
# [SimX-DPI] Read 8 bytes from 0x8000ae98
# [SimX-DPI] Read 8 bytes from 0x8000aea0
# [SimX-DPI] Read 8 bytes from 0x8000aea8
# [SimX-DPI] Read 8 bytes from 0x8000aeb0
# [SimX-DPI] Read 8 bytes from 0x8000aeb8
# [SimX-DPI] Read 8 bytes from 0x8000aec0
# [SimX-DPI] Read 8 bytes from 0x8000aec8
# [SimX-DPI] Read 8 bytes from 0x8000aed0
# [SimX-DPI] Read 8 bytes from 0x8000aed8
# [SimX-DPI] Read 8 bytes from 0x8000aee0
# [SimX-DPI] Read 8 bytes from 0x8000aee8
# [SimX-DPI] Read 8 bytes from 0x8000aef0
# [SimX-DPI] Read 8 bytes from 0x8000aef8
# [SimX-DPI] Read 8 bytes from 0x8000af00
# [SimX-DPI] Read 8 bytes from 0x8000af08
# [SimX-DPI] Read 8 bytes from 0x8000af10
# [SimX-DPI] Read 8 bytes from 0x8000af18
# [SimX-DPI] Read 8 bytes from 0x8000af20
# [SimX-DPI] Read 8 bytes from 0x8000af28
# [SimX-DPI] Read 8 bytes from 0x8000af30
# [SimX-DPI] Read 8 bytes from 0x8000af38
# [SimX-DPI] Read 8 bytes from 0x8000af40
# [SimX-DPI] Read 8 bytes from 0x8000af48
# [SimX-DPI] Read 8 bytes from 0x8000af50
# [SimX-DPI] Read 8 bytes from 0x8000af58
# [SimX-DPI] Read 8 bytes from 0x8000af60
# [SimX-DPI] Read 8 bytes from 0x8000af68
# [SimX-DPI] Read 8 bytes from 0x8000af70
# [SimX-DPI] Read 8 bytes from 0x8000af78
# [SimX-DPI] Read 8 bytes from 0x8000af80
# [SimX-DPI] Read 8 bytes from 0x8000af88
# [SimX-DPI] Read 8 bytes from 0x8000af90
# [SimX-DPI] Read 8 bytes from 0x8000af98
# [SimX-DPI] Read 8 bytes from 0x8000afa0
# [SimX-DPI] Read 8 bytes from 0x8000afa8
# [SimX-DPI] Read 8 bytes from 0x8000afb0
# [SimX-DPI] Read 8 bytes from 0x8000afb8
# [SimX-DPI] Read 8 bytes from 0x8000afc0
# [SimX-DPI] Read 8 bytes from 0x8000afc8
# [SimX-DPI] Read 8 bytes from 0x8000afd0
# [SimX-DPI] Read 8 bytes from 0x8000afd8
# [SimX-DPI] Read 8 bytes from 0x8000afe0
# [SimX-DPI] Read 8 bytes from 0x8000afe8
# [SimX-DPI] Read 8 bytes from 0x8000aff0
# [SimX-DPI] Read 8 bytes from 0x8000aff8
# [SimX-DPI] Read 8 bytes from 0x8000b000
# [SimX-DPI] Read 8 bytes from 0x8000b008
# [SimX-DPI] Read 8 bytes from 0x8000b010
# [SimX-DPI] Read 8 bytes from 0x8000b018
# [SimX-DPI] Read 8 bytes from 0x8000b020
# [SimX-DPI] Read 8 bytes from 0x8000b028
# [SimX-DPI] Read 8 bytes from 0x8000b030
# [SimX-DPI] Read 8 bytes from 0x8000b038
# [SimX-DPI] Read 8 bytes from 0x8000b040
# [SimX-DPI] Read 8 bytes from 0x8000b048
# [SimX-DPI] Read 8 bytes from 0x8000b050
# [SimX-DPI] Read 8 bytes from 0x8000b058
# [SimX-DPI] Read 8 bytes from 0x8000b060
# [SimX-DPI] Read 8 bytes from 0x8000b068
# [SimX-DPI] Read 8 bytes from 0x8000b070
# [SimX-DPI] Read 8 bytes from 0x8000b078
# [SimX-DPI] Read 8 bytes from 0x8000b080
# [SimX-DPI] Read 8 bytes from 0x8000b088
# [SimX-DPI] Read 8 bytes from 0x8000b090
# [SimX-DPI] Read 8 bytes from 0x8000b098
# [SimX-DPI] Read 8 bytes from 0x8000b0a0
# [SimX-DPI] Read 8 bytes from 0x8000b0a8
# [SimX-DPI] Read 8 bytes from 0x8000b0b0
# [SimX-DPI] Read 8 bytes from 0x8000b0b8
# [SimX-DPI] Read 8 bytes from 0x8000b0c0
# [SimX-DPI] Read 8 bytes from 0x8000b0c8
# [SimX-DPI] Read 8 bytes from 0x8000b0d0
# [SimX-DPI] Read 8 bytes from 0x8000b0d8
# [SimX-DPI] Read 8 bytes from 0x8000b0e0
# [SimX-DPI] Read 8 bytes from 0x8000b0e8
# [SimX-DPI] Read 8 bytes from 0x8000b0f0
# [SimX-DPI] Read 8 bytes from 0x8000b0f8
# [SimX-DPI] Read 8 bytes from 0x8000b100
# [SimX-DPI] Read 8 bytes from 0x8000b108
# [SimX-DPI] Read 8 bytes from 0x8000b110
# [SimX-DPI] Read 8 bytes from 0x8000b118
# [SimX-DPI] Read 8 bytes from 0x8000b120
# [SimX-DPI] Read 8 bytes from 0x8000b128
# [SimX-DPI] Read 8 bytes from 0x8000b130
# [SimX-DPI] Read 8 bytes from 0x8000b138
# [SimX-DPI] Read 8 bytes from 0x8000b140
# [SimX-DPI] Read 8 bytes from 0x8000b148
# [SimX-DPI] Read 8 bytes from 0x8000b150
# [SimX-DPI] Read 8 bytes from 0x8000b158
# [SimX-DPI] Read 8 bytes from 0x8000b160
# [SimX-DPI] Read 8 bytes from 0x8000b168
# [SimX-DPI] Read 8 bytes from 0x8000b170
# [SimX-DPI] Read 8 bytes from 0x8000b178
# [SimX-DPI] Read 8 bytes from 0x8000b180
# [SimX-DPI] Read 8 bytes from 0x8000b188
# [SimX-DPI] Read 8 bytes from 0x8000b190
# [SimX-DPI] Read 8 bytes from 0x8000b198
# [SimX-DPI] Read 8 bytes from 0x8000b1a0
# [SimX-DPI] Read 8 bytes from 0x8000b1a8
# [SimX-DPI] Read 8 bytes from 0x8000b1b0
# [SimX-DPI] Read 8 bytes from 0x8000b1b8
# [SimX-DPI] Read 8 bytes from 0x8000b1c0
# [SimX-DPI] Read 8 bytes from 0x8000b1c8
# [SimX-DPI] Read 8 bytes from 0x8000b1d0
# [SimX-DPI] Read 8 bytes from 0x8000b1d8
# [SimX-DPI] Read 8 bytes from 0x8000b1e0
# [SimX-DPI] Read 8 bytes from 0x8000b1e8
# [SimX-DPI] Read 8 bytes from 0x8000b1f0
# [SimX-DPI] Read 8 bytes from 0x8000b1f8
# [SimX-DPI] Read 8 bytes from 0x8000b200
# [SimX-DPI] Read 8 bytes from 0x8000b208
# [SimX-DPI] Read 8 bytes from 0x8000b210
# [SimX-DPI] Read 8 bytes from 0x8000b218
# [SimX-DPI] Read 8 bytes from 0x8000b220
# [SimX-DPI] Read 8 bytes from 0x8000b228
# [SimX-DPI] Read 8 bytes from 0x8000b230
# [SimX-DPI] Read 8 bytes from 0x8000b238
# [SimX-DPI] Read 8 bytes from 0x8000b240
# [SimX-DPI] Read 8 bytes from 0x8000b248
# [SimX-DPI] Read 8 bytes from 0x8000b250
# [SimX-DPI] Read 8 bytes from 0x8000b258
# [SimX-DPI] Read 8 bytes from 0x8000b260
# [SimX-DPI] Read 8 bytes from 0x8000b268
# [SimX-DPI] Read 8 bytes from 0x8000b270
# [SimX-DPI] Read 8 bytes from 0x8000b278
# [SimX-DPI] Read 8 bytes from 0x8000b280
# [SimX-DPI] Read 8 bytes from 0x8000b288
# [SimX-DPI] Read 8 bytes from 0x8000b290
# [SimX-DPI] Read 8 bytes from 0x8000b298
# [SimX-DPI] Read 8 bytes from 0x8000b2a0
# [SimX-DPI] Read 8 bytes from 0x8000b2a8
# [SimX-DPI] Read 8 bytes from 0x8000b2b0
# [SimX-DPI] Read 8 bytes from 0x8000b2b8
# [SimX-DPI] Read 8 bytes from 0x8000b2c0
# [SimX-DPI] Read 8 bytes from 0x8000b2c8
# [SimX-DPI] Read 8 bytes from 0x8000b2d0
# [SimX-DPI] Read 8 bytes from 0x8000b2d8
# [SimX-DPI] Read 8 bytes from 0x8000b2e0
# [SimX-DPI] Read 8 bytes from 0x8000b2e8
# [SimX-DPI] Read 8 bytes from 0x8000b2f0
# [SimX-DPI] Read 8 bytes from 0x8000b2f8
# [SimX-DPI] Read 8 bytes from 0x8000b300
# [SimX-DPI] Read 8 bytes from 0x8000b308
# [SimX-DPI] Read 8 bytes from 0x8000b310
# [SimX-DPI] Read 8 bytes from 0x8000b318
# [SimX-DPI] Read 8 bytes from 0x8000b320
# [SimX-DPI] Read 8 bytes from 0x8000b328
# [SimX-DPI] Read 8 bytes from 0x8000b330
# [SimX-DPI] Read 8 bytes from 0x8000b338
# [SimX-DPI] Read 8 bytes from 0x8000b340
# [SimX-DPI] Read 8 bytes from 0x8000b348
# [SimX-DPI] Read 8 bytes from 0x8000b350
# [SimX-DPI] Read 8 bytes from 0x8000b358
# [SimX-DPI] Read 8 bytes from 0x8000b360
# [SimX-DPI] Read 8 bytes from 0x8000b368
# [SimX-DPI] Read 8 bytes from 0x8000b370
# [SimX-DPI] Read 8 bytes from 0x8000b378
# [SimX-DPI] Read 8 bytes from 0x8000b380
# [SimX-DPI] Read 8 bytes from 0x8000b388
# [SimX-DPI] Read 8 bytes from 0x8000b390
# [SimX-DPI] Read 8 bytes from 0x8000b398
# [SimX-DPI] Read 8 bytes from 0x8000b3a0
# [SimX-DPI] Read 8 bytes from 0x8000b3a8
# [SimX-DPI] Read 8 bytes from 0x8000b3b0
# [SimX-DPI] Read 8 bytes from 0x8000b3b8
# [SimX-DPI] Read 8 bytes from 0x8000b3c0
# [SimX-DPI] Read 8 bytes from 0x8000b3c8
# [SimX-DPI] Read 8 bytes from 0x8000b3d0
# [SimX-DPI] Read 8 bytes from 0x8000b3d8
# [SimX-DPI] Read 8 bytes from 0x8000b3e0
# [SimX-DPI] Read 8 bytes from 0x8000b3e8
# [SimX-DPI] Read 8 bytes from 0x8000b3f0
# [SimX-DPI] Read 8 bytes from 0x8000b3f8
# [SimX-DPI] Read 8 bytes from 0x8000b400
# [SimX-DPI] Read 8 bytes from 0x8000b408
# [SimX-DPI] Read 8 bytes from 0x8000b410
# [SimX-DPI] Read 8 bytes from 0x8000b418
# [SimX-DPI] Read 8 bytes from 0x8000b420
# [SimX-DPI] Read 8 bytes from 0x8000b428
# [SimX-DPI] Read 8 bytes from 0x8000b430
# [SimX-DPI] Read 8 bytes from 0x8000b438
# [SimX-DPI] Read 8 bytes from 0x8000b440
# [SimX-DPI] Read 8 bytes from 0x8000b448
# [SimX-DPI] Read 8 bytes from 0x8000b450
# [SimX-DPI] Read 8 bytes from 0x8000b458
# [SimX-DPI] Read 8 bytes from 0x8000b460
# [SimX-DPI] Read 8 bytes from 0x8000b468
# [SimX-DPI] Read 8 bytes from 0x8000b470
# [SimX-DPI] Read 8 bytes from 0x8000b478
# [SimX-DPI] Read 8 bytes from 0x8000b480
# [SimX-DPI] Read 8 bytes from 0x8000b488
# [SimX-DPI] Read 8 bytes from 0x8000b490
# [SimX-DPI] Read 8 bytes from 0x8000b498
# [SimX-DPI] Read 8 bytes from 0x8000b4a0
# [SimX-DPI] Read 8 bytes from 0x8000b4a8
# [SimX-DPI] Read 8 bytes from 0x8000b4b0
# [SimX-DPI] Read 8 bytes from 0x8000b4b8
# [SimX-DPI] Read 8 bytes from 0x8000b4c0
# [SimX-DPI] Read 8 bytes from 0x8000b4c8
# [SimX-DPI] Read 8 bytes from 0x8000b4d0
# [SimX-DPI] Read 8 bytes from 0x8000b4d8
# [SimX-DPI] Read 8 bytes from 0x8000b4e0
# [SimX-DPI] Read 8 bytes from 0x8000b4e8
# [SimX-DPI] Read 8 bytes from 0x8000b4f0
# [SimX-DPI] Read 8 bytes from 0x8000b4f8
# [SimX-DPI] Read 8 bytes from 0x8000b500
# [SimX-DPI] Read 8 bytes from 0x8000b508
# [SimX-DPI] Read 8 bytes from 0x8000b510
# [SimX-DPI] Read 8 bytes from 0x8000b518
# [SimX-DPI] Read 8 bytes from 0x8000b520
# [SimX-DPI] Read 8 bytes from 0x8000b528
# [SimX-DPI] Read 8 bytes from 0x8000b530
# [SimX-DPI] Read 8 bytes from 0x8000b538
# [SimX-DPI] Read 8 bytes from 0x8000b540
# [SimX-DPI] Read 8 bytes from 0x8000b548
# [SimX-DPI] Read 8 bytes from 0x8000b550
# [SimX-DPI] Read 8 bytes from 0x8000b558
# [SimX-DPI] Read 8 bytes from 0x8000b560
# [SimX-DPI] Read 8 bytes from 0x8000b568
# [SimX-DPI] Read 8 bytes from 0x8000b570
# [SimX-DPI] Read 8 bytes from 0x8000b578
# [SimX-DPI] Read 8 bytes from 0x8000b580
# [SimX-DPI] Read 8 bytes from 0x8000b588
# [SimX-DPI] Read 8 bytes from 0x8000b590
# [SimX-DPI] Read 8 bytes from 0x8000b598
# [SimX-DPI] Read 8 bytes from 0x8000b5a0
# [SimX-DPI] Read 8 bytes from 0x8000b5a8
# [SimX-DPI] Read 8 bytes from 0x8000b5b0
# [SimX-DPI] Read 8 bytes from 0x8000b5b8
# [SimX-DPI] Read 8 bytes from 0x8000b5c0
# [SimX-DPI] Read 8 bytes from 0x8000b5c8
# [SimX-DPI] Read 8 bytes from 0x8000b5d0
# [SimX-DPI] Read 8 bytes from 0x8000b5d8
# [SimX-DPI] Read 8 bytes from 0x8000b5e0
# [SimX-DPI] Read 8 bytes from 0x8000b5e8
# [SimX-DPI] Read 8 bytes from 0x8000b5f0
# [SimX-DPI] Read 8 bytes from 0x8000b5f8
# [SimX-DPI] Read 8 bytes from 0x8000b600
# [SimX-DPI] Read 8 bytes from 0x8000b608
# [SimX-DPI] Read 8 bytes from 0x8000b610
# [SimX-DPI] Read 8 bytes from 0x8000b618
# [SimX-DPI] Read 8 bytes from 0x8000b620
# [SimX-DPI] Read 8 bytes from 0x8000b628
# [SimX-DPI] Read 8 bytes from 0x8000b630
# [SimX-DPI] Read 8 bytes from 0x8000b638
# [SimX-DPI] Read 8 bytes from 0x8000b640
# [SimX-DPI] Read 8 bytes from 0x8000b648
# [SimX-DPI] Read 8 bytes from 0x8000b650
# [SimX-DPI] Read 8 bytes from 0x8000b658
# [SimX-DPI] Read 8 bytes from 0x8000b660
# [SimX-DPI] Read 8 bytes from 0x8000b668
# [SimX-DPI] Read 8 bytes from 0x8000b670
# [SimX-DPI] Read 8 bytes from 0x8000b678
# [SimX-DPI] Read 8 bytes from 0x8000b680
# [SimX-DPI] Read 8 bytes from 0x8000b688
# [SimX-DPI] Read 8 bytes from 0x8000b690
# [SimX-DPI] Read 8 bytes from 0x8000b698
# [SimX-DPI] Read 8 bytes from 0x8000b6a0
# [SimX-DPI] Read 8 bytes from 0x8000b6a8
# [SimX-DPI] Read 8 bytes from 0x8000b6b0
# [SimX-DPI] Read 8 bytes from 0x8000b6b8
# [SimX-DPI] Read 8 bytes from 0x8000b6c0
# [SimX-DPI] Read 8 bytes from 0x8000b6c8
# [SimX-DPI] Read 8 bytes from 0x8000b6d0
# [SimX-DPI] Read 8 bytes from 0x8000b6d8
# [SimX-DPI] Read 8 bytes from 0x8000b6e0
# [SimX-DPI] Read 8 bytes from 0x8000b6e8
# [SimX-DPI] Read 8 bytes from 0x8000b6f0
# [SimX-DPI] Read 8 bytes from 0x8000b6f8
# [SimX-DPI] Read 8 bytes from 0x8000b700
# [SimX-DPI] Read 8 bytes from 0x8000b708
# [SimX-DPI] Read 8 bytes from 0x8000b710
# [SimX-DPI] Read 8 bytes from 0x8000b718
# [SimX-DPI] Read 8 bytes from 0x8000b720
# [SimX-DPI] Read 8 bytes from 0x8000b728
# [SimX-DPI] Read 8 bytes from 0x8000b730
# [SimX-DPI] Read 8 bytes from 0x8000b738
# [SimX-DPI] Read 8 bytes from 0x8000b740
# [SimX-DPI] Read 8 bytes from 0x8000b748
# [SimX-DPI] Read 8 bytes from 0x8000b750
# [SimX-DPI] Read 8 bytes from 0x8000b758
# [SimX-DPI] Read 8 bytes from 0x8000b760
# [SimX-DPI] Read 8 bytes from 0x8000b768
# [SimX-DPI] Read 8 bytes from 0x8000b770
# [SimX-DPI] Read 8 bytes from 0x8000b778
# [SimX-DPI] Read 8 bytes from 0x8000b780
# [SimX-DPI] Read 8 bytes from 0x8000b788
# [SimX-DPI] Read 8 bytes from 0x8000b790
# [SimX-DPI] Read 8 bytes from 0x8000b798
# [SimX-DPI] Read 8 bytes from 0x8000b7a0
# [SimX-DPI] Read 8 bytes from 0x8000b7a8
# [SimX-DPI] Read 8 bytes from 0x8000b7b0
# [SimX-DPI] Read 8 bytes from 0x8000b7b8
# [SimX-DPI] Read 8 bytes from 0x8000b7c0
# [SimX-DPI] Read 8 bytes from 0x8000b7c8
# [SimX-DPI] Read 8 bytes from 0x8000b7d0
# [SimX-DPI] Read 8 bytes from 0x8000b7d8
# [SimX-DPI] Read 8 bytes from 0x8000b7e0
# [SimX-DPI] Read 8 bytes from 0x8000b7e8
# [SimX-DPI] Read 8 bytes from 0x8000b7f0
# [SimX-DPI] Read 8 bytes from 0x8000b7f8
# [SimX-DPI] Read 8 bytes from 0x8000b800
# [SimX-DPI] Read 8 bytes from 0x8000b808
# [SimX-DPI] Read 8 bytes from 0x8000b810
# [SimX-DPI] Read 8 bytes from 0x8000b818
# [SimX-DPI] Read 8 bytes from 0x8000b820
# [SimX-DPI] Read 8 bytes from 0x8000b828
# [SimX-DPI] Read 8 bytes from 0x8000b830
# [SimX-DPI] Read 8 bytes from 0x8000b838
# [SimX-DPI] Read 8 bytes from 0x8000b840
# [SimX-DPI] Read 8 bytes from 0x8000b848
# [SimX-DPI] Read 8 bytes from 0x8000b850
# [SimX-DPI] Read 8 bytes from 0x8000b858
# [SimX-DPI] Read 8 bytes from 0x8000b860
# [SimX-DPI] Read 8 bytes from 0x8000b868
# [SimX-DPI] Read 8 bytes from 0x8000b870
# [SimX-DPI] Read 8 bytes from 0x8000b878
# [SimX-DPI] Read 8 bytes from 0x8000b880
# [SimX-DPI] Read 8 bytes from 0x8000b888
# [SimX-DPI] Read 8 bytes from 0x8000b890
# [SimX-DPI] Read 8 bytes from 0x8000b898
# [SimX-DPI] Read 8 bytes from 0x8000b8a0
# [SimX-DPI] Read 8 bytes from 0x8000b8a8
# [SimX-DPI] Read 8 bytes from 0x8000b8b0
# [SimX-DPI] Read 8 bytes from 0x8000b8b8
# [SimX-DPI] Read 8 bytes from 0x8000b8c0
# [SimX-DPI] Read 8 bytes from 0x8000b8c8
# [SimX-DPI] Read 8 bytes from 0x8000b8d0
# [SimX-DPI] Read 8 bytes from 0x8000b8d8
# [SimX-DPI] Read 8 bytes from 0x8000b8e0
# [SimX-DPI] Read 8 bytes from 0x8000b8e8
# [SimX-DPI] Read 8 bytes from 0x8000b8f0
# [SimX-DPI] Read 8 bytes from 0x8000b8f8
# [SimX-DPI] Read 8 bytes from 0x8000b900
# [SimX-DPI] Read 8 bytes from 0x8000b908
# [SimX-DPI] Read 8 bytes from 0x8000b910
# [SimX-DPI] Read 8 bytes from 0x8000b918
# [SimX-DPI] Read 8 bytes from 0x8000b920
# [SimX-DPI] Read 8 bytes from 0x8000b928
# [SimX-DPI] Read 8 bytes from 0x8000b930
# [SimX-DPI] Read 8 bytes from 0x8000b938
# [SimX-DPI] Read 8 bytes from 0x8000b940
# [SimX-DPI] Read 8 bytes from 0x8000b948
# [SimX-DPI] Read 8 bytes from 0x8000b950
# [SimX-DPI] Read 8 bytes from 0x8000c000
# [SimX-DPI] Read 8 bytes from 0x8000c008
# [SimX-DPI] Read 8 bytes from 0x8000c010
# [SimX-DPI] Read 8 bytes from 0x8000c018
# [SimX-DPI] Read 8 bytes from 0x8000c020
# [SimX-DPI] Read 8 bytes from 0x8000c028
# [SimX-DPI] Read 8 bytes from 0x8000c030
# [SimX-DPI] Read 8 bytes from 0x8000c038
# [SimX-DPI] Read 8 bytes from 0x8000c040
# [SimX-DPI] Read 8 bytes from 0x8000c048
# [SimX-DPI] Read 8 bytes from 0x8000c050
# [SimX-DPI] Read 8 bytes from 0x8000c058
# [SimX-DPI] Read 8 bytes from 0x8000c060
# [SimX-DPI] Read 8 bytes from 0x8000c068
# [SimX-DPI] Read 8 bytes from 0x8000c070
# [SimX-DPI] Read 8 bytes from 0x8000c078
# [SimX-DPI] Read 8 bytes from 0x8000c0f8
# [SimX-DPI] Read 8 bytes from 0x8000c100
# [SimX-DPI] Read 8 bytes from 0x8000c108
# [SimX-DPI] Read 8 bytes from 0x8000c110
# [SimX-DPI] Read 8 bytes from 0x8000c118
# [SimX-DPI] Read 8 bytes from 0x8000c120
# [SimX-DPI] Read 8 bytes from 0x8000c128
# [SimX-DPI] Read 8 bytes from 0x8000c130
# [SimX-DPI] Read 8 bytes from 0x8000c138
# [SimX-DPI] Read 8 bytes from 0x8000c140
# [SimX-DPI] Read 8 bytes from 0x8000c148
# [SimX-DPI] Read 8 bytes from 0x8000c150
# [SimX-DPI] Read 8 bytes from 0x8000c158
# [SimX-DPI] Read 8 bytes from 0x8000c160
# [SimX-DPI] Read 8 bytes from 0x8000c168
# [SimX-DPI] Read 8 bytes from 0x8000c170
# [SimX-DPI] Read 8 bytes from 0x8000c178
# [SimX-DPI] Read 8 bytes from 0x8000c180
# [SimX-DPI] Read 8 bytes from 0x8000c188
# [SimX-DPI] Read 8 bytes from 0x8000c190
# [SimX-DPI] Read 8 bytes from 0x8000c198
# [SimX-DPI] Read 8 bytes from 0x8000c1a0
# [SimX-DPI] Read 8 bytes from 0x8000c1a8
# [SimX-DPI] Read 8 bytes from 0x8000c1b0
# [SimX-DPI] Read 8 bytes from 0x8000c1b8
# [SimX-DPI] Read 8 bytes from 0x8000c1c0
# [SimX-DPI] Read 8 bytes from 0x8000c1c8
# [SimX-DPI] Read 8 bytes from 0x8000c1d0
# [SimX-DPI] Read 8 bytes from 0x8000c1d8
# [SimX-DPI] Read 8 bytes from 0x8000c1e0
# [SimX-DPI] Read 8 bytes from 0x8000c1e8
# [SimX-DPI] Read 8 bytes from 0x8000c1f0
# [SimX-DPI] Read 8 bytes from 0x8000c1f8
# [SimX-DPI] Read 8 bytes from 0x8000c200
# [SimX-DPI] Read 8 bytes from 0x8000c208
# [SimX-DPI] Read 8 bytes from 0x8000c210
# [SimX-DPI] Read 8 bytes from 0x8000c218
# [SimX-DPI] Read 8 bytes from 0x8000c220
# [SimX-DPI] Read 8 bytes from 0x8000c228
# [SimX-DPI] Read 8 bytes from 0x8000c230
# [SimX-DPI] Read 8 bytes from 0x8000c238
# [SimX-DPI] Read 8 bytes from 0x8000c240
# [SimX-DPI] Read 8 bytes from 0x8000c248
# [SimX-DPI] Read 8 bytes from 0x8000c250
# [SimX-DPI] Read 8 bytes from 0x8000c258
# [SimX-DPI] Read 8 bytes from 0x8000c260
# [SimX-DPI] Read 8 bytes from 0x8000c268
# [SimX-DPI] Read 8 bytes from 0x8000c270
# [SimX-DPI] Read 8 bytes from 0x8000c278
# [SimX-DPI] Read 8 bytes from 0x8000c280
# [SimX-DPI] Read 8 bytes from 0x8000c288
# [SimX-DPI] Read 8 bytes from 0x8000c290
# [SimX-DPI] Read 8 bytes from 0x8000c298
# [SimX-DPI] Read 8 bytes from 0x8000c2a0
# [SimX-DPI] Read 8 bytes from 0x8000c2a8
# [SimX-DPI] Read 8 bytes from 0x8000c2b0
# [SimX-DPI] Read 8 bytes from 0x8000c2b8
# [SimX-DPI] Read 8 bytes from 0x8000c2c0
# [SimX-DPI] Read 8 bytes from 0x8000c2c8
# [SimX-DPI] Read 8 bytes from 0x8000c2d0
# [SimX-DPI] Read 8 bytes from 0x8000c2d8
# [SimX-DPI] Read 8 bytes from 0x8000c2e0
# [SimX-DPI] Read 8 bytes from 0x8000c2e8
# [SimX-DPI] Read 8 bytes from 0x8000c2f0
# [SimX-DPI] Read 8 bytes from 0x8000c2f8
# [SimX-DPI] Read 8 bytes from 0x8000c300
# [SimX-DPI] Read 8 bytes from 0x8000c308
# [SimX-DPI] Read 8 bytes from 0x8000c310
# [SimX-DPI] Read 8 bytes from 0x8000c318
# [SimX-DPI] Read 8 bytes from 0x8000c320
# [SimX-DPI] Read 8 bytes from 0x8000c328
# [SimX-DPI] Read 8 bytes from 0x8000c330
# [SimX-DPI] Read 8 bytes from 0x8000c338
# [SimX-DPI] Read 8 bytes from 0x8000c340
# [SimX-DPI] Read 8 bytes from 0x8000c348
# [SimX-DPI] Read 8 bytes from 0x8000c350
# [SimX-DPI] Read 8 bytes from 0x8000c358
# [SimX-DPI] Read 8 bytes from 0x8000c360
# [SimX-DPI] Read 8 bytes from 0x8000c368
# [SimX-DPI] Read 8 bytes from 0x8000c370
# [SimX-DPI] Read 8 bytes from 0x8000c378
# [SimX-DPI] Read 8 bytes from 0x8000c380
# [SimX-DPI] Read 8 bytes from 0x8000c388
# [SimX-DPI] Read 8 bytes from 0x8000c390
# [SimX-DPI] Read 8 bytes from 0x8000c398
# [SimX-DPI] Read 8 bytes from 0x8000c3a0
# [SimX-DPI] Read 8 bytes from 0x8000c3a8
# [SimX-DPI] Read 8 bytes from 0x8000c3b0
# [SimX-DPI] Read 8 bytes from 0x8000c3b8
# [SimX-DPI] Read 8 bytes from 0x8000c3c0
# [SimX-DPI] Read 8 bytes from 0x8000c3c8
# [SimX-DPI] Read 8 bytes from 0x8000c3d0
# [SimX-DPI] Read 8 bytes from 0x8000c3d8
# [SimX-DPI] Read 8 bytes from 0x8000c3e0
# [SimX-DPI] Read 8 bytes from 0x8000c3e8
# [SimX-DPI] Read 8 bytes from 0x8000c3f0
# [SimX-DPI] Read 8 bytes from 0x8000c3f8
# [SimX-DPI] Read 8 bytes from 0x8000c400
# [SimX-DPI] Read 8 bytes from 0x8000c408
# [SimX-DPI] Read 8 bytes from 0x8000c410
# [SimX-DPI] Read 8 bytes from 0x8000c418
# [SimX-DPI] Read 8 bytes from 0x8000c420
# [SimX-DPI] Read 8 bytes from 0x8000c428
# [SimX-DPI] Read 8 bytes from 0x8000c430
# [SimX-DPI] Read 8 bytes from 0x8000c438
# [SimX-DPI] Read 8 bytes from 0x8000c440
# [SimX-DPI] Read 8 bytes from 0x8000c448
# [SimX-DPI] Read 8 bytes from 0x8000c450
# [SimX-DPI] Read 8 bytes from 0x8000c458
# [SimX-DPI] Read 8 bytes from 0x8000c460
# [SimX-DPI] Read 8 bytes from 0x8000c468
# [SimX-DPI] Read 8 bytes from 0x8000c470
# [SimX-DPI] Read 8 bytes from 0x8000c478
# [SimX-DPI] Read 8 bytes from 0x8000c480
# [SimX-DPI] Read 8 bytes from 0x8000c488
# [SimX-DPI] Read 8 bytes from 0x8000c490
# [SimX-DPI] Read 8 bytes from 0x8000c498
# [SimX-DPI] Read 8 bytes from 0x8000c4a0
# [SimX-DPI] Read 8 bytes from 0x8000c4a8
# [SimX-DPI] Read 8 bytes from 0x8000c4b0
# [SimX-DPI] Read 8 bytes from 0x8000c4b8
# [SimX-DPI] Read 8 bytes from 0x8000c4c0
# [SimX-DPI] Read 8 bytes from 0x8000c4c8
# [SimX-DPI] Read 8 bytes from 0x8000c4d0
# [SimX-DPI] Read 8 bytes from 0x8000c4d8
# [SimX-DPI] Read 8 bytes from 0x8000c4e0
# [SimX-DPI] Read 8 bytes from 0x8000c4e8
# [SimX-DPI] Read 8 bytes from 0x8000c4f0
# [SimX-DPI] Read 8 bytes from 0x8000c4f8
# [SimX-DPI] Read 8 bytes from 0x8000c500
# [SimX-DPI] Read 8 bytes from 0x8000c508
# [SimX-DPI] Read 8 bytes from 0x8000c510
# [SimX-DPI] Read 8 bytes from 0x8000c518
# [SimX-DPI] Read 8 bytes from 0x8000c520
# [SimX-DPI] Read 8 bytes from 0x8000c528
# [SimX-DPI] Read 8 bytes from 0x8000c530
# [SimX-DPI] Read 8 bytes from 0x8000c538
# [SimX-DPI] Read 8 bytes from 0x8000c540
# [SimX-DPI] Read 8 bytes from 0x8000c548
# [SimX-DPI] Read 8 bytes from 0x8000c550
# [SimX-DPI] Read 8 bytes from 0x8000c558
# [SimX-DPI] Read 8 bytes from 0x8000c560
# [SimX-DPI] Read 8 bytes from 0x8000c568
# [SimX-DPI] Read 8 bytes from 0x8000c570
# [SimX-DPI] Read 8 bytes from 0x8000c578
# [SimX-DPI] Read 8 bytes from 0x8000c580
# [SimX-DPI] Read 8 bytes from 0x8000c588
# [SimX-DPI] Read 8 bytes from 0x8000c590
# [SimX-DPI] Read 8 bytes from 0x8000c598
# [SimX-DPI] Read 8 bytes from 0x8000c5a0
# [SimX-DPI] Read 8 bytes from 0x8000c5a8
# [SimX-DPI] Read 8 bytes from 0x8000c5b0
# [SimX-DPI] Read 8 bytes from 0x8000c5b8
# [SimX-DPI] Read 8 bytes from 0x8000c5c0
# [SimX-DPI] Read 8 bytes from 0x8000c5c8
# [SimX-DPI] Read 8 bytes from 0x8000c5d0
# [SimX-DPI] Read 8 bytes from 0x8000c5d8
# [SimX-DPI] Read 8 bytes from 0x8000c5e0
# [SimX-DPI] Read 8 bytes from 0x8000c5e8
# [SimX-DPI] Read 8 bytes from 0x8000c5f0
# [SimX-DPI] Read 8 bytes from 0x8000c5f8
# [SimX-DPI] Read 8 bytes from 0x8000c600
# [SimX-DPI] Read 8 bytes from 0x8000c608
# [SimX-DPI] Read 8 bytes from 0x8000c610
# [SimX-DPI] Read 8 bytes from 0x8000c618
# [SimX-DPI] Read 8 bytes from 0x8000c620
# [SimX-DPI] Read 8 bytes from 0x8000c628
# [SimX-DPI] Read 8 bytes from 0x8000c630
# [SimX-DPI] Read 8 bytes from 0x8000c638
# [SimX-DPI] Read 8 bytes from 0x8000c640
# [SimX-DPI] Read 8 bytes from 0x8000c648
# [SimX-DPI] Read 8 bytes from 0x8000c650
# [SimX-DPI] Read 8 bytes from 0x8000c658
# [SimX-DPI] Read 8 bytes from 0x8000c660
# [SimX-DPI] Read 8 bytes from 0x8000c668
# [SimX-DPI] Read 8 bytes from 0x8000c670
# [SimX-DPI] Read 8 bytes from 0x8000c678
# [SimX-DPI] Read 8 bytes from 0x8000c680
# [SimX-DPI] Read 8 bytes from 0x8000c688
# [SimX-DPI] Read 8 bytes from 0x8000c690
# [SimX-DPI] Read 8 bytes from 0x8000c698
# [SimX-DPI] Read 8 bytes from 0x8000c6a0
# [SimX-DPI] Read 8 bytes from 0x8000c6a8
# [SimX-DPI] Read 8 bytes from 0x8000c6b0
# [SimX-DPI] Read 8 bytes from 0x8000c6b8
# [SimX-DPI] Read 8 bytes from 0x8000c6c0
# [SimX-DPI] Read 8 bytes from 0x8000c6c8
# [SimX-DPI] Read 8 bytes from 0x8000c6d0
# [SimX-DPI] Read 8 bytes from 0x8000c6d8
# [SimX-DPI] Read 8 bytes from 0x8000c6e0
# [SimX-DPI] Read 8 bytes from 0x8000c6e8
# [SimX-DPI] Read 8 bytes from 0x8000c6f0
# [SimX-DPI] Read 8 bytes from 0x8000c6f8
# [SimX-DPI] Read 8 bytes from 0x8000c700
# [SimX-DPI] Read 8 bytes from 0x8000c708
# [SimX-DPI] Read 8 bytes from 0x8000c710
# [SimX-DPI] Read 8 bytes from 0x8000c718
# [SimX-DPI] Read 8 bytes from 0x8000c720
# [SimX-DPI] Read 8 bytes from 0x8000c728
# [SimX-DPI] Read 8 bytes from 0x8000c730
# [SimX-DPI] Read 8 bytes from 0x8000c738
# [SimX-DPI] Read 8 bytes from 0x8000c740
# [SimX-DPI] Read 8 bytes from 0x8000c748
# [SimX-DPI] Read 8 bytes from 0x8000c750
# [SimX-DPI] Read 8 bytes from 0x8000c758
# [SimX-DPI] Read 8 bytes from 0x8000c760
# [SimX-DPI] Read 8 bytes from 0x8000c768
# [SimX-DPI] Read 8 bytes from 0x8000c770
# [SimX-DPI] Read 8 bytes from 0x8000c778
# [SimX-DPI] Read 8 bytes from 0x8000c780
# [SimX-DPI] Read 8 bytes from 0x8000c788
# [SimX-DPI] Read 8 bytes from 0x8000c790
# [SimX-DPI] Read 8 bytes from 0x8000c798
# [SimX-DPI] Read 8 bytes from 0x8000c7a0
# [SimX-DPI] Read 8 bytes from 0x8000c7a8
# [SimX-DPI] Read 8 bytes from 0x8000c7b0
# [SimX-DPI] Read 8 bytes from 0x8000c7b8
# [SimX-DPI] Read 8 bytes from 0x8000c7c0
# [SimX-DPI] Read 8 bytes from 0x8000c7c8
# [SimX-DPI] Read 8 bytes from 0x8000c7d0
# [SimX-DPI] Read 8 bytes from 0x8000c7d8
# [SimX-DPI] Read 8 bytes from 0x8000c7e0
# [SimX-DPI] Read 8 bytes from 0x8000c7e8
# [SimX-DPI] Read 8 bytes from 0x8000c7f0
# [SimX-DPI] Read 8 bytes from 0x8000c7f8
# [SimX-DPI] Read 8 bytes from 0x8000c800
# [SimX-DPI] Read 8 bytes from 0x8000c808
# [SimX-DPI] Read 8 bytes from 0x8000c810
# [SimX-DPI] Read 8 bytes from 0x8000c818
# [SimX-DPI] Read 8 bytes from 0x8000c820
# [SimX-DPI] Read 8 bytes from 0x8000c828
# [SimX-DPI] Read 8 bytes from 0x8000c830
# [SimX-DPI] Read 8 bytes from 0x8000c838
# [SimX-DPI] Read 8 bytes from 0x8000c840
# [SimX-DPI] Read 8 bytes from 0x8000c848
# [SimX-DPI] Read 8 bytes from 0x8000c850
# [SimX-DPI] Read 8 bytes from 0x8000c858
# [SimX-DPI] Read 8 bytes from 0x8000c860
# [SimX-DPI] Read 8 bytes from 0x8000c868
# [SimX-DPI] Read 8 bytes from 0x8000c870
# [SimX-DPI] Read 8 bytes from 0x8000c878
# [SimX-DPI] Read 8 bytes from 0x8000c880
# [SimX-DPI] Read 8 bytes from 0x8000c888
# [SimX-DPI] Read 8 bytes from 0x8000c890
# [SimX-DPI] Read 8 bytes from 0x8000c898
# [SimX-DPI] Read 8 bytes from 0x8000c8a0
# [SimX-DPI] Read 8 bytes from 0x8000c8a8
# [SimX-DPI] Read 8 bytes from 0x8000c8b0
# [SimX-DPI] Read 8 bytes from 0x8000c8b8
# [SimX-DPI] Read 8 bytes from 0x8000c8c0
# [SimX-DPI] Read 8 bytes from 0x8000c8c8
# [SimX-DPI] Read 8 bytes from 0x8000c8d0
# [SimX-DPI] Read 8 bytes from 0x8000c8d8
# [SimX-DPI] Read 8 bytes from 0x8000c8e0
# [SimX-DPI] Read 8 bytes from 0x8000c8e8
# [SimX-DPI] Read 8 bytes from 0x8000c8f0
# [SimX-DPI] Read 8 bytes from 0x8000c8f8
# [SimX-DPI] Read 8 bytes from 0x8000c900
# [SimX-DPI] Read 8 bytes from 0x8000c908
# [SimX-DPI] Read 8 bytes from 0x8000c910
# [SimX-DPI] Read 8 bytes from 0x8000c918
# [SimX-DPI] Read 8 bytes from 0x8000c920
# [SimX-DPI] Read 8 bytes from 0x8000c928
# [SimX-DPI] Read 8 bytes from 0x8000c930
# [SimX-DPI] Read 8 bytes from 0x8000c938
# [SimX-DPI] Read 8 bytes from 0x8000c940
# [SimX-DPI] Read 8 bytes from 0x8000c948
# [SimX-DPI] Read 8 bytes from 0x8000c950
# [SimX-DPI] Read 8 bytes from 0x8000c958
# [SimX-DPI] Read 8 bytes from 0x8000c960
# [SimX-DPI] Read 8 bytes from 0x8000c968
# [SimX-DPI] Read 8 bytes from 0x8000c970
# [SimX-DPI] Read 8 bytes from 0x8000c978
# [SimX-DPI] Read 8 bytes from 0x8000c980
# [SimX-DPI] Read 8 bytes from 0x8000c988
# [SimX-DPI] Read 8 bytes from 0x8000c990
# [SimX-DPI] Read 8 bytes from 0x8000c998
# [SimX-DPI] Read 8 bytes from 0x8000c9a0
# [SimX-DPI] Read 8 bytes from 0x8000c9a8
# [SimX-DPI] Read 8 bytes from 0x8000c9b0
# [SimX-DPI] Read 8 bytes from 0x8000c9b8
# [SimX-DPI] Read 8 bytes from 0x8000c9c0
# [SimX-DPI] Read 8 bytes from 0x8000c9c8
# [SimX-DPI] Read 8 bytes from 0x8000c9d0
# [SimX-DPI] Read 8 bytes from 0x8000c9d8
# [SimX-DPI] Read 8 bytes from 0x8000c9e0
# [SimX-DPI] Read 8 bytes from 0x8000c9e8
# [SimX-DPI] Read 8 bytes from 0x8000c9f0
# [SimX-DPI] Read 8 bytes from 0x8000c9f8
# [SimX-DPI] Read 8 bytes from 0x8000ca00
# [SimX-DPI] Read 8 bytes from 0x8000ca08
# [SimX-DPI] Read 8 bytes from 0x8000ca10
# [SimX-DPI] Read 8 bytes from 0x8000ca18
# [SimX-DPI] Read 8 bytes from 0x8000ca20
# [SimX-DPI] Read 8 bytes from 0x8000ca28
# [SimX-DPI] Read 8 bytes from 0x8000ca30
# [SimX-DPI] Read 8 bytes from 0x8000ca38
# [SimX-DPI] Read 8 bytes from 0x8000ca40
# [SimX-DPI] Read 8 bytes from 0x8000ca48
# [SimX-DPI] Read 8 bytes from 0x8000ca50
# [SimX-DPI] Read 8 bytes from 0x8000ca58
# [SimX-DPI] Read 8 bytes from 0x8000ca60
# [SimX-DPI] Read 8 bytes from 0x8000ca68
# [SimX-DPI] Read 8 bytes from 0x8000ca70
# [SimX-DPI] Read 8 bytes from 0x8000ca78
# [SimX-DPI] Read 8 bytes from 0x8000ca80
# [SimX-DPI] Read 8 bytes from 0x8000ca88
# [SimX-DPI] Read 8 bytes from 0x8000ca90
# [SimX-DPI] Read 8 bytes from 0x8000ca98
# [SimX-DPI] Read 8 bytes from 0x8000caa0
# [SimX-DPI] Read 8 bytes from 0x8000caa8
# [SimX-DPI] Read 8 bytes from 0x8000cab0
# [SimX-DPI] Read 8 bytes from 0x8000cab8
# [SimX-DPI] Read 8 bytes from 0x8000cac0
# [SimX-DPI] Read 8 bytes from 0x8000cac8
# [SimX-DPI] Read 8 bytes from 0x8000cad0
# [SimX-DPI] Read 8 bytes from 0x8000cad8
# [SimX-DPI] Read 8 bytes from 0x8000cae0
# [SimX-DPI] Read 8 bytes from 0x8000cae8
# [SimX-DPI] Read 8 bytes from 0x8000caf0
# [SimX-DPI] Read 8 bytes from 0x8000caf8
# [SimX-DPI] Read 8 bytes from 0x8000cb00
# [SimX-DPI] Read 8 bytes from 0x8000cb08
# [SimX-DPI] Read 8 bytes from 0x8000cb10
# [SimX-DPI] Read 8 bytes from 0x8000cb18
# [SimX-DPI] Read 8 bytes from 0x8000cb20
# [SimX-DPI] Read 8 bytes from 0x8000cb28
# [SimX-DPI] Read 8 bytes from 0x8000cb30
# [SimX-DPI] Read 8 bytes from 0x8000cb38
# [SimX-DPI] Read 8 bytes from 0x8000cb40
# [SimX-DPI] Read 8 bytes from 0x8000cb48
# [SimX-DPI] Read 8 bytes from 0x8000cb50
# [SimX-DPI] Read 8 bytes from 0x8000cb58
# [SimX-DPI] Read 8 bytes from 0x8000cb60
# [SimX-DPI] Read 8 bytes from 0x8000cb68
# [SimX-DPI] Read 8 bytes from 0x8000cb70
# [SimX-DPI] Read 8 bytes from 0x8000cb78
# [SimX-DPI] Read 8 bytes from 0x8000cb80
# [SimX-DPI] Read 8 bytes from 0x8000cb88
# [SimX-DPI] Read 8 bytes from 0x8000cb90
# [SimX-DPI] Read 8 bytes from 0x8000cb98
# [SimX-DPI] Read 8 bytes from 0x8000cba0
# [SimX-DPI] Read 8 bytes from 0x8000cba8
# [SimX-DPI] Read 8 bytes from 0x8000cbb0
# [SimX-DPI] Read 8 bytes from 0x8000cbb8
# [SimX-DPI] Read 8 bytes from 0x8000cbc0
# [SimX-DPI] Read 8 bytes from 0x8000cbc8
# [SimX-DPI] Read 8 bytes from 0x8000cbd0
# [SimX-DPI] Read 8 bytes from 0x8000cbd8
# [SimX-DPI] Read 8 bytes from 0x8000cbe0
# [SimX-DPI] Read 8 bytes from 0x8000cbe8
# [SimX-DPI] Read 8 bytes from 0x8000cbf0
# [SimX-DPI] Read 8 bytes from 0x8000cbf8
# [SimX-DPI] Read 8 bytes from 0x8000cc00
# [SimX-DPI] Read 8 bytes from 0x8000cc08
# [SimX-DPI] Read 8 bytes from 0x8000cc10
# [SimX-DPI] Read 8 bytes from 0x8000cc18
# [SimX-DPI] Read 8 bytes from 0x8000cc20
# [SimX-DPI] Read 8 bytes from 0x8000cc28
# [SimX-DPI] Read 8 bytes from 0x8000cc30
# [SimX-DPI] Read 8 bytes from 0x8000cc38
# [SimX-DPI] Read 8 bytes from 0x8000cc40
# [SimX-DPI] Read 8 bytes from 0x8000cc48
# [SimX-DPI] Read 8 bytes from 0x8000cc50
# [SimX-DPI] Read 8 bytes from 0x8000cc58
# [SimX-DPI] Read 8 bytes from 0x8000cc60
# [SimX-DPI] Read 8 bytes from 0x8000cc68
# [SimX-DPI] Read 8 bytes from 0x8000cc70
# [SimX-DPI] Read 8 bytes from 0x8000cc78
# [SimX-DPI] Read 8 bytes from 0x8000cc80
# [SimX-DPI] Read 8 bytes from 0x8000cc88
# [SimX-DPI] Read 8 bytes from 0x8000cc90
# [SimX-DPI] Read 8 bytes from 0x8000cc98
# [SimX-DPI] Read 8 bytes from 0x8000cca0
# [SimX-DPI] Read 8 bytes from 0x8000cca8
# [SimX-DPI] Read 8 bytes from 0x8000ccb0
# [SimX-DPI] Read 8 bytes from 0x8000ccb8
# [SimX-DPI] Read 8 bytes from 0x8000ccc0
# [SimX-DPI] Read 8 bytes from 0x8000ccc8
# [SimX-DPI] Read 8 bytes from 0x8000ccd0
# [SimX-DPI] Read 8 bytes from 0x8000ccd8
# [SimX-DPI] Read 8 bytes from 0x8000cce0
# [SimX-DPI] Read 8 bytes from 0x8000cce8
# [SimX-DPI] Read 8 bytes from 0x8000ccf0
# [SimX-DPI] Read 8 bytes from 0x8000ccf8
# [SimX-DPI] Read 8 bytes from 0x8000cd00
# [SimX-DPI] Read 8 bytes from 0x8000cd08
# [SimX-DPI] Read 8 bytes from 0x8000cd10
# [SimX-DPI] Read 8 bytes from 0x8000cd18
# [SimX-DPI] Read 8 bytes from 0x8000cd20
# [SimX-DPI] Read 8 bytes from 0x8000cd28
# [SimX-DPI] Read 8 bytes from 0x8000cd30
# [SimX-DPI] Read 8 bytes from 0x8000cd38
# [SimX-DPI] Read 8 bytes from 0x8000cd40
# [SimX-DPI] Read 8 bytes from 0x8000cd48
# [SimX-DPI] Read 8 bytes from 0x8000cd50
# [SimX-DPI] Read 8 bytes from 0x8000cd58
# [SimX-DPI] Read 8 bytes from 0x8000cd60
# [SimX-DPI] Read 8 bytes from 0x8000cd68
# [SimX-DPI] Read 8 bytes from 0x8000cd70
# [SimX-DPI] Read 8 bytes from 0x8000cd78
# [SimX-DPI] Read 8 bytes from 0x8000cd80
# [SimX-DPI] Read 8 bytes from 0x8000cd88
# [SimX-DPI] Read 8 bytes from 0x8000cd90
# [SimX-DPI] Read 8 bytes from 0x8000cd98
# [SimX-DPI] Read 8 bytes from 0x8000cda0
# [SimX-DPI] Read 8 bytes from 0x8000cda8
# [SimX-DPI] Read 8 bytes from 0x8000cdb0
# [SimX-DPI] Read 8 bytes from 0x8000cdb8
# [SimX-DPI] Read 8 bytes from 0x8000cdc0
# [SimX-DPI] Read 8 bytes from 0x8000cdc8
# [SimX-DPI] Read 8 bytes from 0x8000cdd0
# [SimX-DPI] Read 8 bytes from 0x8000cdd8
# [SimX-DPI] Read 8 bytes from 0x8000cde0
# [SimX-DPI] Read 8 bytes from 0x8000cde8
# [SimX-DPI] Read 8 bytes from 0x8000cdf0
# [SimX-DPI] Read 8 bytes from 0x8000cdf8
# [SimX-DPI] Read 8 bytes from 0x8000ce00
# [SimX-DPI] Read 8 bytes from 0x8000ce08
# [SimX-DPI] Read 8 bytes from 0x8000ce10
# [SimX-DPI] Read 8 bytes from 0x8000ce18
# [SimX-DPI] Read 8 bytes from 0x8000ce20
# [SimX-DPI] Read 8 bytes from 0x8000ce28
# [SimX-DPI] Read 8 bytes from 0x8000ce30
# [SimX-DPI] Read 8 bytes from 0x8000ce38
# [SimX-DPI] Read 8 bytes from 0x8000ce40
# [SimX-DPI] Read 8 bytes from 0x8000ce48
# [SimX-DPI] Read 8 bytes from 0x8000ce50
# [SimX-DPI] Read 8 bytes from 0x8000ce58
# [SimX-DPI] Read 8 bytes from 0x8000ce60
# [SimX-DPI] Read 8 bytes from 0x8000ce68
# [SimX-DPI] Read 8 bytes from 0x8000ce70
# [SimX-DPI] Read 8 bytes from 0x8000ce78
# [SimX-DPI] Read 8 bytes from 0x8000ce80
# [SimX-DPI] Read 8 bytes from 0x8000ce88
# [SimX-DPI] Read 8 bytes from 0x8000ce90
# [SimX-DPI] Read 8 bytes from 0x8000ce98
# [SimX-DPI] Read 8 bytes from 0x8000cea0
# [SimX-DPI] Read 8 bytes from 0x8000cea8
# [SimX-DPI] Read 8 bytes from 0x8000ceb0
# [SimX-DPI] Read 8 bytes from 0x8000ceb8
# [SimX-DPI] Read 8 bytes from 0x8000cec0
# [SimX-DPI] Read 8 bytes from 0x8000cec8
# [SimX-DPI] Read 8 bytes from 0x8000ced0
# [SimX-DPI] Read 8 bytes from 0x8000ced8
# [SimX-DPI] Read 8 bytes from 0x8000cee0
# [SimX-DPI] Read 8 bytes from 0x8000cee8
# [SimX-DPI] Read 8 bytes from 0x8000cef0
# [SimX-DPI] Read 8 bytes from 0x8000cef8
# [SimX-DPI] Read 8 bytes from 0x8000cf00
# [SimX-DPI] Read 8 bytes from 0x8000cf08
# [SimX-DPI] Read 8 bytes from 0x8000cf10
# [SimX-DPI] Read 8 bytes from 0x8000cf18
# [SimX-DPI] Read 8 bytes from 0x8000cf20
# [SimX-DPI] Read 8 bytes from 0x8000cf28
# [SimX-DPI] Read 8 bytes from 0x8000cf30
# [SimX-DPI] Read 8 bytes from 0x8000cf38
# [SimX-DPI] Read 8 bytes from 0x8000cf40
# [SimX-DPI] Read 8 bytes from 0x8000cf48
# [SimX-DPI] Read 8 bytes from 0x8000cf50
# [SimX-DPI] Read 8 bytes from 0x8000cf58
# [SimX-DPI] Read 8 bytes from 0x8000cf60
# [SimX-DPI] Read 8 bytes from 0x8000cf68
# [SimX-DPI] Read 8 bytes from 0x8000cf70
# [SimX-DPI] Read 8 bytes from 0x8000cf78
# [SimX-DPI] Read 8 bytes from 0x8000cf80
# [SimX-DPI] Read 8 bytes from 0x8000cf88
# [SimX-DPI] Read 8 bytes from 0x8000cf90
# [SimX-DPI] Read 8 bytes from 0x8000cf98
# [SimX-DPI] Read 8 bytes from 0x8000cfa0
# [SimX-DPI] Read 8 bytes from 0x8000cfa8
# [SimX-DPI] Read 8 bytes from 0x8000cfb0
# [SimX-DPI] Read 8 bytes from 0x8000cfb8
# [SimX-DPI] Read 8 bytes from 0x8000cfc0
# [SimX-DPI] Read 8 bytes from 0x8000cfc8
# [SimX-DPI] Read 8 bytes from 0x8000cfd0
# [SimX-DPI] Read 8 bytes from 0x8000cfd8
# [SimX-DPI] Read 8 bytes from 0x8000cfe0
# [SimX-DPI] Read 8 bytes from 0x8000cfe8
# [SimX-DPI] Read 8 bytes from 0x8000cff0
# [SimX-DPI] Read 8 bytes from 0x8000cff8
# [SimX-DPI] Read 8 bytes from 0x8000d000
# [SimX-DPI] Read 8 bytes from 0x8000d008
# [SimX-DPI] Read 8 bytes from 0x8000d010
# [SimX-DPI] Read 8 bytes from 0x8000d018
# [SimX-DPI] Read 8 bytes from 0x8000d020
# [SimX-DPI] Read 8 bytes from 0x8000d028
# [SimX-DPI] Read 8 bytes from 0x8000d030
# [SimX-DPI] Read 8 bytes from 0x8000d038
# [SimX-DPI] Read 8 bytes from 0x8000d040
# [SimX-DPI] Read 8 bytes from 0x8000d048
# [SimX-DPI] Read 8 bytes from 0x8000d050
# [SimX-DPI] Read 8 bytes from 0x8000d058
# [SimX-DPI] Read 8 bytes from 0x8000d060
# [SimX-DPI] Read 8 bytes from 0x8000d068
# [SimX-DPI] Read 8 bytes from 0x8000d070
# [SimX-DPI] Read 8 bytes from 0x8000d078
# [SimX-DPI] Read 8 bytes from 0x8000d080
# [SimX-DPI] Read 8 bytes from 0x8000d088
# [SimX-DPI] Read 8 bytes from 0x8000d090
# [SimX-DPI] Read 8 bytes from 0x8000d098
# [SimX-DPI] Read 8 bytes from 0x8000d0a0
# [SimX-DPI] Read 8 bytes from 0x8000d0a8
# [SimX-DPI] Read 8 bytes from 0x8000d0b0
# [SimX-DPI] Read 8 bytes from 0x8000d0b8
# [SimX-DPI] Read 8 bytes from 0x8000d0c0
# [SimX-DPI] Read 8 bytes from 0x8000d0c8
# [SimX-DPI] Read 8 bytes from 0x8000d0d0
# [SimX-DPI] Read 8 bytes from 0x8000d0d8
# [SimX-DPI] Read 8 bytes from 0x8000d0e0
# [SimX-DPI] Read 8 bytes from 0x8000d0e8
# [SimX-DPI] Read 8 bytes from 0x8000d0f0
# [SimX-DPI] Read 8 bytes from 0x8000d0f8
# [SimX-DPI] Read 8 bytes from 0x8000d100
# [SimX-DPI] Read 8 bytes from 0x8000d108
# [SimX-DPI] Read 8 bytes from 0x8000d110
# [SimX-DPI] Read 8 bytes from 0x8000d118
# [SimX-DPI] Read 8 bytes from 0x8000d120
# [SimX-DPI] Read 8 bytes from 0x8000d128
# [SimX-DPI] Read 8 bytes from 0x8000d130
# [SimX-DPI] Read 8 bytes from 0x8000d138
# [SimX-DPI] Read 8 bytes from 0x8000d140
# [SimX-DPI] Read 8 bytes from 0x8000d148
# [SimX-DPI] Read 8 bytes from 0x8000d150
# [SimX-DPI] Read 8 bytes from 0x8000d158
# [SimX-DPI] Read 8 bytes from 0x8000d160
# [SimX-DPI] Read 8 bytes from 0x8000d168
# [SimX-DPI] Read 8 bytes from 0x8000d170
# [SimX-DPI] Read 8 bytes from 0x8000d178
# [SimX-DPI] Read 8 bytes from 0x8000d180
# [SimX-DPI] Read 8 bytes from 0x8000d188
# [SimX-DPI] Read 8 bytes from 0x8000d190
# [SimX-DPI] Read 8 bytes from 0x8000d198
# [SimX-DPI] Read 8 bytes from 0x8000d1a0
# [SimX-DPI] Read 8 bytes from 0x8000d1a8
# [SimX-DPI] Read 8 bytes from 0x8000d1b0
# [SimX-DPI] Read 8 bytes from 0x8000d1b8
# [SimX-DPI] Read 8 bytes from 0x8000d1c0
# [SimX-DPI] Read 8 bytes from 0x8000d1c8
# [SimX-DPI] Read 8 bytes from 0x8000d1d0
# [SimX-DPI] Read 8 bytes from 0x8000d1d8
# [SimX-DPI] Read 8 bytes from 0x8000d1e0
# [SimX-DPI] Read 8 bytes from 0x8000d1e8
# [SimX-DPI] Read 8 bytes from 0x8000d1f0
# [SimX-DPI] Read 8 bytes from 0x8000d1f8
# [SimX-DPI] Read 8 bytes from 0x8000d200
# [SimX-DPI] Read 8 bytes from 0x8000d208
# [SimX-DPI] Read 8 bytes from 0x8000d210
# [SimX-DPI] Read 8 bytes from 0x8000d218
# [SimX-DPI] Read 8 bytes from 0x8000d220
# [SimX-DPI] Read 8 bytes from 0x8000d228
# [SimX-DPI] Read 8 bytes from 0x8000d230
# [SimX-DPI] Read 8 bytes from 0x8000d238
# [SimX-DPI] Read 8 bytes from 0x8000d240
# [SimX-DPI] Read 8 bytes from 0x8000d248
# [SimX-DPI] Read 8 bytes from 0x8000d250
# [SimX-DPI] Read 8 bytes from 0x8000d258
# [SimX-DPI] Read 8 bytes from 0x8000d260
# [SimX-DPI] Read 8 bytes from 0x8000d268
# [SimX-DPI] Read 8 bytes from 0x8000d270
# [SimX-DPI] Read 8 bytes from 0x8000d278
# [SimX-DPI] Read 8 bytes from 0x8000d280
# [SimX-DPI] Read 8 bytes from 0x8000d288
# [SimX-DPI] Read 8 bytes from 0x8000d290
# [SimX-DPI] Read 8 bytes from 0x8000d298
# [SimX-DPI] Read 8 bytes from 0x8000d2a0
# [SimX-DPI] Read 8 bytes from 0x8000d2a8
# [SimX-DPI] Read 8 bytes from 0x8000d2b0
# [SimX-DPI] Read 8 bytes from 0x8000d2b8
# [SimX-DPI] Read 8 bytes from 0x8000d2c0
# [SimX-DPI] Read 8 bytes from 0x8000d2c8
# [SimX-DPI] Read 8 bytes from 0x8000d2d0
# [SimX-DPI] Read 8 bytes from 0x8000d2d8
# [SimX-DPI] Read 8 bytes from 0x8000d2e0
# [SimX-DPI] Read 8 bytes from 0x8000d2e8
# [SimX-DPI] Read 8 bytes from 0x8000d2f0
# [SimX-DPI] Read 8 bytes from 0x8000d2f8
# [SimX-DPI] Read 8 bytes from 0x8000d300
# [SimX-DPI] Read 8 bytes from 0x8000d308
# [SimX-DPI] Read 8 bytes from 0x8000d310
# [SimX-DPI] Read 8 bytes from 0x8000d318
# [SimX-DPI] Read 8 bytes from 0x8000d320
# [SimX-DPI] Read 8 bytes from 0x8000d328
# [SimX-DPI] Read 8 bytes from 0x8000d330
# [SimX-DPI] Read 8 bytes from 0x8000d338
# [SimX-DPI] Read 8 bytes from 0x8000d340
# [SimX-DPI] Read 8 bytes from 0x8000d348
# [SimX-DPI] Read 8 bytes from 0x8000d350
# [SimX-DPI] Read 8 bytes from 0x8000d358
# [SimX-DPI] Read 8 bytes from 0x8000d360
# [SimX-DPI] Read 8 bytes from 0x8000d368
# [SimX-DPI] Read 8 bytes from 0x8000d370
# [SimX-DPI] Read 8 bytes from 0x8000d378
# [SimX-DPI] Read 8 bytes from 0x8000d380
# [SimX-DPI] Read 8 bytes from 0x8000d388
# [SimX-DPI] Read 8 bytes from 0x8000d390
# [SimX-DPI] Read 8 bytes from 0x8000d398
# [SimX-DPI] Read 8 bytes from 0x8000d3a0
# [SimX-DPI] Read 8 bytes from 0x8000d3a8
# [SimX-DPI] Read 8 bytes from 0x8000d3b0
# [SimX-DPI] Read 8 bytes from 0x8000d3b8
# [SimX-DPI] Read 8 bytes from 0x8000d3c0
# [SimX-DPI] Read 8 bytes from 0x8000d3c8
# [SimX-DPI] Read 8 bytes from 0x8000d3d0
# [SimX-DPI] Read 8 bytes from 0x8000d3d8
# [SimX-DPI] Read 8 bytes from 0x8000d3e0
# [SimX-DPI] Read 8 bytes from 0x8000d3e8
# [SimX-DPI] Read 8 bytes from 0x8000d3f0
# [SimX-DPI] Read 8 bytes from 0x8000d3f8
# [SimX-DPI] Read 8 bytes from 0x8000d400
# [SimX-DPI] Read 8 bytes from 0x8000d408
# [SimX-DPI] Read 8 bytes from 0x8000d410
# [SimX-DPI] Read 8 bytes from 0x8000d418
# [SimX-DPI] Read 8 bytes from 0x8000d420
# [SimX-DPI] Read 8 bytes from 0x8000d428
# [SimX-DPI] Read 8 bytes from 0x8000d430
# [SimX-DPI] Read 8 bytes from 0x8000d438
# [SimX-DPI] Read 8 bytes from 0x8000d440
# [SimX-DPI] Read 8 bytes from 0x8000d448
# [SimX-DPI] Read 8 bytes from 0x8000d450
# [SimX-DPI] Read 8 bytes from 0x8000d458
# [SimX-DPI] Read 8 bytes from 0x8000d460
# [SimX-DPI] Read 8 bytes from 0x8000d468
# [SimX-DPI] Read 8 bytes from 0x8000d470
# [SimX-DPI] Read 8 bytes from 0x8000d478
# [SimX-DPI] Read 8 bytes from 0x8000d480
# [SimX-DPI] Read 8 bytes from 0x8000d488
# [SimX-DPI] Read 8 bytes from 0x8000d490
# [SimX-DPI] Read 8 bytes from 0x8000d498
# [SimX-DPI] Read 8 bytes from 0x8000d4a0
# [SimX-DPI] Read 8 bytes from 0x8000d4a8
# [SimX-DPI] Read 8 bytes from 0x8000d4b0
# [SimX-DPI] Read 8 bytes from 0x8000d4b8
# [SimX-DPI] Read 8 bytes from 0x8000d4c0
# [SimX-DPI] Read 8 bytes from 0x8000d4c8
# [SimX-DPI] Read 8 bytes from 0x8000d4d0
# [SimX-DPI] Read 8 bytes from 0x8000d4d8
# [SimX-DPI] Read 8 bytes from 0x8000d4e0
# [SimX-DPI] Read 8 bytes from 0x8000d4e8
# [SimX-DPI] Read 8 bytes from 0x8000d4f0
# [SimX-DPI] Read 8 bytes from 0x8000d4f8
# [SimX-DPI] Read 8 bytes from 0x8000d500
# [SimX-DPI] Read 8 bytes from 0x8000d508
# [SimX-DPI] Read 8 bytes from 0x8000d510
# [SimX-DPI] Read 8 bytes from 0x8000d518
# [SimX-DPI] Read 8 bytes from 0x8000d520
# [SimX-DPI] Read 8 bytes from 0x8000d528
# [SimX-DPI] Read 8 bytes from 0x8000d530
# [SimX-DPI] Read 8 bytes from 0x8000d538
# [SimX-DPI] Read 8 bytes from 0x8000d540
# [SimX-DPI] Read 8 bytes from 0x8000d548
# [SimX-DPI] Read 8 bytes from 0x8000d550
# [SimX-DPI] Read 8 bytes from 0x8000d558
# [SimX-DPI] Read 8 bytes from 0x8000d560
# [SimX-DPI] Read 8 bytes from 0x8000d568
# [SimX-DPI] Read 8 bytes from 0x8000d570
# [SimX-DPI] Read 8 bytes from 0x8000d578
# [SimX-DPI] Read 8 bytes from 0x8000d580
# [SimX-DPI] Read 8 bytes from 0x8000d588
# [SimX-DPI] Read 8 bytes from 0x8000d590
# [SimX-DPI] Read 8 bytes from 0x8000d598
# [SimX-DPI] Read 8 bytes from 0x8000d5a0
# [SimX-DPI] Read 8 bytes from 0x8000d5a8
# [SimX-DPI] Read 8 bytes from 0x8000d5b0
# [SimX-DPI] Read 8 bytes from 0x8000d5b8
# [SimX-DPI] Read 8 bytes from 0x8000d5c0
# [SimX-DPI] Read 8 bytes from 0x8000d5c8
# [SimX-DPI] Read 8 bytes from 0x8000d5d0
# [SimX-DPI] Read 8 bytes from 0x8000d5d8
# [SimX-DPI] Read 8 bytes from 0x8000d5e0
# [SimX-DPI] Read 8 bytes from 0x8000d5e8
# [SimX-DPI] Read 8 bytes from 0x8000d5f0
# [SimX-DPI] Read 8 bytes from 0x8000d5f8
# [SimX-DPI] Read 8 bytes from 0x8000d600
# [SimX-DPI] Read 8 bytes from 0x8000d608
# [SimX-DPI] Read 8 bytes from 0x8000d610
# [SimX-DPI] Read 8 bytes from 0x8000d618
# [SimX-DPI] Read 8 bytes from 0x8000d620
# [SimX-DPI] Read 8 bytes from 0x8000d628
# [SimX-DPI] Read 8 bytes from 0x8000d630
# [SimX-DPI] Read 8 bytes from 0x8000d638
# [SimX-DPI] Read 8 bytes from 0x8000d640
# [SimX-DPI] Read 8 bytes from 0x8000d648
# [SimX-DPI] Read 8 bytes from 0x8000d650
# [SimX-DPI] Read 8 bytes from 0x8000d658
# [SimX-DPI] Read 8 bytes from 0x8000d660
# [SimX-DPI] Read 8 bytes from 0x8000d668
# [SimX-DPI] Read 8 bytes from 0x8000d670
# [SimX-DPI] Read 8 bytes from 0x8000d678
# [SimX-DPI] Read 8 bytes from 0x8000d680
# [SimX-DPI] Read 8 bytes from 0x8000d688
# [SimX-DPI] Read 8 bytes from 0x8000d690
# [SimX-DPI] Read 8 bytes from 0x8000d698
# [SimX-DPI] Read 8 bytes from 0x8000d6a0
# [SimX-DPI] Read 8 bytes from 0x8000d6a8
# [SimX-DPI] Read 8 bytes from 0x8000d6b0
# [SimX-DPI] Read 8 bytes from 0x8000d6b8
# [SimX-DPI] Read 8 bytes from 0x8000d6c0
# [SimX-DPI] Read 8 bytes from 0x8000d6c8
# [SimX-DPI] Read 8 bytes from 0x8000d6d0
# [SimX-DPI] Read 8 bytes from 0x8000d6d8
# [SimX-DPI] Read 8 bytes from 0x8000d6e0
# [SimX-DPI] Read 8 bytes from 0x8000d6e8
# [SimX-DPI] Read 8 bytes from 0x8000d6f0
# [SimX-DPI] Read 8 bytes from 0x8000d6f8
# [SimX-DPI] Read 8 bytes from 0x8000d700
# [SimX-DPI] Read 8 bytes from 0x8000d708
# [SimX-DPI] Read 8 bytes from 0x8000d710
# [SimX-DPI] Read 8 bytes from 0x8000d718
# [SimX-DPI] Read 8 bytes from 0x8000d720
# [SimX-DPI] Read 8 bytes from 0x8000d728
# [SimX-DPI] Read 8 bytes from 0x8000d730
# [SimX-DPI] Read 8 bytes from 0x8000d738
# [SimX-DPI] Read 8 bytes from 0x8000d740
# [SimX-DPI] Read 8 bytes from 0x8000d748
# [SimX-DPI] Read 8 bytes from 0x8000d750
# [SimX-DPI] Read 8 bytes from 0x8000d758
# [SimX-DPI] Read 8 bytes from 0x8000d760
# [SimX-DPI] Read 8 bytes from 0x8000d768
# [SimX-DPI] Read 8 bytes from 0x8000d770
# [SimX-DPI] Read 8 bytes from 0x8000d778
# [SimX-DPI] Read 8 bytes from 0x8000d780
# [SimX-DPI] Read 8 bytes from 0x8000d788
# [SimX-DPI] Read 8 bytes from 0x8000d790
# [SimX-DPI] Read 8 bytes from 0x8000d798
# [SimX-DPI] Read 8 bytes from 0x8000d7a0
# [SimX-DPI] Read 8 bytes from 0x8000d7a8
# [SimX-DPI] Read 8 bytes from 0x8000d7b0
# [SimX-DPI] Read 8 bytes from 0x8000d7b8
# [SimX-DPI] Read 8 bytes from 0x8000d7c0
# [SimX-DPI] Read 8 bytes from 0x8000d7c8
# [SimX-DPI] Read 8 bytes from 0x8000d7d0
# [SimX-DPI] Read 8 bytes from 0x8000d7d8
# [SimX-DPI] Read 8 bytes from 0x8000d7e0
# [SimX-DPI] Read 8 bytes from 0x8000d7e8
# [SimX-DPI] Read 8 bytes from 0x8000d7f0
# [SimX-DPI] Read 8 bytes from 0x8000d7f8
# [SimX-DPI] Read 8 bytes from 0x8000d800
# [SimX-DPI] Read 8 bytes from 0x8000d808
# [SimX-DPI] Read 8 bytes from 0x8000d810
# [SimX-DPI] Read 8 bytes from 0x8000d818
# [SimX-DPI] Read 8 bytes from 0x8000d820
# [SimX-DPI] Read 8 bytes from 0x8000d828
# [SimX-DPI] Read 8 bytes from 0x8000d830
# [SimX-DPI] Read 8 bytes from 0x8000d838
# [SimX-DPI] Read 8 bytes from 0x8000d840
# [SimX-DPI] Read 8 bytes from 0x8000d848
# [SimX-DPI] Read 8 bytes from 0x8000d850
# [SimX-DPI] Read 8 bytes from 0x8000d858
# [SimX-DPI] Read 8 bytes from 0x8000d860
# [SimX-DPI] Read 8 bytes from 0x8000d868
# [SimX-DPI] Read 8 bytes from 0x8000d870
# [SimX-DPI] Read 8 bytes from 0x8000d878
# [SimX-DPI] Read 8 bytes from 0x8000d880
# [SimX-DPI] Read 8 bytes from 0x8000d888
# [SimX-DPI] Read 8 bytes from 0x8000d890
# [SimX-DPI] Read 8 bytes from 0x8000d898
# [SimX-DPI] Read 8 bytes from 0x8000d8a0
# [SimX-DPI] Read 8 bytes from 0x8000d8a8
# [SimX-DPI] Read 8 bytes from 0x8000d8b0
# [SimX-DPI] Read 8 bytes from 0x8000d8b8
# [SimX-DPI] Read 8 bytes from 0x8000d8c0
# [SimX-DPI] Read 8 bytes from 0x8000d8c8
# [SimX-DPI] Read 8 bytes from 0x8000d8d0
# [SimX-DPI] Read 8 bytes from 0x8000d8d8
# [SimX-DPI] Read 8 bytes from 0x8000d8e0
# [SimX-DPI] Read 8 bytes from 0x8000d8e8
# [SimX-DPI] Read 8 bytes from 0x8000d8f0
# [SimX-DPI] Read 8 bytes from 0x8000d8f8
# [SimX-DPI] Read 8 bytes from 0x8000d900
# [SimX-DPI] Read 8 bytes from 0x8000d908
# [SimX-DPI] Read 8 bytes from 0x8000d910
# [SimX-DPI] Read 8 bytes from 0x8000d918
# [SimX-DPI] Read 8 bytes from 0x8000d920
# [SimX-DPI] Read 8 bytes from 0x8000d928
# [SimX-DPI] Read 8 bytes from 0x8000d930
# [SimX-DPI] Read 8 bytes from 0x8000d938
# [SimX-DPI] Read 8 bytes from 0x8000d940
# [SimX-DPI] Read 8 bytes from 0x8000d948
# [SimX-DPI] Read 8 bytes from 0x8000d950
# [SimX-DPI] Read 8 bytes from 0x8000d958
# [SimX-DPI] Read 8 bytes from 0x8000d960
# [SimX-DPI] Read 8 bytes from 0x8000d968
# [SimX-DPI] Read 8 bytes from 0x8000d970
# [SimX-DPI] Read 8 bytes from 0x8000d978
# [SimX-DPI] Read 8 bytes from 0x8000d980
# [SimX-DPI] Read 8 bytes from 0x8000d988
# [SimX-DPI] Read 8 bytes from 0x8000d990
# [SimX-DPI] Read 8 bytes from 0x8000d998
# [SimX-DPI] Read 8 bytes from 0x8000d9a0
# [SimX-DPI] Read 8 bytes from 0x8000d9a8
# [SimX-DPI] Read 8 bytes from 0x8000d9b0
# [SimX-DPI] Read 8 bytes from 0x8000d9b8
# [SimX-DPI] Read 8 bytes from 0x8000d9c0
# [SimX-DPI] Read 8 bytes from 0x8000d9c8
# [SimX-DPI] Read 8 bytes from 0x8000d9d0
# [SimX-DPI] Read 8 bytes from 0x8000d9d8
# [SimX-DPI] Read 8 bytes from 0x8000d9e0
# [SimX-DPI] Read 8 bytes from 0x8000d9e8
# [SimX-DPI] Read 8 bytes from 0x8000d9f0
# [SimX-DPI] Read 8 bytes from 0x8000d9f8
# [SimX-DPI] Read 8 bytes from 0x8000da00
# [SimX-DPI] Read 8 bytes from 0x8000da08
# [SimX-DPI] Read 8 bytes from 0x8000da10
# [SimX-DPI] Read 8 bytes from 0x8000da18
# [SimX-DPI] Read 8 bytes from 0x8000da20
# [SimX-DPI] Read 8 bytes from 0x8000da28
# [SimX-DPI] Read 8 bytes from 0x8000da30
# [SimX-DPI] Read 8 bytes from 0x8000da38
# [SimX-DPI] Read 8 bytes from 0x8000da40
# [SimX-DPI] Read 8 bytes from 0x8000da48
# [SimX-DPI] Read 8 bytes from 0x8000da50
# [SimX-DPI] Read 8 bytes from 0x8000da58
# [SimX-DPI] Read 8 bytes from 0x8000da60
# [SimX-DPI] Read 8 bytes from 0x8000da68
# [SimX-DPI] Read 8 bytes from 0x8000da70
# [SimX-DPI] Read 8 bytes from 0x8000da78
# [SimX-DPI] Read 8 bytes from 0x8000da80
# [SimX-DPI] Read 8 bytes from 0x8000da88
# [SimX-DPI] Read 8 bytes from 0x8000da90
# [SimX-DPI] Read 8 bytes from 0x8000da98
# [SimX-DPI] Read 8 bytes from 0x8000daa0
# [SimX-DPI] Read 8 bytes from 0x8000daa8
# [SimX-DPI] Read 8 bytes from 0x8000dab0
# [SimX-DPI] Read 8 bytes from 0x8000dab8
# [SimX-DPI] Read 8 bytes from 0x8000dac0
# [SimX-DPI] Read 8 bytes from 0x8000dac8
# [SimX-DPI] Read 8 bytes from 0x8000dad0
# [SimX-DPI] Read 8 bytes from 0x8000dad8
# [SimX-DPI] Read 8 bytes from 0x8000dae0
# [SimX-DPI] Read 8 bytes from 0x8000dae8
# [SimX-DPI] Read 8 bytes from 0x8000daf0
# [SimX-DPI] Read 8 bytes from 0x8000daf8
# [SimX-DPI] Read 8 bytes from 0x8000db00
# [SimX-DPI] Read 8 bytes from 0x8000db08
# [SimX-DPI] Read 8 bytes from 0x8000db10
# [SimX-DPI] Read 8 bytes from 0x8000db18
# [SimX-DPI] Read 8 bytes from 0x8000db20
# [SimX-DPI] Read 8 bytes from 0x8000db28
# [SimX-DPI] Read 8 bytes from 0x8000db30
# [SimX-DPI] Read 8 bytes from 0x8000db38
# [SimX-DPI] Read 8 bytes from 0x8000db40
# [SimX-DPI] Read 8 bytes from 0x8000db48
# [SimX-DPI] Read 8 bytes from 0x8000db50
# [SimX-DPI] Read 8 bytes from 0x8000db58
# [SimX-DPI] Read 8 bytes from 0x8000db60
# [SimX-DPI] Read 8 bytes from 0x8000db68
# [SimX-DPI] Read 8 bytes from 0x8000db70
# [SimX-DPI] Read 8 bytes from 0x8000db78
# [SimX-DPI] Read 8 bytes from 0x8000db80
# [SimX-DPI] Read 8 bytes from 0x8000db88
# [SimX-DPI] Read 8 bytes from 0x8000db90
# [SimX-DPI] Read 8 bytes from 0x8000db98
# [SimX-DPI] Read 8 bytes from 0x8000dba0
# [SimX-DPI] Read 8 bytes from 0x8000dba8
# [SimX-DPI] Read 8 bytes from 0x8000dbb0
# [SimX-DPI] Read 8 bytes from 0x8000dbb8
# [SimX-DPI] Read 8 bytes from 0x8000dbc0
# [SimX-DPI] Read 8 bytes from 0x8000dbc8
# [SimX-DPI] Read 8 bytes from 0x8000dbd0
# [SimX-DPI] Read 8 bytes from 0x8000dbd8
# [SimX-DPI] Read 8 bytes from 0x8000dbe0
# [SimX-DPI] Read 8 bytes from 0x8000dbe8
# [SimX-DPI] Read 8 bytes from 0x8000dbf0
# [SimX-DPI] Read 8 bytes from 0x8000dbf8
# [SimX-DPI] Read 8 bytes from 0x8000dc00
# [SimX-DPI] Read 8 bytes from 0x8000dc08
# [SimX-DPI] Read 8 bytes from 0x8000dc10
# [SimX-DPI] Read 8 bytes from 0x8000dc18
# [SimX-DPI] Read 8 bytes from 0x8000dc20
# [SimX-DPI] Read 8 bytes from 0x8000dc28
# [SimX-DPI] Read 8 bytes from 0x8000dc30
# [SimX-DPI] Read 8 bytes from 0x8000dc38
# [SimX-DPI] Read 8 bytes from 0x8000dc40
# [SimX-DPI] Read 8 bytes from 0x8000dc48
# [SimX-DPI] Read 8 bytes from 0x8000dc50
# [SimX-DPI] Read 8 bytes from 0x8000dc58
# [SimX-DPI] Read 8 bytes from 0x8000dc60
# [SimX-DPI] Read 8 bytes from 0x8000dc68
# [SimX-DPI] Read 8 bytes from 0x8000dc70
# [SimX-DPI] Read 8 bytes from 0x8000dc78
# [SimX-DPI] Read 8 bytes from 0x8000dc80
# [SimX-DPI] Read 8 bytes from 0x8000dc88
# [SimX-DPI] Read 8 bytes from 0x8000dc90
# [SimX-DPI] Read 8 bytes from 0x8000dc98
# [SimX-DPI] Read 8 bytes from 0x8000dca0
# [SimX-DPI] Read 8 bytes from 0x8000dca8
# [SimX-DPI] Read 8 bytes from 0x8000dcb0
# [SimX-DPI] Read 8 bytes from 0x8000dcb8
# [SimX-DPI] Read 8 bytes from 0x8000dcc0
# [SimX-DPI] Read 8 bytes from 0x8000dcc8
# [SimX-DPI] Read 8 bytes from 0x8000dcd0
# [SimX-DPI] Read 8 bytes from 0x8000dcd8
# [SimX-DPI] Read 8 bytes from 0x8000dce0
# [SimX-DPI] Read 8 bytes from 0x8000dce8
# [SimX-DPI] Read 8 bytes from 0x8000dcf0
# [SimX-DPI] Read 8 bytes from 0x8000dcf8
# [SimX-DPI] Read 8 bytes from 0x8000dd00
# [SimX-DPI] Read 8 bytes from 0x8000dd08
# [SimX-DPI] Read 8 bytes from 0x8000dd10
# [SimX-DPI] Read 8 bytes from 0x8000dd18
# [SimX-DPI] Read 8 bytes from 0x8000dd20
# [SimX-DPI] Read 8 bytes from 0x8000dd28
# [SimX-DPI] Read 8 bytes from 0x8000dd30
# [SimX-DPI] Read 8 bytes from 0x8000dd38
# [SimX-DPI] Read 8 bytes from 0x8000dd40
# [SimX-DPI] Read 8 bytes from 0x8000dd48
# [SimX-DPI] Read 8 bytes from 0x8000dd50
# [SimX-DPI] Read 8 bytes from 0x8000dd58
# [SimX-DPI] Read 8 bytes from 0x8000dd60
# [SimX-DPI] Read 8 bytes from 0x8000dd68
# [SimX-DPI] Read 8 bytes from 0x8000dd70
# [SimX-DPI] Read 8 bytes from 0x8000dd78
# [SimX-DPI] Read 8 bytes from 0x8000dd80
# [SimX-DPI] Read 8 bytes from 0x8000dd88
# [SimX-DPI] Read 8 bytes from 0x8000dd90
# [SimX-DPI] Read 8 bytes from 0x8000dd98
# [SimX-DPI] Read 8 bytes from 0x8000dda0
# [SimX-DPI] Read 8 bytes from 0x8000dda8
# [SimX-DPI] Read 8 bytes from 0x8000ddb0
# [SimX-DPI] Read 8 bytes from 0x8000ddb8
# [SimX-DPI] Read 8 bytes from 0x8000ddc0
# [SimX-DPI] Read 8 bytes from 0x8000ddc8
# [SimX-DPI] Read 8 bytes from 0x8000ddd0
# [SimX-DPI] Read 8 bytes from 0x8000ddd8
# [SimX-DPI] Read 8 bytes from 0x8000dde0
# [SimX-DPI] Read 8 bytes from 0x8000dde8
# [SimX-DPI] Read 8 bytes from 0x8000ddf0
# [SimX-DPI] Read 8 bytes from 0x8000ddf8
# [SimX-DPI] Read 8 bytes from 0x8000de00
# [SimX-DPI] Read 8 bytes from 0x8000de08
# [SimX-DPI] Read 8 bytes from 0x8000de10
# [SimX-DPI] Read 8 bytes from 0x8000de18
# [SimX-DPI] Read 8 bytes from 0x8000de20
# [SimX-DPI] Read 8 bytes from 0x8000de28
# [SimX-DPI] Read 8 bytes from 0x8000de30
# [SimX-DPI] Read 8 bytes from 0x8000de38
# [SimX-DPI] Read 8 bytes from 0x8000de40
# [SimX-DPI] Read 8 bytes from 0x8000de48
# [SimX-DPI] Read 8 bytes from 0x8000de50
# [SimX-DPI] Read 8 bytes from 0x8000de58
# [SimX-DPI] Read 8 bytes from 0x8000de60
# [SimX-DPI] Read 8 bytes from 0x8000de68
# [SimX-DPI] Read 8 bytes from 0x8000de70
# [SimX-DPI] Read 8 bytes from 0x8000de78
# [SimX-DPI] Read 8 bytes from 0x8000de80
# [SimX-DPI] Read 8 bytes from 0x8000de88
# [SimX-DPI] Read 8 bytes from 0x8000de90
# [SimX-DPI] Read 8 bytes from 0x8000de98
# [SimX-DPI] Read 8 bytes from 0x8000dea0
# [SimX-DPI] Read 8 bytes from 0x8000dea8
# [SimX-DPI] Read 8 bytes from 0x8000deb0
# [SimX-DPI] Read 8 bytes from 0x8000deb8
# [SimX-DPI] Read 8 bytes from 0x8000dec0
# [SimX-DPI] Read 8 bytes from 0x8000dec8
# [SimX-DPI] Read 8 bytes from 0x8000ded0
# [SimX-DPI] Read 8 bytes from 0x8000ded8
# [SimX-DPI] Read 8 bytes from 0x8000dee0
# [SimX-DPI] Read 8 bytes from 0x8000dee8
# [SimX-DPI] Read 8 bytes from 0x8000def0
# [SimX-DPI] Read 8 bytes from 0x8000def8
# [SimX-DPI] Read 8 bytes from 0x8000df00
# [SimX-DPI] Read 8 bytes from 0x8000df08
# [SimX-DPI] Read 8 bytes from 0x8000df10
# [SimX-DPI] Read 8 bytes from 0x8000df18
# [SimX-DPI] Read 8 bytes from 0x8000df20
# [SimX-DPI] Read 8 bytes from 0x8000df28
# [SimX-DPI] Read 8 bytes from 0x8000df30
# [SimX-DPI] Read 8 bytes from 0x8000df38
# [SimX-DPI] Read 8 bytes from 0x8000df40
# [SimX-DPI] Read 8 bytes from 0x8000df48
# [SimX-DPI] Read 8 bytes from 0x8000df50
# [SimX-DPI] Read 8 bytes from 0x8000df58
# [SimX-DPI] Read 8 bytes from 0x8000df60
# [SimX-DPI] Read 8 bytes from 0x8000df68
# [SimX-DPI] Read 8 bytes from 0x8000df70
# [SimX-DPI] Read 8 bytes from 0x8000df78
# [SimX-DPI] Read 8 bytes from 0x8000df80
# [SimX-DPI] Read 8 bytes from 0x8000df88
# [SimX-DPI] Read 8 bytes from 0x8000df90
# [SimX-DPI] Read 8 bytes from 0x8000df98
# [SimX-DPI] Read 8 bytes from 0x8000dfa0
# [SimX-DPI] Read 8 bytes from 0x8000dfa8
# [SimX-DPI] Read 8 bytes from 0x8000dfb0
# [SimX-DPI] Read 8 bytes from 0x8000dfb8
# [SimX-DPI] Read 8 bytes from 0x8000dfc0
# [SimX-DPI] Read 8 bytes from 0x8000dfc8
# [SimX-DPI] Read 8 bytes from 0x8000dfd0
# [SimX-DPI] Read 8 bytes from 0x8000dfd8
# [SimX-DPI] Read 8 bytes from 0x8000dfe0
# [SimX-DPI] Read 8 bytes from 0x8000dfe8
# [SimX-DPI] Read 8 bytes from 0x8000dff0
# [SimX-DPI] Read 8 bytes from 0x8000dff8
# [SimX-DPI] Read 8 bytes from 0x8000e000
# [SimX-DPI] Read 8 bytes from 0x8000e008
# [SimX-DPI] Read 8 bytes from 0x8000e010
# [SimX-DPI] Read 8 bytes from 0x8000e018
# [SimX-DPI] Read 8 bytes from 0x8000e020
# [SimX-DPI] Read 8 bytes from 0x8000e028
# [SimX-DPI] Read 8 bytes from 0x8000e030
# [SimX-DPI] Read 8 bytes from 0x8000e038
# [SimX-DPI] Read 8 bytes from 0x8000e040
# [SimX-DPI] Read 8 bytes from 0x8000e048
# [SimX-DPI] Read 8 bytes from 0x8000e050
# [SimX-DPI] Read 8 bytes from 0x8000e058
# [SimX-DPI] Read 8 bytes from 0x8000e060
# [SimX-DPI] Read 8 bytes from 0x8000e068
# [SimX-DPI] Read 8 bytes from 0x8000e070
# [SimX-DPI] Read 8 bytes from 0x8000e078
# [SimX-DPI] Read 8 bytes from 0x8000e080
# [SimX-DPI] Read 8 bytes from 0x8000e088
# [SimX-DPI] Read 8 bytes from 0x8000e090
# [SimX-DPI] Read 8 bytes from 0x8000e098
# [SimX-DPI] Read 8 bytes from 0x8000e0a0
# [SimX-DPI] Read 8 bytes from 0x8000e0a8
# [SimX-DPI] Read 8 bytes from 0x8000e0b0
# [SimX-DPI] Read 8 bytes from 0x8000e0b8
# [SimX-DPI] Read 8 bytes from 0x8000e0c0
# [SimX-DPI] Read 8 bytes from 0x8000e0c8
# [SimX-DPI] Read 8 bytes from 0x8000e0d0
# [SimX-DPI] Read 8 bytes from 0x8000e0d8
# [SimX-DPI] Read 8 bytes from 0x8000e0e0
# [SimX-DPI] Read 8 bytes from 0x8000e0e8
# [SimX-DPI] Read 8 bytes from 0x8000e0f0
# [SimX-DPI] Read 8 bytes from 0x8000e0f8
# [SimX-DPI] Read 8 bytes from 0x8000e100
# [SimX-DPI] Read 8 bytes from 0x8000e108
# [SimX-DPI] Read 8 bytes from 0x8000e110
# [SimX-DPI] Read 8 bytes from 0x8000e118
# [SimX-DPI] Read 8 bytes from 0x8000e120
# [SimX-DPI] Read 8 bytes from 0x8000e128
# [SimX-DPI] Read 8 bytes from 0x8000e130
# [SimX-DPI] Read 8 bytes from 0x8000e138
# [SimX-DPI] Read 8 bytes from 0x8000e140
# [SimX-DPI] Read 8 bytes from 0x8000e148
# [SimX-DPI] Read 8 bytes from 0x8000e150
# [SimX-DPI] Read 8 bytes from 0x8000e158
# [SimX-DPI] Read 8 bytes from 0x8000e160
# [SimX-DPI] Read 8 bytes from 0x8000e168
# [SimX-DPI] Read 8 bytes from 0x8000e170
# [SimX-DPI] Read 8 bytes from 0x8000e178
# [SimX-DPI] Read 8 bytes from 0x8000e180
# [SimX-DPI] Read 8 bytes from 0x8000e188
# [SimX-DPI] Read 8 bytes from 0x8000e190
# [SimX-DPI] Read 8 bytes from 0x8000e198
# [SimX-DPI] Read 8 bytes from 0x8000e1a0
# [SimX-DPI] Read 8 bytes from 0x8000e1a8
# [SimX-DPI] Read 8 bytes from 0x8000e1b0
# [SimX-DPI] Read 8 bytes from 0x8000e1b8
# [SimX-DPI] Read 8 bytes from 0x8000e1c0
# [SimX-DPI] Read 8 bytes from 0x8000e1c8
# [SimX-DPI] Read 8 bytes from 0x8000e1d0
# [SimX-DPI] Read 8 bytes from 0x8000e1d8
# [SimX-DPI] Read 8 bytes from 0x8000e1e0
# [SimX-DPI] Read 8 bytes from 0x8000e1e8
# [SimX-DPI] Read 8 bytes from 0x8000e1f0
# [SimX-DPI] Read 8 bytes from 0x8000e1f8
# [SimX-DPI] Read 8 bytes from 0x8000e200
# [SimX-DPI] Read 8 bytes from 0x8000e208
# [SimX-DPI] Read 8 bytes from 0x8000e210
# [SimX-DPI] Read 8 bytes from 0x8000e218
# [SimX-DPI] Read 8 bytes from 0x8000e220
# [SimX-DPI] Read 8 bytes from 0x8000e228
# [SimX-DPI] Read 8 bytes from 0x8000e230
# [SimX-DPI] Read 8 bytes from 0x8000e238
# [SimX-DPI] Read 8 bytes from 0x8000e240
# [SimX-DPI] Read 8 bytes from 0x8000e248
# [SimX-DPI] Read 8 bytes from 0x8000e250
# [SimX-DPI] Read 8 bytes from 0x8000e258
# [SimX-DPI] Read 8 bytes from 0x8000e260
# [SimX-DPI] Read 8 bytes from 0x8000e268
# [SimX-DPI] Read 8 bytes from 0x8000e270
# [SimX-DPI] Read 8 bytes from 0x8000e278
# [SimX-DPI] Read 8 bytes from 0x8000e280
# [SimX-DPI] Read 8 bytes from 0x8000e288
# [SimX-DPI] Read 8 bytes from 0x8000e290
# [SimX-DPI] Read 8 bytes from 0x8000e298
# [SimX-DPI] Read 8 bytes from 0x8000e2a0
# [SimX-DPI] Read 8 bytes from 0x8000e2a8
# [SimX-DPI] Read 8 bytes from 0x8000e2b0
# [SimX-DPI] Read 8 bytes from 0x8000e2b8
# [SimX-DPI] Read 8 bytes from 0x8000e2c0
# [SimX-DPI] Read 8 bytes from 0x8000e2c8
# [SimX-DPI] Read 8 bytes from 0x8000e2d0
# [SimX-DPI] Read 8 bytes from 0x8000e2d8
# [SimX-DPI] Read 8 bytes from 0x8000e2e0
# [SimX-DPI] Read 8 bytes from 0x8000e2e8
# [SimX-DPI] Read 8 bytes from 0x8000e2f0
# [SimX-DPI] Read 8 bytes from 0x8000e2f8
# [SimX-DPI] Read 8 bytes from 0x8000e300
# [SimX-DPI] Read 8 bytes from 0x8000e308
# [SimX-DPI] Read 8 bytes from 0x8000e310
# [SimX-DPI] Read 8 bytes from 0x8000e318
# [SimX-DPI] Read 8 bytes from 0x8000e320
# [SimX-DPI] Read 8 bytes from 0x8000e328
# [SimX-DPI] Read 8 bytes from 0x8000e330
# [SimX-DPI] Read 8 bytes from 0x8000e338
# [SimX-DPI] Read 8 bytes from 0x8000e340
# [SimX-DPI] Read 8 bytes from 0x8000e348
# [SimX-DPI] Read 8 bytes from 0x8000e350
# [SimX-DPI] Read 8 bytes from 0x8000e358
# [SimX-DPI] Read 8 bytes from 0x8000e360
# [SimX-DPI] Read 8 bytes from 0x8000e368
# [SimX-DPI] Read 8 bytes from 0x8000e370
# [SimX-DPI] Read 8 bytes from 0x8000e378
# [SimX-DPI] Read 8 bytes from 0x8000e380
# [SimX-DPI] Read 8 bytes from 0x8000e388
# [SimX-DPI] Read 8 bytes from 0x8000e390
# [SimX-DPI] Read 8 bytes from 0x8000e398
# [SimX-DPI] Read 8 bytes from 0x8000e3a0
# [SimX-DPI] Read 8 bytes from 0x8000e3a8
# [SimX-DPI] Read 8 bytes from 0x8000e3b0
# [SimX-DPI] Read 8 bytes from 0x8000e3b8
# [SimX-DPI] Read 8 bytes from 0x8000e3c0
# [SimX-DPI] Read 8 bytes from 0x8000e3c8
# [SimX-DPI] Read 8 bytes from 0x8000e3d0
# [SimX-DPI] Read 8 bytes from 0x8000e3d8
# [SimX-DPI] Read 8 bytes from 0x8000e3e0
# [SimX-DPI] Read 8 bytes from 0x8000e3e8
# [SimX-DPI] Read 8 bytes from 0x8000e3f0
# [SimX-DPI] Read 8 bytes from 0x8000e3f8
# [SimX-DPI] Read 8 bytes from 0x8000e400
# [SimX-DPI] Read 8 bytes from 0x8000e408
# [SimX-DPI] Read 8 bytes from 0x8000e410
# [SimX-DPI] Read 8 bytes from 0x8000e418
# [SimX-DPI] Read 8 bytes from 0x8000e420
# [SimX-DPI] Read 8 bytes from 0x8000e428
# [SimX-DPI] Read 8 bytes from 0x8000e430
# [SimX-DPI] Read 8 bytes from 0x8000e438
# [SimX-DPI] Read 8 bytes from 0x8000e440
# [SimX-DPI] Read 8 bytes from 0x8000e448
# [SimX-DPI] Read 8 bytes from 0x8000e450
# [SimX-DPI] Read 8 bytes from 0x8000e458
# [SimX-DPI] Read 8 bytes from 0x8000e460
# [SimX-DPI] Read 8 bytes from 0x8000e468
# [SimX-DPI] Read 8 bytes from 0x8000e470
# [SimX-DPI] Read 8 bytes from 0x8000e478
# [SimX-DPI] Read 8 bytes from 0x8000e480
# [SimX-DPI] Read 8 bytes from 0x8000e488
# [SimX-DPI] Read 8 bytes from 0x8000e490
# [SimX-DPI] Read 8 bytes from 0x8000e498
# [SimX-DPI] Read 8 bytes from 0x8000e4a0
# [SimX-DPI] Read 8 bytes from 0x8000e4a8
# [SimX-DPI] Read 8 bytes from 0x8000e4b0
# [SimX-DPI] Read 8 bytes from 0x8000e4b8
# [SimX-DPI] Read 8 bytes from 0x8000e4c0
# [SimX-DPI] Read 8 bytes from 0x8000e4c8
# [SimX-DPI] Read 8 bytes from 0x8000e4d0
# [SimX-DPI] Read 8 bytes from 0x8000e4d8
# [SimX-DPI] Read 8 bytes from 0x8000e4e0
# [SimX-DPI] Read 8 bytes from 0x8000e4e8
# [SimX-DPI] Read 8 bytes from 0x8000e4f0
# [SimX-DPI] Read 8 bytes from 0x8000e4f8
# [SimX-DPI] Read 8 bytes from 0x8000e500
# [SimX-DPI] Read 8 bytes from 0x8000e508
# [SimX-DPI] Read 8 bytes from 0x8000e510
# [SimX-DPI] Read 8 bytes from 0x8000e518
# [SimX-DPI] Read 8 bytes from 0x8000e520
# [SimX-DPI] Read 8 bytes from 0x8000e528
# [SimX-DPI] Read 8 bytes from 0x8000e530
# [SimX-DPI] Read 8 bytes from 0x8000e538
# [SimX-DPI] Read 8 bytes from 0x8000e540
# [SimX-DPI] Read 8 bytes from 0x8000e548
# [SimX-DPI] Read 8 bytes from 0x8000e550
# [SimX-DPI] Read 8 bytes from 0x8000e558
# [SimX-DPI] Read 8 bytes from 0x8000e560
# [SimX-DPI] Read 8 bytes from 0x8000e568
# [SimX-DPI] Read 8 bytes from 0x8000e570
# [SimX-DPI] Read 8 bytes from 0x8000e578
# [SimX-DPI] Read 8 bytes from 0x8000e580
# [SimX-DPI] Read 8 bytes from 0x8000e588
# [SimX-DPI] Read 8 bytes from 0x8000e590
# [SimX-DPI] Read 8 bytes from 0x8000e598
# [SimX-DPI] Read 8 bytes from 0x8000e5a0
# [SimX-DPI] Read 8 bytes from 0x8000e5a8
# [SimX-DPI] Read 8 bytes from 0x8000e5b0
# [SimX-DPI] Read 8 bytes from 0x8000e5b8
# [SimX-DPI] Read 8 bytes from 0x8000e5c0
# [SimX-DPI] Read 8 bytes from 0x8000e5c8
# [SimX-DPI] Read 8 bytes from 0x8000e5d0
# [SimX-DPI] Read 8 bytes from 0x8000e5d8
# [SimX-DPI] Read 8 bytes from 0x8000e5e0
# [SimX-DPI] Read 8 bytes from 0x8000e5e8
# [SimX-DPI] Read 8 bytes from 0x8000e5f0
# [SimX-DPI] Read 8 bytes from 0x8000e5f8
# [SimX-DPI] Read 8 bytes from 0x8000e600
# [SimX-DPI] Read 8 bytes from 0x8000e608
# [SimX-DPI] Read 8 bytes from 0x8000e610
# [SimX-DPI] Read 8 bytes from 0x8000e618
# [SimX-DPI] Read 8 bytes from 0x8000e620
# [SimX-DPI] Read 8 bytes from 0x8000e628
# [SimX-DPI] Read 8 bytes from 0x8000e630
# [SimX-DPI] Read 8 bytes from 0x8000e638
# [SimX-DPI] Read 8 bytes from 0x8000e640
# [SimX-DPI] Read 8 bytes from 0x8000e648
# [SimX-DPI] Read 8 bytes from 0x8000e650
# [SimX-DPI] Read 8 bytes from 0x8000e658
# [SimX-DPI] Read 8 bytes from 0x8000e660
# [SimX-DPI] Read 8 bytes from 0x8000e668
# [SimX-DPI] Read 8 bytes from 0x8000e670
# [SimX-DPI] Read 8 bytes from 0x8000e678
# [SimX-DPI] Read 8 bytes from 0x8000e680
# [SimX-DPI] Read 8 bytes from 0x8000e688
# [SimX-DPI] Read 8 bytes from 0x8000e690
# [SimX-DPI] Read 8 bytes from 0x8000e698
# [SimX-DPI] Read 8 bytes from 0x8000e6a0
# [SimX-DPI] Read 8 bytes from 0x8000e6a8
# [SimX-DPI] Read 8 bytes from 0x8000e6b0
# [SimX-DPI] Read 8 bytes from 0x8000e6b8
# [SimX-DPI] Read 8 bytes from 0x8000e6c0
# [SimX-DPI] Read 8 bytes from 0x8000e6c8
# [SimX-DPI] Read 8 bytes from 0x8000e6d0
# [SimX-DPI] Read 8 bytes from 0x8000e6d8
# [SimX-DPI] Read 8 bytes from 0x8000e6e0
# [SimX-DPI] Read 8 bytes from 0x8000e6e8
# [SimX-DPI] Read 8 bytes from 0x8000e6f0
# [SimX-DPI] Read 8 bytes from 0x8000e6f8
# [SimX-DPI] Read 8 bytes from 0x8000e700
# [SimX-DPI] Read 8 bytes from 0x8000e708
# [SimX-DPI] Read 8 bytes from 0x8000e710
# [SimX-DPI] Read 8 bytes from 0x8000e718
# [SimX-DPI] Read 8 bytes from 0x8000e720
# [SimX-DPI] Read 8 bytes from 0x8000e728
# [SimX-DPI] Read 8 bytes from 0x8000e730
# [SimX-DPI] Read 8 bytes from 0x8000e738
# [SimX-DPI] Read 8 bytes from 0x8000e740
# [SimX-DPI] Read 8 bytes from 0x8000e748
# [SimX-DPI] Read 8 bytes from 0x8000e750
# [SimX-DPI] Read 8 bytes from 0x8000e758
# [SimX-DPI] Read 8 bytes from 0x8000e760
# [SimX-DPI] Read 8 bytes from 0x8000e768
# [SimX-DPI] Read 8 bytes from 0x8000e770
# [SimX-DPI] Read 8 bytes from 0x8000e778
# [SimX-DPI] Read 8 bytes from 0x8000e780
# [SimX-DPI] Read 8 bytes from 0x8000e788
# [SimX-DPI] Read 8 bytes from 0x8000e790
# [SimX-DPI] Read 8 bytes from 0x8000e798
# [SimX-DPI] Read 8 bytes from 0x8000e7a0
# [SimX-DPI] Read 8 bytes from 0x8000e7a8
# [SimX-DPI] Read 8 bytes from 0x8000e7b0
# [SimX-DPI] Read 8 bytes from 0x8000e7b8
# [SimX-DPI] Read 8 bytes from 0x8000e7c0
# [SimX-DPI] Read 8 bytes from 0x8000e7c8
# [SimX-DPI] Read 8 bytes from 0x8000e7d0
# [SimX-DPI] Read 8 bytes from 0x8000e7d8
# [SimX-DPI] Read 8 bytes from 0x8000e7e0
# [SimX-DPI] Read 8 bytes from 0x8000e7e8
# [SimX-DPI] Read 8 bytes from 0x8000e7f0
# [SimX-DPI] Read 8 bytes from 0x8000e7f8
# [SimX-DPI] Read 8 bytes from 0x8000e800
# [SimX-DPI] Read 8 bytes from 0x8000e808
# [SimX-DPI] Read 8 bytes from 0x8000e810
# [SimX-DPI] Read 8 bytes from 0x8000e818
# [SimX-DPI] Read 8 bytes from 0x8000e820
# [SimX-DPI] Read 8 bytes from 0x8000e828
# [SimX-DPI] Read 8 bytes from 0x8000e830
# [SimX-DPI] Read 8 bytes from 0x8000e838
# [SimX-DPI] Read 8 bytes from 0x8000e840
# [SimX-DPI] Read 8 bytes from 0x8000e848
# [SimX-DPI] Read 8 bytes from 0x8000e850
# [SimX-DPI] Read 8 bytes from 0x8000e858
# [SimX-DPI] Read 8 bytes from 0x8000e860
# [SimX-DPI] Read 8 bytes from 0x8000e868
# [SimX-DPI] Read 8 bytes from 0x8000e870
# [SimX-DPI] Read 8 bytes from 0x8000e878
# [SimX-DPI] Read 8 bytes from 0x8000e880
# [SimX-DPI] Read 8 bytes from 0x8000e888
# [SimX-DPI] Read 8 bytes from 0x8000e890
# [SimX-DPI] Read 8 bytes from 0x8000e898
# [SimX-DPI] Read 8 bytes from 0x8000e8a0
# [SimX-DPI] Read 8 bytes from 0x8000e8a8
# [SimX-DPI] Read 8 bytes from 0x8000e8b0
# [SimX-DPI] Read 8 bytes from 0x8000e8b8
# [SimX-DPI] Read 8 bytes from 0x8000e8c0
# [SimX-DPI] Read 8 bytes from 0x8000e8c8
# [SimX-DPI] Read 8 bytes from 0x8000e8d0
# [SimX-DPI] Read 8 bytes from 0x8000e8d8
# [SimX-DPI] Read 8 bytes from 0x8000e8e0
# [SimX-DPI] Read 8 bytes from 0x8000e8e8
# [SimX-DPI] Read 8 bytes from 0x8000e8f0
# [SimX-DPI] Read 8 bytes from 0x8000e8f8
# [SimX-DPI] Read 8 bytes from 0x8000e900
# [SimX-DPI] Read 8 bytes from 0x8000e908
# [SimX-DPI] Read 8 bytes from 0x8000e910
# [SimX-DPI] Read 8 bytes from 0x8000e918
# [SimX-DPI] Read 8 bytes from 0x8000e920
# [SimX-DPI] Read 8 bytes from 0x8000e928
# [SimX-DPI] Read 8 bytes from 0x8000e930
# [SimX-DPI] Read 8 bytes from 0x8000e938
# [SimX-DPI] Read 8 bytes from 0x8000e940
# [SimX-DPI] Read 8 bytes from 0x8000e948
# [SimX-DPI] Read 8 bytes from 0x8000e950
# [SimX-DPI] Read 8 bytes from 0x8000e958
# [SimX-DPI] Read 8 bytes from 0x8000e960
# [SimX-DPI] Read 8 bytes from 0x8000e968
# [SimX-DPI] Read 8 bytes from 0x8000e970
# [SimX-DPI] Read 8 bytes from 0x8000e978
# [SimX-DPI] Read 8 bytes from 0x8000e980
# [SimX-DPI] Read 8 bytes from 0x8000e988
# [SimX-DPI] Read 8 bytes from 0x8000e990
# [SimX-DPI] Read 8 bytes from 0x8000e998
# [SimX-DPI] Read 8 bytes from 0x8000e9a0
# [SimX-DPI] Read 8 bytes from 0x8000e9a8
# [SimX-DPI] Read 8 bytes from 0x8000e9b0
# [SimX-DPI] Read 8 bytes from 0x8000e9b8
# [SimX-DPI] Read 8 bytes from 0x8000e9c0
# [SimX-DPI] Read 8 bytes from 0x8000e9c8
# [SimX-DPI] Read 8 bytes from 0x8000e9d0
# [SimX-DPI] Read 8 bytes from 0x8000e9d8
# [SimX-DPI] Read 8 bytes from 0x8000e9e0
# [SimX-DPI] Read 8 bytes from 0x8000e9e8
# [SimX-DPI] Read 8 bytes from 0x8000e9f0
# [SimX-DPI] Read 8 bytes from 0x8000e9f8
# [SimX-DPI] Read 8 bytes from 0x8000ea00
# [SimX-DPI] Read 8 bytes from 0x8000ea08
# [SimX-DPI] Read 8 bytes from 0x8000ea10
# [SimX-DPI] Read 8 bytes from 0x8000ea18
# [SimX-DPI] Read 8 bytes from 0x8000ea20
# [SimX-DPI] Read 8 bytes from 0x8000ea28
# [SimX-DPI] Read 8 bytes from 0x8000ea30
# [SimX-DPI] Read 8 bytes from 0x8000ea38
# [SimX-DPI] Read 8 bytes from 0x8000ea40
# [SimX-DPI] Read 8 bytes from 0x8000ea48
# [SimX-DPI] Read 8 bytes from 0x8000ea50
# [SimX-DPI] Read 8 bytes from 0x8000ea58
# [SimX-DPI] Read 8 bytes from 0x8000ea60
# [SimX-DPI] Read 8 bytes from 0x8000ea68
# [SimX-DPI] Read 8 bytes from 0x8000ea70
# [SimX-DPI] Read 8 bytes from 0x8000ea78
# [SimX-DPI] Read 8 bytes from 0x8000ea80
# [SimX-DPI] Read 8 bytes from 0x8000ea88
# [SimX-DPI] Read 8 bytes from 0x8000ea90
# [SimX-DPI] Read 8 bytes from 0x8000ea98
# [SimX-DPI] Read 8 bytes from 0x8000eaa0
# [SimX-DPI] Read 8 bytes from 0x8000eaa8
# [SimX-DPI] Read 8 bytes from 0x8000eab0
# [SimX-DPI] Read 8 bytes from 0x8000eab8
# [SimX-DPI] Read 8 bytes from 0x8000eac0
# [SimX-DPI] Read 8 bytes from 0x8000eac8
# [SimX-DPI] Read 8 bytes from 0x8000ead0
# [SimX-DPI] Read 8 bytes from 0x8000ead8
# [SimX-DPI] Read 8 bytes from 0x8000eae0
# [SimX-DPI] Read 8 bytes from 0x8000eae8
# [SimX-DPI] Read 8 bytes from 0x8000eaf0
# [SimX-DPI] Read 8 bytes from 0x8000eaf8
# [SimX-DPI] Read 8 bytes from 0x8000eb00
# [SimX-DPI] Read 8 bytes from 0x8000eb08
# [SimX-DPI] Read 8 bytes from 0x8000eb10
# [SimX-DPI] Read 8 bytes from 0x8000eb18
# [SimX-DPI] Read 8 bytes from 0x8000eb20
# [SimX-DPI] Read 8 bytes from 0x8000eb28
# [SimX-DPI] Read 8 bytes from 0x8000eb30
# [SimX-DPI] Read 8 bytes from 0x8000eb38
# [SimX-DPI] Read 8 bytes from 0x8000eb40
# [SimX-DPI] Read 8 bytes from 0x8000eb48
# [SimX-DPI] Read 8 bytes from 0x8000eb50
# [SimX-DPI] Read 8 bytes from 0x8000eb58
# [SimX-DPI] Read 8 bytes from 0x8000eb60
# [SimX-DPI] Read 8 bytes from 0x8000eb68
# [SimX-DPI] Read 8 bytes from 0x8000eb70
# [SimX-DPI] Read 8 bytes from 0x8000eb78
# [SimX-DPI] Read 8 bytes from 0x8000eb80
# [SimX-DPI] Read 8 bytes from 0x8000eb88
# [SimX-DPI] Read 8 bytes from 0x8000eb90
# [SimX-DPI] Read 8 bytes from 0x8000eb98
# [SimX-DPI] Read 8 bytes from 0x8000eba0
# [SimX-DPI] Read 8 bytes from 0x8000eba8
# [SimX-DPI] Read 8 bytes from 0x8000ebb0
# [SimX-DPI] Read 8 bytes from 0x8000ebb8
# [SimX-DPI] Read 8 bytes from 0x8000ebc0
# [SimX-DPI] Read 8 bytes from 0x8000ebc8
# [SimX-DPI] Read 8 bytes from 0x8000ebd0
# [SimX-DPI] Read 8 bytes from 0x8000ebd8
# [SimX-DPI] Read 8 bytes from 0x8000ebe0
# [SimX-DPI] Read 8 bytes from 0x8000ebe8
# [SimX-DPI] Read 8 bytes from 0x8000ebf0
# [SimX-DPI] Read 8 bytes from 0x8000ebf8
# [SimX-DPI] Read 8 bytes from 0x8000ec00
# [SimX-DPI] Read 8 bytes from 0x8000ec08
# [SimX-DPI] Read 8 bytes from 0x8000ec10
# [SimX-DPI] Read 8 bytes from 0x8000ec18
# [SimX-DPI] Read 8 bytes from 0x8000ec20
# [SimX-DPI] Read 8 bytes from 0x8000ec28
# [SimX-DPI] Read 8 bytes from 0x8000ec30
# [SimX-DPI] Read 8 bytes from 0x8000ec38
# [SimX-DPI] Read 8 bytes from 0x8000ec40
# [SimX-DPI] Read 8 bytes from 0x8000ec48
# [SimX-DPI] Read 8 bytes from 0x8000ec50
# [SimX-DPI] Read 8 bytes from 0x8000ec58
# [SimX-DPI] Read 8 bytes from 0x8000ec60
# [SimX-DPI] Read 8 bytes from 0x8000ec68
# [SimX-DPI] Read 8 bytes from 0x8000ec70
# [SimX-DPI] Read 8 bytes from 0x8000ec78
# [SimX-DPI] Read 8 bytes from 0x8000ec80
# [SimX-DPI] Read 8 bytes from 0x8000ec88
# [SimX-DPI] Read 8 bytes from 0x8000ec90
# [SimX-DPI] Read 8 bytes from 0x8000ec98
# [SimX-DPI] Read 8 bytes from 0x8000eca0
# [SimX-DPI] Read 8 bytes from 0x8000eca8
# [SimX-DPI] Read 8 bytes from 0x8000ecb0
# [SimX-DPI] Read 8 bytes from 0x8000ecb8
# [SimX-DPI] Read 8 bytes from 0x8000ecc0
# [SimX-DPI] Read 8 bytes from 0x8000ecc8
# [SimX-DPI] Read 8 bytes from 0x8000ecd0
# [SimX-DPI] Read 8 bytes from 0x8000ecd8
# [SimX-DPI] Read 8 bytes from 0x8000ece0
# [SimX-DPI] Read 8 bytes from 0x8000ece8
# [SimX-DPI] Read 8 bytes from 0x8000ecf0
# [SimX-DPI] Read 8 bytes from 0x8000ecf8
# [SimX-DPI] Read 8 bytes from 0x8000ed00
# [SimX-DPI] Read 8 bytes from 0x8000ed08
# [SimX-DPI] Read 8 bytes from 0x8000ed10
# [SimX-DPI] Read 8 bytes from 0x8000ed18
# [SimX-DPI] Read 8 bytes from 0x8000ed20
# [SimX-DPI] Read 8 bytes from 0x8000ed28
# [SimX-DPI] Read 8 bytes from 0x8000ed30
# [SimX-DPI] Read 8 bytes from 0x8000ed38
# [SimX-DPI] Read 8 bytes from 0x8000ed40
# [SimX-DPI] Read 8 bytes from 0x8000ed48
# [SimX-DPI] Read 8 bytes from 0x8000ed50
# [SimX-DPI] Read 8 bytes from 0x8000ed58
# [SimX-DPI] Read 8 bytes from 0x8000ed60
# [SimX-DPI] Read 8 bytes from 0x8000ed68
# [SimX-DPI] Read 8 bytes from 0x8000ed70
# [SimX-DPI] Read 8 bytes from 0x8000ed78
# [SimX-DPI] Read 8 bytes from 0x8000ed80
# [SimX-DPI] Read 8 bytes from 0x8000ed88
# [SimX-DPI] Read 8 bytes from 0x8000ed90
# [SimX-DPI] Read 8 bytes from 0x8000ed98
# [SimX-DPI] Read 8 bytes from 0x8000eda0
# [SimX-DPI] Read 8 bytes from 0x8000eda8
# [SimX-DPI] Read 8 bytes from 0x8000edb0
# [SimX-DPI] Read 8 bytes from 0x8000edb8
# [SimX-DPI] Read 8 bytes from 0x8000edc0
# [SimX-DPI] Read 8 bytes from 0x8000edc8
# [SimX-DPI] Read 8 bytes from 0x8000edd0
# [SimX-DPI] Read 8 bytes from 0x8000edd8
# [SimX-DPI] Read 8 bytes from 0x8000ede0
# [SimX-DPI] Read 8 bytes from 0x8000ede8
# [SimX-DPI] Read 8 bytes from 0x8000edf0
# [SimX-DPI] Read 8 bytes from 0x8000edf8
# [SimX-DPI] Read 8 bytes from 0x8000ee00
# [SimX-DPI] Read 8 bytes from 0x8000ee08
# [SimX-DPI] Read 8 bytes from 0x8000ee10
# [SimX-DPI] Read 8 bytes from 0x8000ee18
# [SimX-DPI] Read 8 bytes from 0x8000ee20
# [SimX-DPI] Read 8 bytes from 0x8000ee28
# [SimX-DPI] Read 8 bytes from 0x8000ee30
# [SimX-DPI] Read 8 bytes from 0x8000ee38
# [SimX-DPI] Read 8 bytes from 0x8000ee40
# [SimX-DPI] Read 8 bytes from 0x8000ee48
# [SimX-DPI] Read 8 bytes from 0x8000ee50
# [SimX-DPI] Read 8 bytes from 0x8000ee58
# [SimX-DPI] Read 8 bytes from 0x8000ee60
# [SimX-DPI] Read 8 bytes from 0x8000ee68
# [SimX-DPI] Read 8 bytes from 0x8000ee70
# [SimX-DPI] Read 8 bytes from 0x8000ee78
# [SimX-DPI] Read 8 bytes from 0x8000ee80
# [SimX-DPI] Read 8 bytes from 0x8000ee88
# [SimX-DPI] Read 8 bytes from 0x8000ee90
# [SimX-DPI] Read 8 bytes from 0x8000ee98
# [SimX-DPI] Read 8 bytes from 0x8000eea0
# [SimX-DPI] Read 8 bytes from 0x8000eea8
# [SimX-DPI] Read 8 bytes from 0x8000eeb0
# [SimX-DPI] Read 8 bytes from 0x8000eeb8
# [SimX-DPI] Read 8 bytes from 0x8000eec0
# [SimX-DPI] Read 8 bytes from 0x8000eec8
# [SimX-DPI] Read 8 bytes from 0x8000eed0
# [SimX-DPI] Read 8 bytes from 0x8000eed8
# [SimX-DPI] Read 8 bytes from 0x8000eee0
# [SimX-DPI] Read 8 bytes from 0x8000eee8
# [SimX-DPI] Read 8 bytes from 0x8000eef0
# [SimX-DPI] Read 8 bytes from 0x8000eef8
# [SimX-DPI] Read 8 bytes from 0x8000ef00
# [SimX-DPI] Read 8 bytes from 0x8000ef08
# [SimX-DPI] Read 8 bytes from 0x8000ef10
# [SimX-DPI] Read 8 bytes from 0x8000ef18
# [SimX-DPI] Read 8 bytes from 0x8000ef20
# [SimX-DPI] Read 8 bytes from 0x8000ef28
# [SimX-DPI] Read 8 bytes from 0x8000ef30
# [SimX-DPI] Read 8 bytes from 0x8000ef38
# [SimX-DPI] Read 8 bytes from 0x8000ef40
# [SimX-DPI] Read 8 bytes from 0x8000ef48
# [SimX-DPI] Read 8 bytes from 0x8000ef50
# [SimX-DPI] Read 8 bytes from 0x8000ef58
# [SimX-DPI] Read 8 bytes from 0x8000ef60
# [SimX-DPI] Read 8 bytes from 0x8000ef68
# [SimX-DPI] Read 8 bytes from 0x8000ef70
# [SimX-DPI] Read 8 bytes from 0x8000ef78
# [SimX-DPI] Read 8 bytes from 0x8000ef80
# [SimX-DPI] Read 8 bytes from 0x8000ef88
# [SimX-DPI] Read 8 bytes from 0x8000ef90
# [SimX-DPI] Read 8 bytes from 0x8000ef98
# [SimX-DPI] Read 8 bytes from 0x8000efa0
# [SimX-DPI] Read 8 bytes from 0x8000efa8
# [SimX-DPI] Read 8 bytes from 0x8000efb0
# [SimX-DPI] Read 8 bytes from 0x8000efb8
# [SimX-DPI] Read 8 bytes from 0x8000efc0
# [SimX-DPI] Read 8 bytes from 0x8000efc8
# [SimX-DPI] Read 8 bytes from 0x8000efd0
# [SimX-DPI] Read 8 bytes from 0x8000efd8
# [SimX-DPI] Read 8 bytes from 0x8000efe0
# [SimX-DPI] Read 8 bytes from 0x8000efe8
# [SimX-DPI] Read 8 bytes from 0x8000eff0
# [SimX-DPI] Read 8 bytes from 0x8000eff8
# [SimX-DPI] Read 8 bytes from 0x8000f000
# [SimX-DPI] Read 8 bytes from 0x8000f008
# [SimX-DPI] Read 8 bytes from 0x8000f010
# [SimX-DPI] Read 8 bytes from 0x8000f018
# [SimX-DPI] Read 8 bytes from 0x8000f020
# [SimX-DPI] Read 8 bytes from 0x8000f028
# [SimX-DPI] Read 8 bytes from 0x8000f030
# [SimX-DPI] Read 8 bytes from 0x8000f038
# [SimX-DPI] Read 8 bytes from 0x8000f040
# [SimX-DPI] Read 8 bytes from 0x8000f048
# [SimX-DPI] Read 8 bytes from 0x8000f050
# [SimX-DPI] Read 8 bytes from 0x8000f058
# [SimX-DPI] Read 8 bytes from 0x8000f060
# [SimX-DPI] Read 8 bytes from 0x8000f068
# [SimX-DPI] Read 8 bytes from 0x8000f070
# [SimX-DPI] Read 8 bytes from 0x8000f078
# [SimX-DPI] Read 8 bytes from 0x8000f080
# [SimX-DPI] Read 8 bytes from 0x8000f088
# [SimX-DPI] Read 8 bytes from 0x8000f090
# [SimX-DPI] Read 8 bytes from 0x8000f098
# [SimX-DPI] Read 8 bytes from 0x8000f0a0
# [SimX-DPI] Read 8 bytes from 0x8000f0a8
# [SimX-DPI] Read 8 bytes from 0x8000f0b0
# [SimX-DPI] Read 8 bytes from 0x8000f0b8
# [SimX-DPI] Read 8 bytes from 0x8000f0c0
# [SimX-DPI] Read 8 bytes from 0x8000f0c8
# [SimX-DPI] Read 8 bytes from 0x8000f0d0
# [SimX-DPI] Read 8 bytes from 0x8000f0d8
# [SimX-DPI] Read 8 bytes from 0x8000f0e0
# [SimX-DPI] Read 8 bytes from 0x8000f0e8
# [SimX-DPI] Read 8 bytes from 0x8000f0f0
# [SimX-DPI] Read 8 bytes from 0x8000f0f8
# [SimX-DPI] Read 8 bytes from 0x8000f100
# [SimX-DPI] Read 8 bytes from 0x8000f108
# [SimX-DPI] Read 8 bytes from 0x8000f110
# [SimX-DPI] Read 8 bytes from 0x8000f118
# [SimX-DPI] Read 8 bytes from 0x8000f120
# [SimX-DPI] Read 8 bytes from 0x8000f128
# [SimX-DPI] Read 8 bytes from 0x8000f130
# [SimX-DPI] Read 8 bytes from 0x8000f138
# [SimX-DPI] Read 8 bytes from 0x8000f140
# [SimX-DPI] Read 8 bytes from 0x8000f148
# [SimX-DPI] Read 8 bytes from 0x8000f150
# [SimX-DPI] Read 8 bytes from 0x8000f158
# [SimX-DPI] Read 8 bytes from 0x8000f160
# [SimX-DPI] Read 8 bytes from 0x8000f168
# [SimX-DPI] Read 8 bytes from 0x8000f170
# [SimX-DPI] Read 8 bytes from 0x8000f178
# [SimX-DPI] Read 8 bytes from 0x8000f180
# [SimX-DPI] Read 8 bytes from 0x8000f188
# [SimX-DPI] Read 8 bytes from 0x8000f190
# [SimX-DPI] Read 8 bytes from 0x8000f198
# [SimX-DPI] Read 8 bytes from 0x8000f1a0
# [SimX-DPI] Read 8 bytes from 0x8000f1a8
# [SimX-DPI] Read 8 bytes from 0x8000f1b0
# [SimX-DPI] Read 8 bytes from 0x8000f1b8
# [SimX-DPI] Read 8 bytes from 0x8000f1c0
# [SimX-DPI] Read 8 bytes from 0x8000f1c8
# [SimX-DPI] Read 8 bytes from 0x8000f1d0
# [SimX-DPI] Read 8 bytes from 0x8000f1d8
# [SimX-DPI] Read 8 bytes from 0x8000f1e0
# [SimX-DPI] Read 8 bytes from 0x8000f1e8
# [SimX-DPI] Read 8 bytes from 0x8000f1f0
# [SimX-DPI] Read 8 bytes from 0x8000f1f8
# [SimX-DPI] Read 8 bytes from 0x8000f200
# [SimX-DPI] Read 8 bytes from 0x8000f208
# [SimX-DPI] Read 8 bytes from 0x8000f210
# [SimX-DPI] Read 8 bytes from 0x8000f218
# [SimX-DPI] Read 8 bytes from 0x8000f220
# [SimX-DPI] Read 8 bytes from 0x8000f228
# [SimX-DPI] Read 8 bytes from 0x8000f230
# [SimX-DPI] Read 8 bytes from 0x8000f238
# [SimX-DPI] Read 8 bytes from 0x8000f240
# [SimX-DPI] Read 8 bytes from 0x8000f248
# [SimX-DPI] Read 8 bytes from 0x8000f250
# [SimX-DPI] Read 8 bytes from 0x8000f258
# [SimX-DPI] Read 8 bytes from 0x8000f260
# [SimX-DPI] Read 8 bytes from 0x8000f268
# [SimX-DPI] Read 8 bytes from 0x8000f270
# [SimX-DPI] Read 8 bytes from 0x8000f278
# [SimX-DPI] Read 8 bytes from 0x8000f280
# [SimX-DPI] Read 8 bytes from 0x8000f288
# [SimX-DPI] Read 8 bytes from 0x8000f290
# [SimX-DPI] Read 8 bytes from 0x8000f298
# [SimX-DPI] Read 8 bytes from 0x8000f2a0
# [SimX-DPI] Read 8 bytes from 0x8000f2a8
# [SimX-DPI] Read 8 bytes from 0x8000f2b0
# [SimX-DPI] Read 8 bytes from 0x8000f2b8
# [SimX-DPI] Read 8 bytes from 0x8000f2c0
# [SimX-DPI] Read 8 bytes from 0x8000f2c8
# [SimX-DPI] Read 8 bytes from 0x8000f2d0
# [SimX-DPI] Read 8 bytes from 0x8000f2d8
# [SimX-DPI] Read 8 bytes from 0x8000f2e0
# [SimX-DPI] Read 8 bytes from 0x8000f2e8
# [SimX-DPI] Read 8 bytes from 0x8000f2f0
# [SimX-DPI] Read 8 bytes from 0x8000f2f8
# [SimX-DPI] Read 8 bytes from 0x8000f300
# [SimX-DPI] Read 8 bytes from 0x8000f308
# [SimX-DPI] Read 8 bytes from 0x8000f310
# [SimX-DPI] Read 8 bytes from 0x8000f318
# [SimX-DPI] Read 8 bytes from 0x8000f320
# [SimX-DPI] Read 8 bytes from 0x8000f328
# [SimX-DPI] Read 8 bytes from 0x8000f330
# [SimX-DPI] Read 8 bytes from 0x8000f338
# [SimX-DPI] Read 8 bytes from 0x8000f340
# [SimX-DPI] Read 8 bytes from 0x8000f348
# [SimX-DPI] Read 8 bytes from 0x8000f350
# [SimX-DPI] Read 8 bytes from 0x8000f358
# [SimX-DPI] Read 8 bytes from 0x8000f360
# [SimX-DPI] Read 8 bytes from 0x8000f368
# [SimX-DPI] Read 8 bytes from 0x8000f370
# [SimX-DPI] Read 8 bytes from 0x8000f378
# [SimX-DPI] Read 8 bytes from 0x8000f380
# [SimX-DPI] Read 8 bytes from 0x8000f388
# [SimX-DPI] Read 8 bytes from 0x8000f390
# [SimX-DPI] Read 8 bytes from 0x8000f398
# [SimX-DPI] Read 8 bytes from 0x8000f3a0
# [SimX-DPI] Read 8 bytes from 0x8000f3a8
# [SimX-DPI] Read 8 bytes from 0x8000f3b0
# [SimX-DPI] Read 8 bytes from 0x8000f3b8
# [SimX-DPI] Read 8 bytes from 0x8000f3c0
# [SimX-DPI] Read 8 bytes from 0x8000f3c8
# [SimX-DPI] Read 8 bytes from 0x8000f3d0
# [SimX-DPI] Read 8 bytes from 0x8000f3d8
# [SimX-DPI] Read 8 bytes from 0x8000f3e0
# [SimX-DPI] Read 8 bytes from 0x8000f3e8
# [SimX-DPI] Read 8 bytes from 0x8000f3f0
# [SimX-DPI] Read 8 bytes from 0x8000f3f8
# [SimX-DPI] Read 8 bytes from 0x8000f400
# [SimX-DPI] Read 8 bytes from 0x8000f408
# [SimX-DPI] Read 8 bytes from 0x8000f410
# [SimX-DPI] Read 8 bytes from 0x8000f418
# [SimX-DPI] Read 8 bytes from 0x8000f420
# [SimX-DPI] Read 8 bytes from 0x8000f428
# [SimX-DPI] Read 8 bytes from 0x8000f430
# [SimX-DPI] Read 8 bytes from 0x8000f438
# [SimX-DPI] Read 8 bytes from 0x8000f440
# [SimX-DPI] Read 8 bytes from 0x8000f448
# [SimX-DPI] Read 8 bytes from 0x8000f450
# [SimX-DPI] Read 8 bytes from 0x8000f458
# [SimX-DPI] Read 8 bytes from 0x8000f460
# [SimX-DPI] Read 8 bytes from 0x8000f468
# [SimX-DPI] Read 8 bytes from 0x8000f470
# [SimX-DPI] Read 8 bytes from 0x8000f478
# [SimX-DPI] Read 8 bytes from 0x8000f480
# [SimX-DPI] Read 8 bytes from 0x8000f488
# [SimX-DPI] Read 8 bytes from 0x8000f490
# [SimX-DPI] Read 8 bytes from 0x8000f498
# [SimX-DPI] Read 8 bytes from 0x8000f4a0
# [SimX-DPI] Read 8 bytes from 0x8000f4a8
# [SimX-DPI] Read 8 bytes from 0x8000f4b0
# [SimX-DPI] Read 8 bytes from 0x8000f4b8
# [SimX-DPI] Read 8 bytes from 0x8000f4c0
# [SimX-DPI] Read 8 bytes from 0x8000f4c8
# [SimX-DPI] Read 8 bytes from 0x8000f4d0
# [SimX-DPI] Read 8 bytes from 0x8000f4d8
# [SimX-DPI] Read 8 bytes from 0x8000f4e0
# [SimX-DPI] Read 8 bytes from 0x8000f4e8
# [SimX-DPI] Read 8 bytes from 0x8000f4f0
# [SimX-DPI] Read 8 bytes from 0x8000f4f8
# [SimX-DPI] Read 8 bytes from 0x8000f500
# [SimX-DPI] Read 8 bytes from 0x8000f508
# [SimX-DPI] Read 8 bytes from 0x8000f510
# [SimX-DPI] Read 8 bytes from 0x8000f518
# [SimX-DPI] Read 8 bytes from 0x8000f520
# [SimX-DPI] Read 8 bytes from 0x8000f528
# [SimX-DPI] Read 8 bytes from 0x8000f530
# [SimX-DPI] Read 8 bytes from 0x8000f538
# [SimX-DPI] Read 8 bytes from 0x8000f540
# [SimX-DPI] Read 8 bytes from 0x8000f548
# [SimX-DPI] Read 8 bytes from 0x8000f550
# [SimX-DPI] Read 8 bytes from 0x8000f558
# [SimX-DPI] Read 8 bytes from 0x8000f560
# [SimX-DPI] Read 8 bytes from 0x8000f568
# [SimX-DPI] Read 8 bytes from 0x8000f570
# [SimX-DPI] Read 8 bytes from 0x8000f578
# [SimX-DPI] Read 8 bytes from 0x8000f580
# [SimX-DPI] Read 8 bytes from 0x8000f588
# [SimX-DPI] Read 8 bytes from 0x8000f590
# [SimX-DPI] Read 8 bytes from 0x8000f598
# [SimX-DPI] Read 8 bytes from 0x8000f5a0
# [SimX-DPI] Read 8 bytes from 0x8000f5a8
# [SimX-DPI] Read 8 bytes from 0x8000f5b0
# [SimX-DPI] Read 8 bytes from 0x8000f5b8
# [SimX-DPI] Read 8 bytes from 0x8000f5c0
# [SimX-DPI] Read 8 bytes from 0x8000f5c8
# [SimX-DPI] Read 8 bytes from 0x8000f5d0
# [SimX-DPI] Read 8 bytes from 0x8000f5d8
# [SimX-DPI] Read 8 bytes from 0x8000f5e0
# [SimX-DPI] Read 8 bytes from 0x8000f5e8
# [SimX-DPI] Read 8 bytes from 0x8000f5f0
# [SimX-DPI] Read 8 bytes from 0x8000f5f8
# [SimX-DPI] Read 8 bytes from 0x8000f600
# [SimX-DPI] Read 8 bytes from 0x8000f608
# [SimX-DPI] Read 8 bytes from 0x8000f610
# [SimX-DPI] Read 8 bytes from 0x8000f618
# [SimX-DPI] Read 8 bytes from 0x8000f620
# [SimX-DPI] Read 8 bytes from 0x8000f628
# [SimX-DPI] Read 8 bytes from 0x8000f630
# [SimX-DPI] Read 8 bytes from 0x8000f638
# [SimX-DPI] Read 8 bytes from 0x8000f640
# [SimX-DPI] Read 8 bytes from 0x8000f648
# [SimX-DPI] Read 8 bytes from 0x8000f650
# [SimX-DPI] Read 8 bytes from 0x8000f658
# [SimX-DPI] Read 8 bytes from 0x8000f660
# [SimX-DPI] Read 8 bytes from 0x8000f668
# [SimX-DPI] Read 8 bytes from 0x8000f670
# [SimX-DPI] Read 8 bytes from 0x8000f678
# [SimX-DPI] Read 8 bytes from 0x8000f680
# [SimX-DPI] Read 8 bytes from 0x8000f688
# [SimX-DPI] Read 8 bytes from 0x8000f690
# [SimX-DPI] Read 8 bytes from 0x8000f698
# [SimX-DPI] Read 8 bytes from 0x8000f6a0
# [SimX-DPI] Read 8 bytes from 0x8000f6a8
# [SimX-DPI] Read 8 bytes from 0x8000f6b0
# [SimX-DPI] Read 8 bytes from 0x8000f6b8
# [SimX-DPI] Read 8 bytes from 0x8000f6c0
# [SimX-DPI] Read 8 bytes from 0x8000f6c8
# [SimX-DPI] Read 8 bytes from 0x8000f6d0
# [SimX-DPI] Read 8 bytes from 0x8000f6d8
# [SimX-DPI] Read 8 bytes from 0x8000f6e0
# [SimX-DPI] Read 8 bytes from 0x8000f6e8
# [SimX-DPI] Read 8 bytes from 0x8000f6f0
# [SimX-DPI] Read 8 bytes from 0x8000f6f8
# [SimX-DPI] Read 8 bytes from 0x8000f700
# [SimX-DPI] Read 8 bytes from 0x8000f708
# [SimX-DPI] Read 8 bytes from 0x8000f710
# [SimX-DPI] Read 8 bytes from 0x8000f718
# [SimX-DPI] Read 8 bytes from 0x8000f720
# [SimX-DPI] Read 8 bytes from 0x8000f728
# [SimX-DPI] Read 8 bytes from 0x8000f730
# [SimX-DPI] Read 8 bytes from 0x8000f738
# [SimX-DPI] Read 8 bytes from 0x8000f740
# [SimX-DPI] Read 8 bytes from 0x8000f748
# [SimX-DPI] Read 8 bytes from 0x8000f750
# [SimX-DPI] Read 8 bytes from 0x8000f758
# [SimX-DPI] Read 8 bytes from 0x8000f760
# [SimX-DPI] Read 8 bytes from 0x8000f768
# [SimX-DPI] Read 8 bytes from 0x8000f770
# [SimX-DPI] Read 8 bytes from 0x8000f778
# [SimX-DPI] Read 8 bytes from 0x8000f780
# [SimX-DPI] Read 8 bytes from 0x8000f788
# [SimX-DPI] Read 8 bytes from 0x8000f790
# [SimX-DPI] Read 8 bytes from 0x8000f798
# [SimX-DPI] Read 8 bytes from 0x8000f7a0
# [SimX-DPI] Read 8 bytes from 0x8000f7a8
# [SimX-DPI] Read 8 bytes from 0x8000f7b0
# [SimX-DPI] Read 8 bytes from 0x8000f7b8
# [SimX-DPI] Read 8 bytes from 0x8000f7c0
# [SimX-DPI] Read 8 bytes from 0x8000f7c8
# [SimX-DPI] Read 8 bytes from 0x8000f7d0
# [SimX-DPI] Read 8 bytes from 0x8000f7d8
# [SimX-DPI] Read 8 bytes from 0x8000f7e0
# [SimX-DPI] Read 8 bytes from 0x8000f7e8
# [SimX-DPI] Read 8 bytes from 0x8000f7f0
# [SimX-DPI] Read 8 bytes from 0x8000f7f8
# [SimX-DPI] Read 8 bytes from 0x8000f800
# [SimX-DPI] Read 8 bytes from 0x8000f808
# [SimX-DPI] Read 8 bytes from 0x8000f810
# [SimX-DPI] Read 8 bytes from 0x8000f818
# [SimX-DPI] Read 8 bytes from 0x8000f820
# [SimX-DPI] Read 8 bytes from 0x8000f828
# [SimX-DPI] Read 8 bytes from 0x8000f830
# [SimX-DPI] Read 8 bytes from 0x8000f838
# [SimX-DPI] Read 8 bytes from 0x8000f840
# [SimX-DPI] Read 8 bytes from 0x8000f848
# [SimX-DPI] Read 8 bytes from 0x8000f850
# [SimX-DPI] Read 8 bytes from 0x8000f858
# [SimX-DPI] Read 8 bytes from 0x8000f860
# [SimX-DPI] Read 8 bytes from 0x8000f868
# [SimX-DPI] Read 8 bytes from 0x8000f870
# [SimX-DPI] Read 8 bytes from 0x8000f878
# [SimX-DPI] Read 8 bytes from 0x8000f880
# [SimX-DPI] Read 8 bytes from 0x8000f888
# [SimX-DPI] Read 8 bytes from 0x8000f890
# [SimX-DPI] Read 8 bytes from 0x8000f898
# [SimX-DPI] Read 8 bytes from 0x8000f8a0
# [SimX-DPI] Read 8 bytes from 0x8000f8a8
# [SimX-DPI] Read 8 bytes from 0x8000f8b0
# [SimX-DPI] Read 8 bytes from 0x8000f8b8
# [SimX-DPI] Read 8 bytes from 0x8000f8c0
# [SimX-DPI] Read 8 bytes from 0x8000f8c8
# [SimX-DPI] Read 8 bytes from 0x8000f8d0
# [SimX-DPI] Read 8 bytes from 0x8000f8d8
# [SimX-DPI] Read 8 bytes from 0x8000f8e0
# [SimX-DPI] Read 8 bytes from 0x8000f8e8
# [SimX-DPI] Read 8 bytes from 0x8000f8f0
# [SimX-DPI] Read 8 bytes from 0x8000f8f8
# [SimX-DPI] Read 8 bytes from 0x8000f900
# [SimX-DPI] Read 8 bytes from 0x8000f908
# [SimX-DPI] Read 8 bytes from 0x8000f910
# [SimX-DPI] Read 8 bytes from 0x8000f918
# [SimX-DPI] Read 8 bytes from 0x8000f920
# [SimX-DPI] Read 8 bytes from 0x8000f928
# [SimX-DPI] Read 8 bytes from 0x8000f930
# [SimX-DPI] Read 8 bytes from 0x8000f938
# [SimX-DPI] Read 8 bytes from 0x8000f940
# [SimX-DPI] Read 8 bytes from 0x8000f948
# [SimX-DPI] Read 8 bytes from 0x8000f950
# [SimX-DPI] Read 8 bytes from 0x8000f958
# [SimX-DPI] Read 8 bytes from 0x8000f960
# [SimX-DPI] Read 8 bytes from 0x8000f968
# [SimX-DPI] Read 8 bytes from 0x8000f970
# [SimX-DPI] Read 8 bytes from 0x8000f978
# [SimX-DPI] Read 8 bytes from 0x8000f980
# [SimX-DPI] Read 8 bytes from 0x8000f988
# [SimX-DPI] Read 8 bytes from 0x8000f990
# [SimX-DPI] Read 8 bytes from 0x8000f998
# [SimX-DPI] Read 8 bytes from 0x8000f9a0
# [SimX-DPI] Read 8 bytes from 0x8000f9a8
# [SimX-DPI] Read 8 bytes from 0x8000f9b0
# [SimX-DPI] Read 8 bytes from 0x8000f9b8
# [SimX-DPI] Read 8 bytes from 0x8000f9c0
# [SimX-DPI] Read 8 bytes from 0x8000f9c8
# [SimX-DPI] Read 8 bytes from 0x8000f9d0
# [SimX-DPI] Read 8 bytes from 0x8000f9d8
# [SimX-DPI] Read 8 bytes from 0x8000f9e0
# [SimX-DPI] Read 8 bytes from 0x8000f9e8
# [SimX-DPI] Read 8 bytes from 0x8000f9f0
# [SimX-DPI] Read 8 bytes from 0x8000f9f8
# [SimX-DPI] Read 8 bytes from 0x8000fa00
# [SimX-DPI] Read 8 bytes from 0x8000fa08
# [SimX-DPI] Read 8 bytes from 0x8000fa10
# [SimX-DPI] Read 8 bytes from 0x8000fa18
# [SimX-DPI] Read 8 bytes from 0x8000fa20
# [SimX-DPI] Read 8 bytes from 0x8000fa28
# [SimX-DPI] Read 8 bytes from 0x8000fa30
# [SimX-DPI] Read 8 bytes from 0x8000fa38
# [SimX-DPI] Read 8 bytes from 0x8000fa40
# [SimX-DPI] Read 8 bytes from 0x8000fa48
# [SimX-DPI] Read 8 bytes from 0x8000fa50
# [SimX-DPI] Read 8 bytes from 0x8000fa58
# [SimX-DPI] Read 8 bytes from 0x8000fa60
# [SimX-DPI] Read 8 bytes from 0x8000fa68
# [SimX-DPI] Read 8 bytes from 0x8000fa70
# [SimX-DPI] Read 8 bytes from 0x8000fa78
# [SimX-DPI] Read 8 bytes from 0x8000fa80
# [SimX-DPI] Read 8 bytes from 0x8000fa88
# [SimX-DPI] Read 8 bytes from 0x8000fa90
# [SimX-DPI] Read 8 bytes from 0x8000fa98
# [SimX-DPI] Read 8 bytes from 0x8000faa0
# [SimX-DPI] Read 8 bytes from 0x8000faa8
# [SimX-DPI] Read 8 bytes from 0x8000fab0
# [SimX-DPI] Read 8 bytes from 0x8000fab8
# [SimX-DPI] Read 8 bytes from 0x8000fac0
# [SimX-DPI] Read 8 bytes from 0x8000fac8
# [SimX-DPI] Read 8 bytes from 0x8000fad0
# [SimX-DPI] Read 8 bytes from 0x8000fad8
# [SimX-DPI] Read 8 bytes from 0x8000fae0
# [SimX-DPI] Read 8 bytes from 0x8000fae8
# [SimX-DPI] Read 8 bytes from 0x8000faf0
# [SimX-DPI] Read 8 bytes from 0x8000faf8
# [SimX-DPI] Read 8 bytes from 0x8000fb00
# [SimX-DPI] Read 8 bytes from 0x8000fb08
# [SimX-DPI] Read 8 bytes from 0x8000fb10
# [SimX-DPI] Read 8 bytes from 0x8000fb18
# [SimX-DPI] Read 8 bytes from 0x8000fb20
# [SimX-DPI] Read 8 bytes from 0x8000fb28
# [SimX-DPI] Read 8 bytes from 0x8000fb30
# [SimX-DPI] Read 8 bytes from 0x8000fb38
# [SimX-DPI] Read 8 bytes from 0x8000fb40
# [SimX-DPI] Read 8 bytes from 0x8000fb48
# [SimX-DPI] Read 8 bytes from 0x8000fb50
# [SimX-DPI] Read 8 bytes from 0x8000fb58
# [SimX-DPI] Read 8 bytes from 0x8000fb60
# [SimX-DPI] Read 8 bytes from 0x8000fb68
# [SimX-DPI] Read 8 bytes from 0x8000fb70
# [SimX-DPI] Read 8 bytes from 0x8000fb78
# [SimX-DPI] Read 8 bytes from 0x8000fb80
# [SimX-DPI] Read 8 bytes from 0x8000fb88
# [SimX-DPI] Read 8 bytes from 0x8000fb90
# [SimX-DPI] Read 8 bytes from 0x8000fb98
# [SimX-DPI] Read 8 bytes from 0x8000fba0
# [SimX-DPI] Read 8 bytes from 0x8000fba8
# [SimX-DPI] Read 8 bytes from 0x8000fbb0
# [SimX-DPI] Read 8 bytes from 0x8000fbb8
# [SimX-DPI] Read 8 bytes from 0x8000fbc0
# [SimX-DPI] Read 8 bytes from 0x8000fbc8
# [SimX-DPI] Read 8 bytes from 0x8000fbd0
# [SimX-DPI] Read 8 bytes from 0x8000fbd8
# [SimX-DPI] Read 8 bytes from 0x8000fbe0
# [SimX-DPI] Read 8 bytes from 0x8000fbe8
# [SimX-DPI] Read 8 bytes from 0x8000fbf0
# [SimX-DPI] Read 8 bytes from 0x8000fbf8
# [SimX-DPI] Read 8 bytes from 0x8000fc00
# [SimX-DPI] Read 8 bytes from 0x8000fc08
# [SimX-DPI] Read 8 bytes from 0x8000fc10
# [SimX-DPI] Read 8 bytes from 0x8000fc18
# [SimX-DPI] Read 8 bytes from 0x8000fc20
# [SimX-DPI] Read 8 bytes from 0x8000fc28
# [SimX-DPI] Read 8 bytes from 0x8000fc30
# [SimX-DPI] Read 8 bytes from 0x8000fc38
# [SimX-DPI] Read 8 bytes from 0x8000fc40
# [SimX-DPI] Read 8 bytes from 0x8000fc48
# [SimX-DPI] Read 8 bytes from 0x8000fc50
# [SimX-DPI] Read 8 bytes from 0x8000fc58
# [SimX-DPI] Read 8 bytes from 0x8000fc60
# [SimX-DPI] Read 8 bytes from 0x8000fc68
# [SimX-DPI] Read 8 bytes from 0x8000fc70
# [SimX-DPI] Read 8 bytes from 0x8000fc78
# [SimX-DPI] Read 8 bytes from 0x8000fc80
# [SimX-DPI] Read 8 bytes from 0x8000fc88
# [SimX-DPI] Read 8 bytes from 0x8000fc90
# [SimX-DPI] Read 8 bytes from 0x8000fc98
# [SimX-DPI] Read 8 bytes from 0x8000fca0
# [SimX-DPI] Read 8 bytes from 0x8000fca8
# [SimX-DPI] Read 8 bytes from 0x8000fcb0
# [SimX-DPI] Read 8 bytes from 0x8000fcb8
# [SimX-DPI] Read 8 bytes from 0x8000fcc0
# [SimX-DPI] Read 8 bytes from 0x8000fcc8
# [SimX-DPI] Read 8 bytes from 0x8000fcd0
# [SimX-DPI] Read 8 bytes from 0x8000fcd8
# [SimX-DPI] Read 8 bytes from 0x8000fce0
# [SimX-DPI] Read 8 bytes from 0x8000fce8
# [SimX-DPI] Read 8 bytes from 0x8000fcf0
# [SimX-DPI] Read 8 bytes from 0x8000fcf8
# [SimX-DPI] Read 8 bytes from 0x8000fd00
# [SimX-DPI] Read 8 bytes from 0x8000fd08
# [SimX-DPI] Read 8 bytes from 0x8000fd10
# [SimX-DPI] Read 8 bytes from 0x8000fd18
# [SimX-DPI] Read 8 bytes from 0x8000fd20
# [SimX-DPI] Read 8 bytes from 0x8000fd28
# [SimX-DPI] Read 8 bytes from 0x8000fd30
# [SimX-DPI] Read 8 bytes from 0x8000fd38
# [SimX-DPI] Read 8 bytes from 0x8000fd40
# [SimX-DPI] Read 8 bytes from 0x8000fd48
# [SimX-DPI] Read 8 bytes from 0x8000fd50
# [SimX-DPI] Read 8 bytes from 0x8000fd58
# [SimX-DPI] Read 8 bytes from 0x8000fd60
# [SimX-DPI] Read 8 bytes from 0x8000fd68
# [SimX-DPI] Read 8 bytes from 0x8000fd70
# [SimX-DPI] Read 8 bytes from 0x8000fd78
# [SimX-DPI] Read 8 bytes from 0x8000fd80
# [SimX-DPI] Read 8 bytes from 0x8000fd88
# [SimX-DPI] Read 8 bytes from 0x8000fd90
# [SimX-DPI] Read 8 bytes from 0x8000fd98
# [SimX-DPI] Read 8 bytes from 0x8000fda0
# [SimX-DPI] Read 8 bytes from 0x8000fda8
# [SimX-DPI] Read 8 bytes from 0x8000fdb0
# [SimX-DPI] Read 8 bytes from 0x8000fdb8
# [SimX-DPI] Read 8 bytes from 0x8000fdc0
# [SimX-DPI] Read 8 bytes from 0x8000fdc8
# [SimX-DPI] Read 8 bytes from 0x8000fdd0
# [SimX-DPI] Read 8 bytes from 0x8000fdd8
# [SimX-DPI] Read 8 bytes from 0x8000fde0
# [SimX-DPI] Read 8 bytes from 0x8000fde8
# [SimX-DPI] Read 8 bytes from 0x8000fdf0
# [SimX-DPI] Read 8 bytes from 0x8000fdf8
# [SimX-DPI] Read 8 bytes from 0x8000fe00
# [SimX-DPI] Read 8 bytes from 0x8000fe08
# [SimX-DPI] Read 8 bytes from 0x8000fe10
# [SimX-DPI] Read 8 bytes from 0x8000fe18
# [SimX-DPI] Read 8 bytes from 0x8000fe20
# [SimX-DPI] Read 8 bytes from 0x8000fe28
# [SimX-DPI] Read 8 bytes from 0x8000fe30
# [SimX-DPI] Read 8 bytes from 0x8000fe38
# [SimX-DPI] Read 8 bytes from 0x8000fe40
# [SimX-DPI] Read 8 bytes from 0x8000fe48
# [SimX-DPI] Read 8 bytes from 0x8000fe50
# [SimX-DPI] Read 8 bytes from 0x8000fe58
# [SimX-DPI] Read 8 bytes from 0x8000fe60
# [SimX-DPI] Read 8 bytes from 0x8000fe68
# [SimX-DPI] Read 8 bytes from 0x8000fe70
# [SimX-DPI] Read 8 bytes from 0x8000fe78
# [SimX-DPI] Read 8 bytes from 0x8000fe80
# [SimX-DPI] Read 8 bytes from 0x8000fe88
# [SimX-DPI] Read 8 bytes from 0x8000fe90
# [SimX-DPI] Read 8 bytes from 0x8000fe98
# [SimX-DPI] Read 8 bytes from 0x8000fea0
# [SimX-DPI] Read 8 bytes from 0x8000fea8
# [SimX-DPI] Read 8 bytes from 0x8000feb0
# [SimX-DPI] Read 8 bytes from 0x8000feb8
# [SimX-DPI] Read 8 bytes from 0x8000fec0
# [SimX-DPI] Read 8 bytes from 0x8000fec8
# [SimX-DPI] Read 8 bytes from 0x8000fed0
# [SimX-DPI] Read 8 bytes from 0x8000fed8
# [SimX-DPI] Read 8 bytes from 0x8000fee0
# [SimX-DPI] Read 8 bytes from 0x8000fee8
# [SimX-DPI] Read 8 bytes from 0x8000fef0
# [SimX-DPI] Read 8 bytes from 0x8000fef8
# [SimX-DPI] Read 8 bytes from 0x8000ff00
# [SimX-DPI] Read 8 bytes from 0x8000ff08
# [SimX-DPI] Read 8 bytes from 0x8000ff10
# [SimX-DPI] Read 8 bytes from 0x8000ff18
# [SimX-DPI] Read 8 bytes from 0x8000ff20
# [SimX-DPI] Read 8 bytes from 0x8000ff28
# [SimX-DPI] Read 8 bytes from 0x8000ff30
# [SimX-DPI] Read 8 bytes from 0x8000ff38
# [SimX-DPI] Read 8 bytes from 0x8000ff40
# [SimX-DPI] Read 8 bytes from 0x8000ff48
# [SimX-DPI] Read 8 bytes from 0x8000ff50
# [SimX-DPI] Read 8 bytes from 0x8000ff58
# [SimX-DPI] Read 8 bytes from 0x8000ff60
# [SimX-DPI] Read 8 bytes from 0x8000ff68
# [SimX-DPI] Read 8 bytes from 0x8000ff70
# [SimX-DPI] Read 8 bytes from 0x8000ff78
# [SimX-DPI] Read 8 bytes from 0x8000ff80
# [SimX-DPI] Read 8 bytes from 0x8000ff88
# [SimX-DPI] Read 8 bytes from 0x8000ff90
# [SimX-DPI] Read 8 bytes from 0x8000ff98
# [SimX-DPI] Read 8 bytes from 0x8000ffa0
# [SimX-DPI] Read 8 bytes from 0x8000ffa8
# [SimX-DPI] Read 8 bytes from 0x8000ffb0
# [SimX-DPI] Read 8 bytes from 0x8000ffb8
# [SimX-DPI] Read 8 bytes from 0x8000ffc0
# [SimX-DPI] Read 8 bytes from 0x8000ffc8
# [SimX-DPI] Read 8 bytes from 0x8000ffd0
# [SimX-DPI] Read 8 bytes from 0x8000ffd8
# [SimX-DPI] Read 8 bytes from 0x8000ffe0
# [SimX-DPI] Read 8 bytes from 0x8000ffe8
# [SimX-DPI] Read 8 bytes from 0x8000fff0
# [SimX-DPI] Read 8 bytes from 0x8000fff8
# [SimX-DPI] Read 8 bytes from 0x80010000
# [SimX-DPI] Read 8 bytes from 0x80010008
# [SimX-DPI] Read 8 bytes from 0x80010010
# [SimX-DPI] Read 8 bytes from 0x80010018
# [SimX-DPI] Read 8 bytes from 0x80010020
# [SimX-DPI] Read 8 bytes from 0x80010028
# [SimX-DPI] Read 8 bytes from 0x80010030
# [SimX-DPI] Read 8 bytes from 0x80010038
# [SimX-DPI] Read 8 bytes from 0x80010040
# [SimX-DPI] Read 8 bytes from 0x80010048
# [SimX-DPI] Read 8 bytes from 0x80010050
# [SimX-DPI] Read 8 bytes from 0x80010058
# [SimX-DPI] Read 8 bytes from 0x80010060
# [SimX-DPI] Read 8 bytes from 0x80010068
# [SimX-DPI] Read 8 bytes from 0x80010070
# [SimX-DPI] Read 8 bytes from 0x80010078
# [SimX-DPI] Read 8 bytes from 0x80010080
# [SimX-DPI] Read 8 bytes from 0x80010088
# [SimX-DPI] Read 8 bytes from 0x80010090
# [SimX-DPI] Read 8 bytes from 0x80010098
# [SimX-DPI] Read 8 bytes from 0x800100a0
# [SimX-DPI] Read 8 bytes from 0x800100a8
# [SimX-DPI] Read 8 bytes from 0x800100b0
# [SimX-DPI] Read 8 bytes from 0x800100b8
# [SimX-DPI] Read 8 bytes from 0x800100c0
# [SimX-DPI] Read 8 bytes from 0x800100c8
# [SimX-DPI] Read 8 bytes from 0x800100d0
# [SimX-DPI] Read 8 bytes from 0x800100d8
# [SimX-DPI] Read 8 bytes from 0x800100e0
# [SimX-DPI] Read 8 bytes from 0x800100e8
# [SimX-DPI] Read 8 bytes from 0x800100f0
# [SimX-DPI] Read 8 bytes from 0x800100f8
# [SimX-DPI] Read 8 bytes from 0x80010100
# [SimX-DPI] Read 8 bytes from 0x80010108
# [SimX-DPI] Read 8 bytes from 0x80010110
# [SimX-DPI] Read 8 bytes from 0x80010118
# [SimX-DPI] Read 8 bytes from 0x80010120
# [SimX-DPI] Read 8 bytes from 0x80010128
# [SimX-DPI] Read 8 bytes from 0x80010130
# [SimX-DPI] Read 8 bytes from 0x80010138
# [SimX-DPI] Read 8 bytes from 0x80010140
# [SimX-DPI] Read 8 bytes from 0x80010148
# [SimX-DPI] Read 8 bytes from 0x80010150
# [SimX-DPI] Read 8 bytes from 0x80010158
# [SimX-DPI] Read 8 bytes from 0x80010160
# [SimX-DPI] Read 8 bytes from 0x80010168
# [SimX-DPI] Read 8 bytes from 0x80010170
# [SimX-DPI] Read 8 bytes from 0x80010178
# [SimX-DPI] Read 8 bytes from 0x80010180
# [SimX-DPI] Read 8 bytes from 0x80010188
# [SimX-DPI] Read 8 bytes from 0x80010190
# [SimX-DPI] Read 8 bytes from 0x80010198
# [SimX-DPI] Read 8 bytes from 0x800101a0
# [SimX-DPI] Read 8 bytes from 0x800101a8
# [SimX-DPI] Read 8 bytes from 0x800101b0
# [SimX-DPI] Read 8 bytes from 0x800101b8
# [SimX-DPI] Read 8 bytes from 0x800101c0
# [SimX-DPI] Read 8 bytes from 0x800101c8
# [SimX-DPI] Read 8 bytes from 0x800101d0
# [SimX-DPI] Read 8 bytes from 0x800101d8
# [SimX-DPI] Read 8 bytes from 0x800101e0
# [SimX-DPI] Read 8 bytes from 0x800101e8
# [SimX-DPI] Read 8 bytes from 0x800101f0
# [SimX-DPI] Read 8 bytes from 0x800101f8
# [SimX-DPI] Read 8 bytes from 0x80010200
# [SimX-DPI] Read 8 bytes from 0x80010208
# [SimX-DPI] Read 8 bytes from 0x80010210
# [SimX-DPI] Read 8 bytes from 0x80010218
# [SimX-DPI] Read 8 bytes from 0x80010220
# [SimX-DPI] Read 8 bytes from 0x80010228
# [SimX-DPI] Read 8 bytes from 0x80010230
# [SimX-DPI] Read 8 bytes from 0x80010238
# [SimX-DPI] Read 8 bytes from 0x80010240
# [SimX-DPI] Read 8 bytes from 0x80010248
# [SimX-DPI] Read 8 bytes from 0x80010250
# [SimX-DPI] Read 8 bytes from 0x80010258
# [SimX-DPI] Read 8 bytes from 0x80010260
# [SimX-DPI] Read 8 bytes from 0x80010268
# [SimX-DPI] Read 8 bytes from 0x80010270
# [SimX-DPI] Read 8 bytes from 0x80010278
# [SimX-DPI] Read 8 bytes from 0x80010280
# [SimX-DPI] Read 8 bytes from 0x80010288
# [SimX-DPI] Read 8 bytes from 0x80010290
# [SimX-DPI] Read 8 bytes from 0x80010298
# [SimX-DPI] Read 8 bytes from 0x800102a0
# [SimX-DPI] Read 8 bytes from 0x800102a8
# [SimX-DPI] Read 8 bytes from 0x800102b0
# [SimX-DPI] Read 8 bytes from 0x800102b8
# [SimX-DPI] Read 8 bytes from 0x800102c0
# [SimX-DPI] Read 8 bytes from 0x800102c8
# [SimX-DPI] Read 8 bytes from 0x800102d0
# [SimX-DPI] Read 8 bytes from 0x800102d8
# [SimX-DPI] Read 8 bytes from 0x800102e0
# [SimX-DPI] Read 8 bytes from 0x800102e8
# [SimX-DPI] Read 8 bytes from 0x800102f0
# [SimX-DPI] Read 8 bytes from 0x800102f8
# [SimX-DPI] Read 8 bytes from 0x80010300
# [SimX-DPI] Read 8 bytes from 0x80010308
# [SimX-DPI] Read 8 bytes from 0x80010310
# [SimX-DPI] Read 8 bytes from 0x80010318
# [SimX-DPI] Read 8 bytes from 0x80010320
# [SimX-DPI] Read 8 bytes from 0x80010328
# [SimX-DPI] Read 8 bytes from 0x80010330
# [SimX-DPI] Read 8 bytes from 0x80010338
# [SimX-DPI] Read 8 bytes from 0x80010340
# [SimX-DPI] Read 8 bytes from 0x80010348
# [SimX-DPI] Read 8 bytes from 0x80010350
# [SimX-DPI] Read 8 bytes from 0x80010358
# [SimX-DPI] Read 8 bytes from 0x80010360
# [SimX-DPI] Read 8 bytes from 0x80010368
# [SimX-DPI] Read 8 bytes from 0x80010370
# [SimX-DPI] Read 8 bytes from 0x80010378
# [SimX-DPI] Read 8 bytes from 0x80010380
# [SimX-DPI] Read 8 bytes from 0x80010388
# [SimX-DPI] Read 8 bytes from 0x80010390
# [SimX-DPI] Read 8 bytes from 0x80010398
# [SimX-DPI] Read 8 bytes from 0x800103a0
# [SimX-DPI] Read 8 bytes from 0x800103a8
# [SimX-DPI] Read 8 bytes from 0x800103b0
# [SimX-DPI] Read 8 bytes from 0x800103b8
# [SimX-DPI] Read 8 bytes from 0x800103c0
# [SimX-DPI] Read 8 bytes from 0x800103c8
# [SimX-DPI] Read 8 bytes from 0x800103d0
# [SimX-DPI] Read 8 bytes from 0x800103d8
# [SimX-DPI] Read 8 bytes from 0x800103e0
# [SimX-DPI] Read 8 bytes from 0x800103e8
# [SimX-DPI] Read 8 bytes from 0x800103f0
# [SimX-DPI] Read 8 bytes from 0x800103f8
# [SimX-DPI] Read 8 bytes from 0x80010400
# [SimX-DPI] Read 8 bytes from 0x80010408
# [SimX-DPI] Read 8 bytes from 0x80010410
# [SimX-DPI] Read 8 bytes from 0x80010418
# [SimX-DPI] Read 8 bytes from 0x80010420
# [SimX-DPI] Read 8 bytes from 0x80010428
# [SimX-DPI] Read 8 bytes from 0x80010430
# [SimX-DPI] Read 8 bytes from 0x80010438
# [SimX-DPI] Read 8 bytes from 0x80010440
# [SimX-DPI] Read 8 bytes from 0x80010448
# [SimX-DPI] Read 8 bytes from 0x80010450
# [SimX-DPI] Read 8 bytes from 0x80010458
# [SimX-DPI] Read 8 bytes from 0x80010460
# [SimX-DPI] Read 8 bytes from 0x80010468
# [SimX-DPI] Read 8 bytes from 0x80010470
# [SimX-DPI] Read 8 bytes from 0x80010478
# [SimX-DPI] Read 8 bytes from 0x80010480
# [SimX-DPI] Read 8 bytes from 0x80010488
# [SimX-DPI] Read 8 bytes from 0x80010490
# [SimX-DPI] Read 8 bytes from 0x80010498
# [SimX-DPI] Read 8 bytes from 0x800104a0
# [SimX-DPI] Read 8 bytes from 0x800104a8
# [SimX-DPI] Read 8 bytes from 0x800104b0
# [SimX-DPI] Read 8 bytes from 0x800104b8
# [SimX-DPI] Read 8 bytes from 0x800104c0
# [SimX-DPI] Read 8 bytes from 0x800104c8
# [SimX-DPI] Read 8 bytes from 0x800104d0
# [SimX-DPI] Read 8 bytes from 0x800104d8
# [SimX-DPI] Read 8 bytes from 0x800104e0
# [SimX-DPI] Read 8 bytes from 0x800104e8
# [SimX-DPI] Read 8 bytes from 0x800104f0
# [SimX-DPI] Read 8 bytes from 0x800104f8
# [SimX-DPI] Read 8 bytes from 0x80010500
# [SimX-DPI] Read 8 bytes from 0x80010508
# [SimX-DPI] Read 8 bytes from 0x80010510
# [SimX-DPI] Read 8 bytes from 0x80010518
# [SimX-DPI] Read 8 bytes from 0x80010520
# [SimX-DPI] Read 8 bytes from 0x80010528
# [SimX-DPI] Read 8 bytes from 0x80010530
# [SimX-DPI] Read 8 bytes from 0x80010538
# [SimX-DPI] Read 8 bytes from 0x80010540
# [SimX-DPI] Read 8 bytes from 0x80010548
# [SimX-DPI] Read 8 bytes from 0x80010550
# [SimX-DPI] Read 8 bytes from 0x80010558
# [SimX-DPI] Read 8 bytes from 0x80010560
# [SimX-DPI] Read 8 bytes from 0x80010568
# [SimX-DPI] Read 8 bytes from 0x80010570
# [SimX-DPI] Read 8 bytes from 0x80010578
# [SimX-DPI] Read 8 bytes from 0x80010580
# [SimX-DPI] Read 8 bytes from 0x80010588
# [SimX-DPI] Read 8 bytes from 0x80010590
# [SimX-DPI] Read 8 bytes from 0x80010598
# [SimX-DPI] Read 8 bytes from 0x800105a0
# [SimX-DPI] Read 8 bytes from 0x800105a8
# [SimX-DPI] Read 8 bytes from 0x800105b0
# [SimX-DPI] Read 8 bytes from 0x800105b8
# [SimX-DPI] Read 8 bytes from 0x800105c0
# [SimX-DPI] Read 8 bytes from 0x800105c8
# [SimX-DPI] Read 8 bytes from 0x800105d0
# [SimX-DPI] Read 8 bytes from 0x800105d8
# [SimX-DPI] Read 8 bytes from 0x800105e0
# [SimX-DPI] Read 8 bytes from 0x800105e8
# [SimX-DPI] Read 8 bytes from 0x800105f0
# [SimX-DPI] Read 8 bytes from 0x800105f8
# [SimX-DPI] Read 8 bytes from 0x80010600
# [SimX-DPI] Read 8 bytes from 0x80010608
# [SimX-DPI] Read 8 bytes from 0x80010610
# [SimX-DPI] Read 8 bytes from 0x80010618
# [SimX-DPI] Read 8 bytes from 0x80010620
# [SimX-DPI] Read 8 bytes from 0x80010628
# [SimX-DPI] Read 8 bytes from 0x80010630
# [SimX-DPI] Read 8 bytes from 0x80010638
# [SimX-DPI] Read 8 bytes from 0x80010640
# [SimX-DPI] Read 8 bytes from 0x80010648
# [SimX-DPI] Read 8 bytes from 0x80010650
# [SimX-DPI] Read 8 bytes from 0x80010658
# [SimX-DPI] Read 8 bytes from 0x80010660
# [SimX-DPI] Read 8 bytes from 0x80010668
# [SimX-DPI] Read 8 bytes from 0x80010670
# [SimX-DPI] Read 8 bytes from 0x80010678
# [SimX-DPI] Read 8 bytes from 0x80010680
# [SimX-DPI] Read 8 bytes from 0x80010688
# [SimX-DPI] Read 8 bytes from 0x80010690
# [SimX-DPI] Read 8 bytes from 0x80010698
# [SimX-DPI] Read 8 bytes from 0x800106a0
# [SimX-DPI] Read 8 bytes from 0x800106a8
# [SimX-DPI] Read 8 bytes from 0x800106b0
# [SimX-DPI] Read 8 bytes from 0x800106b8
# [SimX-DPI] Read 8 bytes from 0x800106c0
# [SimX-DPI] Read 8 bytes from 0x800106c8
# [SimX-DPI] Read 8 bytes from 0x800106d0
# [SimX-DPI] Read 8 bytes from 0x800106d8
# [SimX-DPI] Read 8 bytes from 0x800106e0
# [SimX-DPI] Read 8 bytes from 0x800106e8
# [SimX-DPI] Read 8 bytes from 0x800106f0
# [SimX-DPI] Read 8 bytes from 0x800106f8
# [SimX-DPI] Read 8 bytes from 0x80010700
# [SimX-DPI] Read 8 bytes from 0x80010708
# [SimX-DPI] Read 8 bytes from 0x80010710
# [SimX-DPI] Read 8 bytes from 0x80010718
# [SimX-DPI] Read 8 bytes from 0x80010720
# [SimX-DPI] Read 8 bytes from 0x80010728
# [SimX-DPI] Read 8 bytes from 0x80010730
# [SimX-DPI] Read 8 bytes from 0x80010738
# [SimX-DPI] Read 8 bytes from 0x80010740
# [SimX-DPI] Read 8 bytes from 0x80010748
# [SimX-DPI] Read 8 bytes from 0x80010750
# [SimX-DPI] Read 8 bytes from 0x80010758
# [SimX-DPI] Read 8 bytes from 0x80010760
# [SimX-DPI] Read 8 bytes from 0x80010768
# [SimX-DPI] Read 8 bytes from 0x80010770
# [SimX-DPI] Read 8 bytes from 0x80010778
# [SimX-DPI] Read 8 bytes from 0x80010780
# [SimX-DPI] Read 8 bytes from 0x80010788
# [SimX-DPI] Read 8 bytes from 0x80010790
# [SimX-DPI] Read 8 bytes from 0x80010798
# [SimX-DPI] Read 8 bytes from 0x800107a0
# [SimX-DPI] Read 8 bytes from 0x800107a8
# [SimX-DPI] Read 8 bytes from 0x800107b0
# [SimX-DPI] Read 8 bytes from 0x800107b8
# [SimX-DPI] Read 8 bytes from 0x800107c0
# [SimX-DPI] Read 8 bytes from 0x800107c8
# [SimX-DPI] Read 8 bytes from 0x800107d0
# [SimX-DPI] Read 8 bytes from 0x800107d8
# [SimX-DPI] Read 8 bytes from 0x800107e0
# [SimX-DPI] Read 8 bytes from 0x800107e8
# [SimX-DPI] Read 8 bytes from 0x800107f0
# [SimX-DPI] Read 8 bytes from 0x800107f8
# [SimX-DPI] Read 8 bytes from 0x80010800
# [SimX-DPI] Read 8 bytes from 0x80010808
# [SimX-DPI] Read 8 bytes from 0x80010810
# [SimX-DPI] Read 8 bytes from 0x80010818
# [SimX-DPI] Read 8 bytes from 0x80010820
# [SimX-DPI] Read 8 bytes from 0x80010828
# [SimX-DPI] Read 8 bytes from 0x80010830
# [SimX-DPI] Read 8 bytes from 0x80010838
# [SimX-DPI] Read 8 bytes from 0x80010840
# [SimX-DPI] Read 8 bytes from 0x80010848
# [SimX-DPI] Read 8 bytes from 0x80010850
# [SimX-DPI] Read 8 bytes from 0x80010858
# [SimX-DPI] Read 8 bytes from 0x80010860
# [SimX-DPI] Read 8 bytes from 0x80010868
# [SimX-DPI] Read 8 bytes from 0x80010870
# [SimX-DPI] Read 8 bytes from 0x80010878
# [SimX-DPI] Read 8 bytes from 0x80010880
# [SimX-DPI] Read 8 bytes from 0x80010888
# [SimX-DPI] Read 8 bytes from 0x80010890
# [SimX-DPI] Read 8 bytes from 0x80010898
# [SimX-DPI] Read 8 bytes from 0x800108a0
# [SimX-DPI] Read 8 bytes from 0x800108a8
# [SimX-DPI] Read 8 bytes from 0x800108b0
# [SimX-DPI] Read 8 bytes from 0x800108b8
# [SimX-DPI] Read 8 bytes from 0x800108c0
# [SimX-DPI] Read 8 bytes from 0x800108c8
# [SimX-DPI] Read 8 bytes from 0x800108d0
# [SimX-DPI] Read 8 bytes from 0x800108d8
# [SimX-DPI] Read 8 bytes from 0x800108e0
# [SimX-DPI] Read 8 bytes from 0x800108e8
# [SimX-DPI] Read 8 bytes from 0x800108f0
# [SimX-DPI] Read 8 bytes from 0x800108f8
# [SimX-DPI] Read 8 bytes from 0x80010900
# [SimX-DPI] Read 8 bytes from 0x80010908
# [SimX-DPI] Read 8 bytes from 0x80010910
# [SimX-DPI] Read 8 bytes from 0x80010918
# [SimX-DPI] Read 8 bytes from 0x80010920
# [SimX-DPI] Read 8 bytes from 0x80010928
# [SimX-DPI] Read 8 bytes from 0x80010930
# [SimX-DPI] Read 8 bytes from 0x80010938
# [SimX-DPI] Read 8 bytes from 0x80010940
# [SimX-DPI] Read 8 bytes from 0x80010948
# [SimX-DPI] Read 8 bytes from 0x80010950
# [SimX-DPI] Read 8 bytes from 0x80010958
# [SimX-DPI] Read 8 bytes from 0x80010960
# [SimX-DPI] Read 8 bytes from 0x80010968
# [SimX-DPI] Read 8 bytes from 0x80010970
# [SimX-DPI] Read 8 bytes from 0x80010978
# [SimX-DPI] Read 8 bytes from 0x80010980
# [SimX-DPI] Read 8 bytes from 0x80010988
# [SimX-DPI] Read 8 bytes from 0x80010990
# [SimX-DPI] Read 8 bytes from 0x80010998
# [SimX-DPI] Read 8 bytes from 0x800109a0
# [SimX-DPI] Read 8 bytes from 0x800109a8
# [SimX-DPI] Read 8 bytes from 0x800109b0
# [SimX-DPI] Read 8 bytes from 0x800109b8
# [SimX-DPI] Read 8 bytes from 0x800109c0
# [SimX-DPI] Read 8 bytes from 0x800109c8
# [SimX-DPI] Read 8 bytes from 0x800109d0
# [SimX-DPI] Read 8 bytes from 0x800109d8
# [SimX-DPI] Read 8 bytes from 0x800109e0
# [SimX-DPI] Read 8 bytes from 0x800109e8
# [SimX-DPI] Read 8 bytes from 0x800109f0
# [SimX-DPI] Read 8 bytes from 0x800109f8
# [SimX-DPI] Read 8 bytes from 0x80010a00
# [SimX-DPI] Read 8 bytes from 0x80010a08
# [SimX-DPI] Read 8 bytes from 0x80010a10
# [SimX-DPI] Read 8 bytes from 0x80010a18
# [SimX-DPI] Read 8 bytes from 0x80010a20
# [SimX-DPI] Read 8 bytes from 0x80010a28
# [SimX-DPI] Read 8 bytes from 0x80010a30
# [SimX-DPI] Read 8 bytes from 0x80010a38
# [SimX-DPI] Read 8 bytes from 0x80010a40
# [SimX-DPI] Read 8 bytes from 0x80010a48
# [SimX-DPI] Read 8 bytes from 0x80010a50
# [SimX-DPI] Read 8 bytes from 0x80010a58
# [SimX-DPI] Read 8 bytes from 0x80010a60
# [SimX-DPI] Read 8 bytes from 0x80010a68
# [SimX-DPI] Read 8 bytes from 0x80010a70
# [SimX-DPI] Read 8 bytes from 0x80010a78
# [SimX-DPI] Read 8 bytes from 0x80010a80
# [SimX-DPI] Read 8 bytes from 0x80010a88
# [SimX-DPI] Read 8 bytes from 0x80010a90
# [SimX-DPI] Read 8 bytes from 0x80010a98
# [SimX-DPI] Read 8 bytes from 0x80010aa0
# [SimX-DPI] Read 8 bytes from 0x80010aa8
# [SimX-DPI] Read 8 bytes from 0x80010ab0
# [SimX-DPI] Read 8 bytes from 0x80010ab8
# [SimX-DPI] Read 8 bytes from 0x80010ac0
# [SimX-DPI] Read 8 bytes from 0x80010ac8
# [SimX-DPI] Read 8 bytes from 0x80010ad0
# [SimX-DPI] Read 8 bytes from 0x80010ad8
# [SimX-DPI] Read 8 bytes from 0x80010ae0
# [SimX-DPI] Read 8 bytes from 0x80010ae8
# [SimX-DPI] Read 8 bytes from 0x80010af0
# [SimX-DPI] Read 8 bytes from 0x80010af8
# [SimX-DPI] Read 8 bytes from 0x80010b00
# [SimX-DPI] Read 8 bytes from 0x80010b08
# [SimX-DPI] Read 8 bytes from 0x80010b10
# [SimX-DPI] Read 8 bytes from 0x80010b18
# [SimX-DPI] Read 8 bytes from 0x80010b20
# [SimX-DPI] Read 8 bytes from 0x80010b28
# [SimX-DPI] Read 8 bytes from 0x80010b30
# [SimX-DPI] Read 8 bytes from 0x80010b38
# [SimX-DPI] Read 8 bytes from 0x80010b40
# [SimX-DPI] Read 8 bytes from 0x80010b48
# [SimX-DPI] Read 8 bytes from 0x80010b50
# [SimX-DPI] Read 8 bytes from 0x80010b58
# [SimX-DPI] Read 8 bytes from 0x80010b60
# [SimX-DPI] Read 8 bytes from 0x80010b68
# [SimX-DPI] Read 8 bytes from 0x80010b70
# [SimX-DPI] Read 8 bytes from 0x80010b78
# [SimX-DPI] Read 8 bytes from 0x80010b80
# [SimX-DPI] Read 8 bytes from 0x80010b88
# [SimX-DPI] Read 8 bytes from 0x80010b90
# [SimX-DPI] Read 8 bytes from 0x80010b98
# [SimX-DPI] Read 8 bytes from 0x80010ba0
# [SimX-DPI] Read 8 bytes from 0x80010ba8
# [SimX-DPI] Read 8 bytes from 0x80010bb0
# [SimX-DPI] Read 8 bytes from 0x80010bb8
# [SimX-DPI] Read 8 bytes from 0x80010bc0
# [SimX-DPI] Read 8 bytes from 0x80010bc8
# [SimX-DPI] Read 8 bytes from 0x80010bd0
# [SimX-DPI] Read 8 bytes from 0x80010bd8
# [SimX-DPI] Read 8 bytes from 0x80010be0
# [SimX-DPI] Read 8 bytes from 0x80010be8
# [SimX-DPI] Read 8 bytes from 0x80010bf0
# [SimX-DPI] Read 8 bytes from 0x80010bf8
# [SimX-DPI] Read 8 bytes from 0x80010c00
# [SimX-DPI] Read 8 bytes from 0x80010c08
# [SimX-DPI] Read 8 bytes from 0x80010c10
# [SimX-DPI] Read 8 bytes from 0x80010c18
# [SimX-DPI] Read 8 bytes from 0x80010c20
# [SimX-DPI] Read 8 bytes from 0x80010c28
# [SimX-DPI] Read 8 bytes from 0x80010c30
# [SimX-DPI] Read 8 bytes from 0x80010c38
# [SimX-DPI] Read 8 bytes from 0x80010c40
# [SimX-DPI] Read 8 bytes from 0x80010c48
# [SimX-DPI] Read 8 bytes from 0x80010c50
# [SimX-DPI] Read 8 bytes from 0x80010c58
# [SimX-DPI] Read 8 bytes from 0x80010c60
# [SimX-DPI] Read 8 bytes from 0x80010c68
# [SimX-DPI] Read 8 bytes from 0x80010c70
# [SimX-DPI] Read 8 bytes from 0x80010c78
# [SimX-DPI] Read 8 bytes from 0x80010c80
# [SimX-DPI] Read 8 bytes from 0x80010c88
# [SimX-DPI] Read 8 bytes from 0x80010c90
# [SimX-DPI] Read 8 bytes from 0x80010c98
# [SimX-DPI] Read 8 bytes from 0x80010ca0
# [SimX-DPI] Read 8 bytes from 0x80010ca8
# [SimX-DPI] Read 8 bytes from 0x80010cb0
# [SimX-DPI] Read 8 bytes from 0x80010cb8
# [SimX-DPI] Read 8 bytes from 0x80010cc0
# [SimX-DPI] Read 8 bytes from 0x80010cc8
# [SimX-DPI] Read 8 bytes from 0x80010cd0
# [SimX-DPI] Read 8 bytes from 0x80010cd8
# [SimX-DPI] Read 8 bytes from 0x80010ce0
# [SimX-DPI] Read 8 bytes from 0x80010ce8
# [SimX-DPI] Read 8 bytes from 0x80010cf0
# [SimX-DPI] Read 8 bytes from 0x80010cf8
# [SimX-DPI] Read 8 bytes from 0x80010d00
# [SimX-DPI] Read 8 bytes from 0x80010d08
# [SimX-DPI] Read 8 bytes from 0x80010d10
# [SimX-DPI] Read 8 bytes from 0x80010d18
# [SimX-DPI] Read 8 bytes from 0x80010d20
# [SimX-DPI] Read 8 bytes from 0x80010d28
# [SimX-DPI] Read 8 bytes from 0x80010d30
# [SimX-DPI] Read 8 bytes from 0x80010d38
# [SimX-DPI] Read 8 bytes from 0x80010d40
# [SimX-DPI] Read 8 bytes from 0x80010d48
# [SimX-DPI] Read 8 bytes from 0x80010d50
# [SimX-DPI] Read 8 bytes from 0x80010d58
# [SimX-DPI] Read 8 bytes from 0x80010d60
# [SimX-DPI] Read 8 bytes from 0x80010d68
# [SimX-DPI] Read 8 bytes from 0x80010d70
# [SimX-DPI] Read 8 bytes from 0x80010d78
# [SimX-DPI] Read 8 bytes from 0x80010d80
# [SimX-DPI] Read 8 bytes from 0x80010d88
# [SimX-DPI] Read 8 bytes from 0x80010d90
# [SimX-DPI] Read 8 bytes from 0x80010d98
# [SimX-DPI] Read 8 bytes from 0x80010da0
# [SimX-DPI] Read 8 bytes from 0x80010da8
# [SimX-DPI] Read 8 bytes from 0x80010db0
# [SimX-DPI] Read 8 bytes from 0x80010db8
# [SimX-DPI] Read 8 bytes from 0x80010dc0
# [SimX-DPI] Read 8 bytes from 0x80010dc8
# [SimX-DPI] Read 8 bytes from 0x80010dd0
# [SimX-DPI] Read 8 bytes from 0x80010dd8
# [SimX-DPI] Read 8 bytes from 0x80010de0
# [SimX-DPI] Read 8 bytes from 0x80010de8
# [SimX-DPI] Read 8 bytes from 0x80010df0
# [SimX-DPI] Read 8 bytes from 0x80010df8
# [SimX-DPI] Read 8 bytes from 0x80010e00
# [SimX-DPI] Read 8 bytes from 0x80010e08
# [SimX-DPI] Read 8 bytes from 0x80010e10
# [SimX-DPI] Read 8 bytes from 0x80010e18
# [SimX-DPI] Read 8 bytes from 0x80010e20
# [SimX-DPI] Read 8 bytes from 0x80010e28
# [SimX-DPI] Read 8 bytes from 0x80010e30
# [SimX-DPI] Read 8 bytes from 0x80010e38
# [SimX-DPI] Read 8 bytes from 0x80010e40
# [SimX-DPI] Read 8 bytes from 0x80010e48
# [SimX-DPI] Read 8 bytes from 0x80010e50
# [SimX-DPI] Read 8 bytes from 0x80010e58
# [SimX-DPI] Read 8 bytes from 0x80010e60
# [SimX-DPI] Read 8 bytes from 0x80010e68
# [SimX-DPI] Read 8 bytes from 0x80010e70
# [SimX-DPI] Read 8 bytes from 0x80010e78
# [SimX-DPI] Read 8 bytes from 0x80010e80
# [SimX-DPI] Read 8 bytes from 0x80010e88
# [SimX-DPI] Read 8 bytes from 0x80010e90
# [SimX-DPI] Read 8 bytes from 0x80010e98
# [SimX-DPI] Read 8 bytes from 0x80010ea0
# [SimX-DPI] Read 8 bytes from 0x80010ea8
# [SimX-DPI] Read 8 bytes from 0x80010eb0
# [SimX-DPI] Read 8 bytes from 0x80010eb8
# [SimX-DPI] Read 8 bytes from 0x80010ec0
# [SimX-DPI] Read 8 bytes from 0x80010ec8
# [SimX-DPI] Read 8 bytes from 0x80010ed0
# [SimX-DPI] Read 8 bytes from 0x80010ed8
# [SimX-DPI] Read 8 bytes from 0x80010ee0
# [SimX-DPI] Read 8 bytes from 0x80010ee8
# [SimX-DPI] Read 8 bytes from 0x80010ef0
# [SimX-DPI] Read 8 bytes from 0x80010ef8
# [SimX-DPI] Read 8 bytes from 0x80010f00
# [SimX-DPI] Read 8 bytes from 0x80010f08
# [SimX-DPI] Read 8 bytes from 0x80010f10
# [SimX-DPI] Read 8 bytes from 0x80010f18
# [SimX-DPI] Read 8 bytes from 0x80010f20
# [SimX-DPI] Read 8 bytes from 0x80010f28
# [SimX-DPI] Read 8 bytes from 0x80010f30
# [SimX-DPI] Read 8 bytes from 0x80010f38
# [SimX-DPI] Read 8 bytes from 0x80010f40
# [SimX-DPI] Read 8 bytes from 0x80010f48
# [SimX-DPI] Read 8 bytes from 0x80010f50
# [SimX-DPI] Read 8 bytes from 0x80010f58
# [SimX-DPI] Read 8 bytes from 0x80010f60
# [SimX-DPI] Read 8 bytes from 0x80010f68
# [SimX-DPI] Read 8 bytes from 0x80010f70
# [SimX-DPI] Read 8 bytes from 0x80010f78
# [SimX-DPI] Read 8 bytes from 0x80010f80
# [SimX-DPI] Read 8 bytes from 0x80010f88
# [SimX-DPI] Read 8 bytes from 0x80010f90
# [SimX-DPI] Read 8 bytes from 0x80010f98
# [SimX-DPI] Read 8 bytes from 0x80010fa0
# [SimX-DPI] Read 8 bytes from 0x80010fa8
# [SimX-DPI] Read 8 bytes from 0x80010fb0
# [SimX-DPI] Read 8 bytes from 0x80010fb8
# [SimX-DPI] Read 8 bytes from 0x80010fc0
# [SimX-DPI] Read 8 bytes from 0x80010fc8
# [SimX-DPI] Read 8 bytes from 0x80010fd0
# [SimX-DPI] Read 8 bytes from 0x80010fd8
# [SimX-DPI] Read 8 bytes from 0x80010fe0
# [SimX-DPI] Read 8 bytes from 0x80010fe8
# [SimX-DPI] Read 8 bytes from 0x80010ff0
# [SimX-DPI] Read 8 bytes from 0x80010ff8
# [SimX-DPI] Read 8 bytes from 0x80011000
# [SimX-DPI] Read 8 bytes from 0x80011008
# [SimX-DPI] Read 8 bytes from 0x80011010
# [SimX-DPI] Read 8 bytes from 0x80011018
# [SimX-DPI] Read 8 bytes from 0x80011020
# [SimX-DPI] Read 8 bytes from 0x80011028
# [SimX-DPI] Read 8 bytes from 0x80011030
# [SimX-DPI] Read 8 bytes from 0x80011038
# [SimX-DPI] Read 8 bytes from 0x80011040
# [SimX-DPI] Read 8 bytes from 0x80011048
# [SimX-DPI] Read 8 bytes from 0x80011050
# [SimX-DPI] Read 8 bytes from 0x80011058
# [SimX-DPI] Read 8 bytes from 0x80011060
# [SimX-DPI] Read 8 bytes from 0x80011068
# [SimX-DPI] Read 8 bytes from 0x80011070
# [SimX-DPI] Read 8 bytes from 0x80011078
# [SimX-DPI] Read 8 bytes from 0x80011080
# [SimX-DPI] Read 8 bytes from 0x80011088
# [SimX-DPI] Read 8 bytes from 0x80011090
# [SimX-DPI] Read 8 bytes from 0x80011098
# [SimX-DPI] Read 8 bytes from 0x800110a0
# [SimX-DPI] Read 8 bytes from 0x800110a8
# [SimX-DPI] Read 8 bytes from 0x800110b0
# [SimX-DPI] Read 8 bytes from 0x800110b8
# [SimX-DPI] Read 8 bytes from 0x800110c0
# [SimX-DPI] Read 8 bytes from 0x800110c8
# [SimX-DPI] Read 8 bytes from 0x800110d0
# [SimX-DPI] Read 8 bytes from 0x800110d8
# [SimX-DPI] Read 8 bytes from 0x800110e0
# [SimX-DPI] Read 8 bytes from 0x800110e8
# [SimX-DPI] Read 8 bytes from 0x800110f0
# [SimX-DPI] Read 8 bytes from 0x800110f8
# [SimX-DPI] Read 8 bytes from 0x80011100
# [SimX-DPI] Read 8 bytes from 0x80011108
# [SimX-DPI] Read 8 bytes from 0x80011110
# [SimX-DPI] Read 8 bytes from 0x80011118
# [SimX-DPI] Read 8 bytes from 0x80011120
# [SimX-DPI] Read 8 bytes from 0x80011128
# [SimX-DPI] Read 8 bytes from 0x80011130
# [SimX-DPI] Read 8 bytes from 0x80011138
# [SimX-DPI] Read 8 bytes from 0x80011140
# [SimX-DPI] Read 8 bytes from 0x80011148
# [SimX-DPI] Read 8 bytes from 0x80011150
# [SimX-DPI] Read 8 bytes from 0x80011158
# [SimX-DPI] Read 8 bytes from 0x80011160
# [SimX-DPI] Read 8 bytes from 0x80011168
# [SimX-DPI] Read 8 bytes from 0x80011170
# [SimX-DPI] Read 8 bytes from 0x80011178
# [SimX-DPI] Read 8 bytes from 0x80011180
# [SimX-DPI] Read 8 bytes from 0x80011188
# [SimX-DPI] Read 8 bytes from 0x80011190
# [SimX-DPI] Read 8 bytes from 0x80011198
# [SimX-DPI] Read 8 bytes from 0x800111a0
# [SimX-DPI] Read 8 bytes from 0x800111a8
# [SimX-DPI] Read 8 bytes from 0x800111b0
# [SimX-DPI] Read 8 bytes from 0x800111b8
# [SimX-DPI] Read 8 bytes from 0x800111c0
# [SimX-DPI] Read 8 bytes from 0x800111c8
# [SimX-DPI] Read 8 bytes from 0x800111d0
# [SimX-DPI] Read 8 bytes from 0x800111d8
# [SimX-DPI] Read 8 bytes from 0x800111e0
# [SimX-DPI] Read 8 bytes from 0x800111e8
# [SimX-DPI] Read 8 bytes from 0x800111f0
# [SimX-DPI] Read 8 bytes from 0x800111f8
# [SimX-DPI] Read 8 bytes from 0x80011200
# [SimX-DPI] Read 8 bytes from 0x80011208
# [SimX-DPI] Read 8 bytes from 0x80011210
# [SimX-DPI] Read 8 bytes from 0x80011218
# [SimX-DPI] Read 8 bytes from 0x80011220
# [SimX-DPI] Read 8 bytes from 0x80011228
# [SimX-DPI] Read 8 bytes from 0x80011230
# [SimX-DPI] Read 8 bytes from 0x80011238
# [SimX-DPI] Read 8 bytes from 0x80011240
# [SimX-DPI] Read 8 bytes from 0x80011248
# [SimX-DPI] Read 8 bytes from 0x80011250
# [SimX-DPI] Read 8 bytes from 0x80011258
# [SimX-DPI] Read 8 bytes from 0x80011260
# [SimX-DPI] Read 8 bytes from 0x80011268
# [SimX-DPI] Read 8 bytes from 0x80011270
# [SimX-DPI] Read 8 bytes from 0x80011278
# [SimX-DPI] Read 8 bytes from 0x80011280
# [SimX-DPI] Read 8 bytes from 0x80011288
# [SimX-DPI] Read 8 bytes from 0x80011290
# [SimX-DPI] Read 8 bytes from 0x80011298
# [SimX-DPI] Read 8 bytes from 0x800112a0
# [SimX-DPI] Read 8 bytes from 0x800112a8
# [SimX-DPI] Read 8 bytes from 0x800112b0
# [SimX-DPI] Read 8 bytes from 0x800112b8
# [SimX-DPI] Read 8 bytes from 0x800112c0
# [SimX-DPI] Read 8 bytes from 0x800112c8
# [SimX-DPI] Read 8 bytes from 0x800112d0
# [SimX-DPI] Read 8 bytes from 0x800112d8
# [SimX-DPI] Read 8 bytes from 0x800112e0
# [SimX-DPI] Read 8 bytes from 0x800112e8
# [SimX-DPI] Read 8 bytes from 0x800112f0
# [SimX-DPI] Read 8 bytes from 0x800112f8
# [SimX-DPI] Read 8 bytes from 0x80011300
# [SimX-DPI] Read 8 bytes from 0x80011308
# [SimX-DPI] Read 8 bytes from 0x80011310
# [SimX-DPI] Read 8 bytes from 0x80011318
# [SimX-DPI] Read 8 bytes from 0x80011320
# [SimX-DPI] Read 8 bytes from 0x80011328
# [SimX-DPI] Read 8 bytes from 0x80011330
# [SimX-DPI] Read 8 bytes from 0x80011338
# [SimX-DPI] Read 8 bytes from 0x80011340
# [SimX-DPI] Read 8 bytes from 0x80011348
# [SimX-DPI] Read 8 bytes from 0x80011350
# [SimX-DPI] Read 8 bytes from 0x80011358
# [SimX-DPI] Read 8 bytes from 0x80011360
# [SimX-DPI] Read 8 bytes from 0x80011368
# [SimX-DPI] Read 8 bytes from 0x80011370
# [SimX-DPI] Read 8 bytes from 0x80011378
# [SimX-DPI] Read 8 bytes from 0x80011380
# [SimX-DPI] Read 8 bytes from 0x80011388
# [SimX-DPI] Read 8 bytes from 0x80011390
# [SimX-DPI] Read 8 bytes from 0x80011398
# [SimX-DPI] Read 8 bytes from 0x800113a0
# [SimX-DPI] Read 8 bytes from 0x800113a8
# [SimX-DPI] Read 8 bytes from 0x800113b0
# [SimX-DPI] Read 8 bytes from 0x800113b8
# [SimX-DPI] Read 8 bytes from 0x800113c0
# [SimX-DPI] Read 8 bytes from 0x800113c8
# [SimX-DPI] Read 8 bytes from 0x800113d0
# [SimX-DPI] Read 8 bytes from 0x800113d8
# [SimX-DPI] Read 8 bytes from 0x800113e0
# [SimX-DPI] Read 8 bytes from 0x800113e8
# [SimX-DPI] Read 8 bytes from 0x800113f0
# [SimX-DPI] Read 8 bytes from 0x800113f8
# [SimX-DPI] Read 8 bytes from 0x80011400
# [SimX-DPI] Read 8 bytes from 0x80011408
# [SimX-DPI] Read 8 bytes from 0x80011410
# [SimX-DPI] Read 8 bytes from 0x80011418
# [SimX-DPI] Read 8 bytes from 0x80011420
# [SimX-DPI] Read 8 bytes from 0x80011428
# [SimX-DPI] Read 8 bytes from 0x80011430
# [SimX-DPI] Read 8 bytes from 0x80011438
# [SimX-DPI] Read 8 bytes from 0x80011440
# [SimX-DPI] Read 8 bytes from 0x80011448
# [SimX-DPI] Read 8 bytes from 0x80011450
# [SimX-DPI] Read 8 bytes from 0x80011458
# [SimX-DPI] Read 8 bytes from 0x80011460
# [SimX-DPI] Read 8 bytes from 0x80011468
# [SimX-DPI] Read 8 bytes from 0x80011470
# [SimX-DPI] Read 8 bytes from 0x80011478
# [SimX-DPI] Read 8 bytes from 0x80011480
# [SimX-DPI] Read 8 bytes from 0x80011488
# [SimX-DPI] Read 8 bytes from 0x80011490
# [SimX-DPI] Read 8 bytes from 0x80011498
# [SimX-DPI] Read 8 bytes from 0x800114a0
# [SimX-DPI] Read 8 bytes from 0x800114a8
# [SimX-DPI] Read 8 bytes from 0x800114b0
# [SimX-DPI] Read 8 bytes from 0x800114b8
# [SimX-DPI] Read 8 bytes from 0x800114c0
# [SimX-DPI] Read 8 bytes from 0x800114c8
# [SimX-DPI] Read 8 bytes from 0x800114d0
# [SimX-DPI] Read 8 bytes from 0x800114d8
# [SimX-DPI] Read 8 bytes from 0x800114e0
# [SimX-DPI] Read 8 bytes from 0x800114e8
# [SimX-DPI] Read 8 bytes from 0x800114f0
# [SimX-DPI] Read 8 bytes from 0x800114f8
# [SimX-DPI] Read 8 bytes from 0x80011500
# [SimX-DPI] Read 8 bytes from 0x80011508
# [SimX-DPI] Read 8 bytes from 0x80011510
# [SimX-DPI] Read 8 bytes from 0x80011518
# [SimX-DPI] Read 8 bytes from 0x80011520
# [SimX-DPI] Read 8 bytes from 0x80011528
# [SimX-DPI] Read 8 bytes from 0x80011530
# [SimX-DPI] Read 8 bytes from 0x80011538
# [SimX-DPI] Read 8 bytes from 0x80011540
# [SimX-DPI] Read 8 bytes from 0x80011548
# [SimX-DPI] Read 8 bytes from 0x80011550
# [SimX-DPI] Read 8 bytes from 0x80011558
# [SimX-DPI] Read 8 bytes from 0x80011560
# [SimX-DPI] Read 8 bytes from 0x80011568
# [SimX-DPI] Read 8 bytes from 0x80011570
# [SimX-DPI] Read 8 bytes from 0x80011578
# [SimX-DPI] Read 8 bytes from 0x80011580
# [SimX-DPI] Read 8 bytes from 0x80011588
# [SimX-DPI] Read 8 bytes from 0x80011590
# [SimX-DPI] Read 8 bytes from 0x80011598
# [SimX-DPI] Read 8 bytes from 0x800115a0
# [SimX-DPI] Read 8 bytes from 0x800115a8
# [SimX-DPI] Read 8 bytes from 0x800115b0
# [SimX-DPI] Read 8 bytes from 0x800115b8
# [SimX-DPI] Read 8 bytes from 0x800115c0
# [SimX-DPI] Read 8 bytes from 0x800115c8
# [SimX-DPI] Read 8 bytes from 0x800115d0
# [SimX-DPI] Read 8 bytes from 0x800115d8
# [SimX-DPI] Read 8 bytes from 0x800115e0
# [SimX-DPI] Read 8 bytes from 0x800115e8
# [SimX-DPI] Read 8 bytes from 0x800115f0
# [SimX-DPI] Read 8 bytes from 0x800115f8
# [SimX-DPI] Read 8 bytes from 0x80011600
# [SimX-DPI] Read 8 bytes from 0x80011608
# [SimX-DPI] Read 8 bytes from 0x80011610
# [SimX-DPI] Read 8 bytes from 0x80011618
# [SimX-DPI] Read 8 bytes from 0x80011620
# [SimX-DPI] Read 8 bytes from 0x80011628
# [SimX-DPI] Read 8 bytes from 0x80011630
# [SimX-DPI] Read 8 bytes from 0x80011638
# [SimX-DPI] Read 8 bytes from 0x80011640
# [SimX-DPI] Read 8 bytes from 0x80011648
# [SimX-DPI] Read 8 bytes from 0x80011650
# [SimX-DPI] Read 8 bytes from 0x80011658
# [SimX-DPI] Read 8 bytes from 0x80011660
# [SimX-DPI] Read 8 bytes from 0x80011668
# [SimX-DPI] Read 8 bytes from 0x80011670
# [SimX-DPI] Read 8 bytes from 0x80011678
# [SimX-DPI] Read 8 bytes from 0x80011680
# [SimX-DPI] Read 8 bytes from 0x80011688
# [SimX-DPI] Read 8 bytes from 0x80011690
# [SimX-DPI] Read 8 bytes from 0x80011698
# [SimX-DPI] Read 8 bytes from 0x800116a0
# [SimX-DPI] Read 8 bytes from 0x800116a8
# [SimX-DPI] Read 8 bytes from 0x800116b0
# [SimX-DPI] Read 8 bytes from 0x800116b8
# [SimX-DPI] Read 8 bytes from 0x800116c0
# [SimX-DPI] Read 8 bytes from 0x800116c8
# [SimX-DPI] Read 8 bytes from 0x800116d0
# [SimX-DPI] Read 8 bytes from 0x800116d8
# [SimX-DPI] Read 8 bytes from 0x800116e0
# [SimX-DPI] Read 8 bytes from 0x800116e8
# [SimX-DPI] Read 8 bytes from 0x800116f0
# [SimX-DPI] Read 8 bytes from 0x800116f8
# [SimX-DPI] Read 8 bytes from 0x80011700
# [SimX-DPI] Read 8 bytes from 0x80011708
# [SimX-DPI] Read 8 bytes from 0x80011710
# [SimX-DPI] Read 8 bytes from 0x80011718
# [SimX-DPI] Read 8 bytes from 0x80011720
# [SimX-DPI] Read 8 bytes from 0x80011728
# [SimX-DPI] Read 8 bytes from 0x80011730
# [SimX-DPI] Read 8 bytes from 0x80011738
# [SimX-DPI] Read 8 bytes from 0x80011740
# [SimX-DPI] Read 8 bytes from 0x80011748
# [SimX-DPI] Read 8 bytes from 0x80011750
# [SimX-DPI] Read 8 bytes from 0x80011758
# [SimX-DPI] Read 8 bytes from 0x80011760
# [SimX-DPI] Read 8 bytes from 0x80011768
# [SimX-DPI] Read 8 bytes from 0x80011770
# [SimX-DPI] Read 8 bytes from 0x80011778
# [SimX-DPI] Read 8 bytes from 0x80011780
# [SimX-DPI] Read 8 bytes from 0x80011788
# [SimX-DPI] Read 8 bytes from 0x80011790
# [SimX-DPI] Read 8 bytes from 0x80011798
# [SimX-DPI] Read 8 bytes from 0x800117a0
# [SimX-DPI] Read 8 bytes from 0x800117a8
# [SimX-DPI] Read 8 bytes from 0x800117b0
# [SimX-DPI] Read 8 bytes from 0x800117b8
# [SimX-DPI] Read 8 bytes from 0x800117c0
# [SimX-DPI] Read 8 bytes from 0x800117c8
# [SimX-DPI] Read 8 bytes from 0x800117d0
# [SimX-DPI] Read 8 bytes from 0x800117d8
# [SimX-DPI] Read 8 bytes from 0x800117e0
# [SimX-DPI] Read 8 bytes from 0x800117e8
# [SimX-DPI] Read 8 bytes from 0x800117f0
# [SimX-DPI] Read 8 bytes from 0x800117f8
# [SimX-DPI] Read 8 bytes from 0x80011800
# [SimX-DPI] Read 8 bytes from 0x80011808
# [SimX-DPI] Read 8 bytes from 0x80011810
# [SimX-DPI] Read 8 bytes from 0x80011818
# [SimX-DPI] Read 8 bytes from 0x80011820
# [SimX-DPI] Read 8 bytes from 0x80011828
# [SimX-DPI] Read 8 bytes from 0x80011830
# [SimX-DPI] Read 8 bytes from 0x80011838
# [SimX-DPI] Read 8 bytes from 0x80011840
# [SimX-DPI] Read 8 bytes from 0x80011848
# [SimX-DPI] Read 8 bytes from 0x80011850
# [SimX-DPI] Read 8 bytes from 0x80011858
# [SimX-DPI] Read 8 bytes from 0x80011860
# [SimX-DPI] Read 8 bytes from 0x80011868
# [SimX-DPI] Read 8 bytes from 0x80011870
# [SimX-DPI] Read 8 bytes from 0x80011878
# [SimX-DPI] Read 8 bytes from 0x80011880
# [SimX-DPI] Read 8 bytes from 0x80011888
# [SimX-DPI] Read 8 bytes from 0x80011890
# [SimX-DPI] Read 8 bytes from 0x80011898
# [SimX-DPI] Read 8 bytes from 0x800118a0
# [SimX-DPI] Read 8 bytes from 0x800118a8
# [SimX-DPI] Read 8 bytes from 0x800118b0
# [SimX-DPI] Read 8 bytes from 0x800118b8
# [SimX-DPI] Read 8 bytes from 0x800118c0
# [SimX-DPI] Read 8 bytes from 0x800118c8
# [SimX-DPI] Read 8 bytes from 0x800118d0
# [SimX-DPI] Read 8 bytes from 0x800118d8
# [SimX-DPI] Read 8 bytes from 0x800118e0
# [SimX-DPI] Read 8 bytes from 0x800118e8
# [SimX-DPI] Read 8 bytes from 0x800118f0
# [SimX-DPI] Read 8 bytes from 0x800118f8
# [SimX-DPI] Read 8 bytes from 0x80011900
# [SimX-DPI] Read 8 bytes from 0x80011908
# [SimX-DPI] Read 8 bytes from 0x80011910
# [SimX-DPI] Read 8 bytes from 0x80011918
# [SimX-DPI] Read 8 bytes from 0x80011920
# [SimX-DPI] Read 8 bytes from 0x80011928
# [SimX-DPI] Read 8 bytes from 0x80011930
# [SimX-DPI] Read 8 bytes from 0x80011938
# [SimX-DPI] Read 8 bytes from 0x80011940
# [SimX-DPI] Read 8 bytes from 0x80011948
# [SimX-DPI] Read 8 bytes from 0x80011950
# [SimX-DPI] Read 8 bytes from 0x80011958
# [SimX-DPI] Read 8 bytes from 0x80011960
# [SimX-DPI] Read 8 bytes from 0x80011968
# [SimX-DPI] Read 8 bytes from 0x80011970
# [SimX-DPI] Read 8 bytes from 0x80011978
# [SimX-DPI] Read 8 bytes from 0x80011980
# [SimX-DPI] Read 8 bytes from 0x80011988
# [SimX-DPI] Read 8 bytes from 0x80011990
# [SimX-DPI] Read 8 bytes from 0x80011998
# [SimX-DPI] Read 8 bytes from 0x800119a0
# [SimX-DPI] Read 8 bytes from 0x800119a8
# [SimX-DPI] Read 8 bytes from 0x800119b0
# [SimX-DPI] Read 8 bytes from 0x800119b8
# [SimX-DPI] Read 8 bytes from 0x800119c0
# [SimX-DPI] Read 8 bytes from 0x800119c8
# [SimX-DPI] Read 8 bytes from 0x800119d0
# [SimX-DPI] Read 8 bytes from 0x800119d8
# [SimX-DPI] Read 8 bytes from 0x800119e0
# [SimX-DPI] Read 8 bytes from 0x800119e8
# [SimX-DPI] Read 8 bytes from 0x800119f0
# [SimX-DPI] Read 8 bytes from 0x800119f8
# [SimX-DPI] Read 8 bytes from 0x80011a00
# [SimX-DPI] Read 8 bytes from 0x80011a08
# [SimX-DPI] Read 8 bytes from 0x80011a10
# [SimX-DPI] Read 8 bytes from 0x80011a18
# [SimX-DPI] Read 8 bytes from 0x80011a20
# [SimX-DPI] Read 8 bytes from 0x80011a28
# [SimX-DPI] Read 8 bytes from 0x80011a30
# [SimX-DPI] Read 8 bytes from 0x80011a38
# [SimX-DPI] Read 8 bytes from 0x80011a40
# [SimX-DPI] Read 8 bytes from 0x80011a48
# [SimX-DPI] Read 8 bytes from 0x80011a50
# [SimX-DPI] Read 8 bytes from 0x80011a58
# [SimX-DPI] Read 8 bytes from 0x80011a60
# [SimX-DPI] Read 8 bytes from 0x80011a68
# [SimX-DPI] Read 8 bytes from 0x80011a70
# [SimX-DPI] Read 8 bytes from 0x80011a78
# [SimX-DPI] Read 8 bytes from 0x80011a80
# [SimX-DPI] Read 8 bytes from 0x80011a88
# [SimX-DPI] Read 8 bytes from 0x80011a90
# [SimX-DPI] Read 8 bytes from 0x80011a98
# [SimX-DPI] Read 8 bytes from 0x80011aa0
# [SimX-DPI] Read 8 bytes from 0x80011aa8
# [SimX-DPI] Read 8 bytes from 0x80011ab0
# [SimX-DPI] Read 8 bytes from 0x80011ab8
# [SimX-DPI] Read 8 bytes from 0x80011ac0
# [SimX-DPI] Read 8 bytes from 0x80011ac8
# [SimX-DPI] Read 8 bytes from 0x80011ad0
# [SimX-DPI] Read 8 bytes from 0x80011ad8
# [SimX-DPI] Read 8 bytes from 0x80011ae0
# [SimX-DPI] Read 8 bytes from 0x80011ae8
# [SimX-DPI] Read 8 bytes from 0x80011af0
# [SimX-DPI] Read 8 bytes from 0x80011af8
# [SimX-DPI] Read 8 bytes from 0x80011b00
# [SimX-DPI] Read 8 bytes from 0x80011b08
# [SimX-DPI] Read 8 bytes from 0x80011b10
# [SimX-DPI] Read 8 bytes from 0x80011b18
# [SimX-DPI] Read 8 bytes from 0x80011b20
# [SimX-DPI] Read 8 bytes from 0x80011b28
# [SimX-DPI] Read 8 bytes from 0x80011b30
# [SimX-DPI] Read 8 bytes from 0x80011b38
# [SimX-DPI] Read 8 bytes from 0x80011b40
# [SimX-DPI] Read 8 bytes from 0x80011b48
# [SimX-DPI] Read 8 bytes from 0x80011b50
# [SimX-DPI] Read 8 bytes from 0x80011b58
# [SimX-DPI] Read 8 bytes from 0x80011b60
# [SimX-DPI] Read 8 bytes from 0x80011b68
# [SimX-DPI] Read 8 bytes from 0x80011b70
# [SimX-DPI] Read 8 bytes from 0x80011b78
# [SimX-DPI] Read 8 bytes from 0x80011b80
# [SimX-DPI] Read 8 bytes from 0x80011b88
# [SimX-DPI] Read 8 bytes from 0x80011b90
# [SimX-DPI] Read 8 bytes from 0x80011b98
# [SimX-DPI] Read 8 bytes from 0x80011ba0
# [SimX-DPI] Read 8 bytes from 0x80011ba8
# [SimX-DPI] Read 8 bytes from 0x80011bb0
# [SimX-DPI] Read 8 bytes from 0x80011bb8
# [SimX-DPI] Read 8 bytes from 0x80011bc0
# [SimX-DPI] Read 8 bytes from 0x80011bc8
# [SimX-DPI] Read 8 bytes from 0x80011bd0
# [SimX-DPI] Read 8 bytes from 0x80011bd8
# [SimX-DPI] Read 8 bytes from 0x80011be0
# [SimX-DPI] Read 8 bytes from 0x80011be8
# [SimX-DPI] Read 8 bytes from 0x80011bf0
# [SimX-DPI] Read 8 bytes from 0x80011bf8
# [SimX-DPI] Read 8 bytes from 0x80011c00
# [SimX-DPI] Read 8 bytes from 0x80011c08
# [SimX-DPI] Read 8 bytes from 0x80011c10
# [SimX-DPI] Read 8 bytes from 0x80011c18
# [SimX-DPI] Read 8 bytes from 0x80011c20
# [SimX-DPI] Read 8 bytes from 0x80011c28
# [SimX-DPI] Read 8 bytes from 0x80011c30
# [SimX-DPI] Read 8 bytes from 0x80011c38
# [SimX-DPI] Read 8 bytes from 0x80011c40
# [SimX-DPI] Read 8 bytes from 0x80011c48
# [SimX-DPI] Read 8 bytes from 0x80011c50
# [SimX-DPI] Read 8 bytes from 0x80011c58
# [SimX-DPI] Read 8 bytes from 0x80011c60
# [SimX-DPI] Read 8 bytes from 0x80011c68
# [SimX-DPI] Read 8 bytes from 0x80011c70
# [SimX-DPI] Read 8 bytes from 0x80011c78
# [SimX-DPI] Read 8 bytes from 0x80011c80
# [SimX-DPI] Read 8 bytes from 0x80011c88
# [SimX-DPI] Read 8 bytes from 0x80011c90
# [SimX-DPI] Read 8 bytes from 0x80011c98
# [SimX-DPI] Read 8 bytes from 0x80011ca0
# [SimX-DPI] Read 8 bytes from 0x80011ca8
# [SimX-DPI] Read 8 bytes from 0x80011cb0
# [SimX-DPI] Read 8 bytes from 0x80011cb8
# [SimX-DPI] Read 8 bytes from 0x80011cc0
# [SimX-DPI] Read 8 bytes from 0x80011cc8
# [SimX-DPI] Read 8 bytes from 0x80011cd0
# [SimX-DPI] Read 8 bytes from 0x80011cd8
# [SimX-DPI] Read 8 bytes from 0x80011ce0
# [SimX-DPI] Read 8 bytes from 0x80011ce8
# [SimX-DPI] Read 8 bytes from 0x80011cf0
# [SimX-DPI] Read 8 bytes from 0x80011cf8
# [SimX-DPI] Read 8 bytes from 0x80011d00
# [SimX-DPI] Read 8 bytes from 0x80011d08
# [SimX-DPI] Read 8 bytes from 0x80011d10
# [SimX-DPI] Read 8 bytes from 0x80011d18
# [SimX-DPI] Read 8 bytes from 0x80011d20
# [SimX-DPI] Read 8 bytes from 0x80011d28
# [SimX-DPI] Read 8 bytes from 0x80011d30
# [SimX-DPI] Read 8 bytes from 0x80011d38
# [SimX-DPI] Read 8 bytes from 0x80011d40
# [SimX-DPI] Read 8 bytes from 0x80011d48
# [SimX-DPI] Read 8 bytes from 0x80011d50
# [SimX-DPI] Read 8 bytes from 0x80011d58
# [SimX-DPI] Read 8 bytes from 0x80011d60
# [SimX-DPI] Read 8 bytes from 0x80011d68
# [SimX-DPI] Read 8 bytes from 0x80011d70
# [SimX-DPI] Read 8 bytes from 0x80011d78
# [SimX-DPI] Read 8 bytes from 0x80011d80
# [SimX-DPI] Read 8 bytes from 0x80011d88
# [SimX-DPI] Read 8 bytes from 0x80011d90
# [SimX-DPI] Read 8 bytes from 0x80011d98
# [SimX-DPI] Read 8 bytes from 0x80011da0
# [SimX-DPI] Read 8 bytes from 0x80011da8
# [SimX-DPI] Read 8 bytes from 0x80011db0
# [SimX-DPI] Read 8 bytes from 0x80011db8
# [SimX-DPI] Read 8 bytes from 0x80011dc0
# [SimX-DPI] Read 8 bytes from 0x80011dc8
# [SimX-DPI] Read 8 bytes from 0x80011dd0
# [SimX-DPI] Read 8 bytes from 0x80011dd8
# [SimX-DPI] Read 8 bytes from 0x80011de0
# [SimX-DPI] Read 8 bytes from 0x80011de8
# [SimX-DPI] Read 8 bytes from 0x80011df0
# [SimX-DPI] Read 8 bytes from 0x80011df8
# [SimX-DPI] Read 8 bytes from 0x80011e00
# [SimX-DPI] Read 8 bytes from 0x80011e08
# [SimX-DPI] Read 8 bytes from 0x80011e10
# [SimX-DPI] Read 8 bytes from 0x80011e18
# [SimX-DPI] Read 8 bytes from 0x80011e20
# [SimX-DPI] Read 8 bytes from 0x80011e28
# [SimX-DPI] Read 8 bytes from 0x80011e30
# [SimX-DPI] Read 8 bytes from 0x80011e38
# [SimX-DPI] Read 8 bytes from 0x80011e40
# [SimX-DPI] Read 8 bytes from 0x80011e48
# [SimX-DPI] Read 8 bytes from 0x80011e50
# [SimX-DPI] Read 8 bytes from 0x80011e58
# [SimX-DPI] Read 8 bytes from 0x80011e60
# [SimX-DPI] Read 8 bytes from 0x80011e68
# [SimX-DPI] Read 8 bytes from 0x80011e70
# [SimX-DPI] Read 8 bytes from 0x80011e78
# [SimX-DPI] Read 8 bytes from 0x80011e80
# [SimX-DPI] Read 8 bytes from 0x80011e88
# [SimX-DPI] Read 8 bytes from 0x80011e90
# [SimX-DPI] Read 8 bytes from 0x80011e98
# [SimX-DPI] Read 8 bytes from 0x80011ea0
# [SimX-DPI] Read 8 bytes from 0x80011ea8
# [SimX-DPI] Read 8 bytes from 0x80011eb0
# [SimX-DPI] Read 8 bytes from 0x80011eb8
# [SimX-DPI] Read 8 bytes from 0x80011ec0
# [SimX-DPI] Read 8 bytes from 0x80011ec8
# [SimX-DPI] Read 8 bytes from 0x80011ed0
# [SimX-DPI] Read 8 bytes from 0x80011ed8
# [SimX-DPI] Read 8 bytes from 0x80011ee0
# [SimX-DPI] Read 8 bytes from 0x80011ee8
# [SimX-DPI] Read 8 bytes from 0x80011ef0
# [SimX-DPI] Read 8 bytes from 0x80011ef8
# [SimX-DPI] Read 8 bytes from 0x80011f00
# [SimX-DPI] Read 8 bytes from 0x80011f08
# [SimX-DPI] Read 8 bytes from 0x80011f10
# [SimX-DPI] Read 8 bytes from 0x80011f18
# [SimX-DPI] Read 8 bytes from 0x80011f20
# [SimX-DPI] Read 8 bytes from 0x80011f28
# [SimX-DPI] Read 8 bytes from 0x80011f30
# [SimX-DPI] Read 8 bytes from 0x80011f38
# [SimX-DPI] Read 8 bytes from 0x80011f40
# [SimX-DPI] Read 8 bytes from 0x80011f48
# [SimX-DPI] Read 8 bytes from 0x80011f50
# [SimX-DPI] Read 8 bytes from 0x80011f58
# [SimX-DPI] Read 8 bytes from 0x80011f60
# [SimX-DPI] Read 8 bytes from 0x80011f68
# [SimX-DPI] Read 8 bytes from 0x80011f70
# [SimX-DPI] Read 8 bytes from 0x80011f78
# [SimX-DPI] Read 8 bytes from 0x80011f80
# [SimX-DPI] Read 8 bytes from 0x80011f88
# [SimX-DPI] Read 8 bytes from 0x80011f90
# [SimX-DPI] Read 8 bytes from 0x80011f98
# [SimX-DPI] Read 8 bytes from 0x80011fa0
# [SimX-DPI] Read 8 bytes from 0x80011fa8
# [SimX-DPI] Read 8 bytes from 0x80011fb0
# [SimX-DPI] Read 8 bytes from 0x80011fb8
# [SimX-DPI] Read 8 bytes from 0x80011fc0
# [SimX-DPI] Read 8 bytes from 0x80011fc8
# [SimX-DPI] Read 8 bytes from 0x80011fd0
# [SimX-DPI] Read 8 bytes from 0x80011fd8
# [SimX-DPI] Read 8 bytes from 0x80011fe0
# [SimX-DPI] Read 8 bytes from 0x80011fe8
# [SimX-DPI] Read 8 bytes from 0x80011ff0
# [SimX-DPI] Read 8 bytes from 0x80011ff8
# [SimX-DPI] Read 8 bytes from 0x80012000
# [SimX-DPI] Read 8 bytes from 0x80012008
# [SimX-DPI] Read 8 bytes from 0x80012010
# [SimX-DPI] Read 8 bytes from 0x80012018
# [SimX-DPI] Read 8 bytes from 0x80012020
# [SimX-DPI] Read 8 bytes from 0x80012028
# [SimX-DPI] Read 8 bytes from 0x80012030
# [SimX-DPI] Read 8 bytes from 0x80012038
# [SimX-DPI] Read 8 bytes from 0x80012040
# [SimX-DPI] Read 8 bytes from 0x80012048
# [SimX-DPI] Read 8 bytes from 0x80012050
# [SimX-DPI] Read 8 bytes from 0x80012058
# [SimX-DPI] Read 8 bytes from 0x80012060
# [SimX-DPI] Read 8 bytes from 0x80012068
# [SimX-DPI] Read 8 bytes from 0x80012070
# [SimX-DPI] Read 8 bytes from 0x80012078
# [SimX-DPI] Read 8 bytes from 0x80012080
# [SimX-DPI] Read 8 bytes from 0x80012088
# [SimX-DPI] Read 8 bytes from 0x80012090
# [SimX-DPI] Read 8 bytes from 0x80012098
# [SimX-DPI] Read 8 bytes from 0x800120a0
# [SimX-DPI] Read 8 bytes from 0x800120a8
# [SimX-DPI] Read 8 bytes from 0x800120b0
# [SimX-DPI] Read 8 bytes from 0x800120b8
# [SimX-DPI] Read 8 bytes from 0x800120c0
# [SimX-DPI] Read 8 bytes from 0x800120c8
# [SimX-DPI] Read 8 bytes from 0x800120d0
# [SimX-DPI] Read 8 bytes from 0x800120d8
# [SimX-DPI] Read 8 bytes from 0x800120e0
# [SimX-DPI] Read 8 bytes from 0x800120e8
# [SimX-DPI] Read 8 bytes from 0x800120f0
# [SimX-DPI] Read 8 bytes from 0x800120f8
# [SimX-DPI] Read 8 bytes from 0x80012100
# [SimX-DPI] Read 8 bytes from 0x80012108
# [SimX-DPI] Read 8 bytes from 0x80012110
# [SimX-DPI] Read 8 bytes from 0x80012118
# [SimX-DPI] Read 8 bytes from 0x80012120
# [SimX-DPI] Read 8 bytes from 0x80012128
# [SimX-DPI] Read 8 bytes from 0x80012130
# [SimX-DPI] Read 8 bytes from 0x80012138
# [SimX-DPI] Read 8 bytes from 0x80012140
# [SimX-DPI] Read 8 bytes from 0x80012148
# [SimX-DPI] Read 8 bytes from 0x80012150
# [SimX-DPI] Read 8 bytes from 0x80012158
# [SimX-DPI] Read 8 bytes from 0x80012160
# [SimX-DPI] Read 8 bytes from 0x80012168
# [SimX-DPI] Read 8 bytes from 0x80012170
# [SimX-DPI] Read 8 bytes from 0x80012178
# [SimX-DPI] Read 8 bytes from 0x80012180
# [SimX-DPI] Read 8 bytes from 0x80012188
# [SimX-DPI] Read 8 bytes from 0x80012190
# [SimX-DPI] Read 8 bytes from 0x80012198
# [SimX-DPI] Read 8 bytes from 0x800121a0
# [SimX-DPI] Read 8 bytes from 0x800121a8
# [SimX-DPI] Read 8 bytes from 0x800121b0
# [SimX-DPI] Read 8 bytes from 0x800121b8
# [SimX-DPI] Read 8 bytes from 0x800121c0
# [SimX-DPI] Read 8 bytes from 0x800121c8
# [SimX-DPI] Read 8 bytes from 0x800121d0
# [SimX-DPI] Read 8 bytes from 0x800121d8
# [SimX-DPI] Read 8 bytes from 0x800121e0
# [SimX-DPI] Read 8 bytes from 0x800121e8
# [SimX-DPI] Read 8 bytes from 0x800121f0
# [SimX-DPI] Read 8 bytes from 0x800121f8
# [SimX-DPI] Read 8 bytes from 0x80012200
# [SimX-DPI] Read 8 bytes from 0x80012208
# [SimX-DPI] Read 8 bytes from 0x80012210
# [SimX-DPI] Read 8 bytes from 0x80012218
# [SimX-DPI] Read 8 bytes from 0x80012220
# [SimX-DPI] Read 8 bytes from 0x80012228
# [SimX-DPI] Read 8 bytes from 0x80012230
# [SimX-DPI] Read 8 bytes from 0x80012238
# [SimX-DPI] Read 8 bytes from 0x80012240
# [SimX-DPI] Read 8 bytes from 0x80012248
# [SimX-DPI] Read 8 bytes from 0x80012250
# [SimX-DPI] Read 8 bytes from 0x80012258
# [SimX-DPI] Read 8 bytes from 0x80012260
# [SimX-DPI] Read 8 bytes from 0x80012268
# [SimX-DPI] Read 8 bytes from 0x80012270
# [SimX-DPI] Read 8 bytes from 0x80012278
# [SimX-DPI] Read 8 bytes from 0x80012280
# [SimX-DPI] Read 8 bytes from 0x80012288
# [SimX-DPI] Read 8 bytes from 0x80012290
# [SimX-DPI] Read 8 bytes from 0x80012298
# [SimX-DPI] Read 8 bytes from 0x800122a0
# [SimX-DPI] Read 8 bytes from 0x800122a8
# [SimX-DPI] Read 8 bytes from 0x800122b0
# [SimX-DPI] Read 8 bytes from 0x800122b8
# [SimX-DPI] Read 8 bytes from 0x800122c0
# [SimX-DPI] Read 8 bytes from 0x800122c8
# [SimX-DPI] Read 8 bytes from 0x800122d0
# [SimX-DPI] Read 8 bytes from 0x800122d8
# [SimX-DPI] Read 8 bytes from 0x800122e0
# [SimX-DPI] Read 8 bytes from 0x800122e8
# [SimX-DPI] Read 8 bytes from 0x800122f0
# [SimX-DPI] Read 8 bytes from 0x800122f8
# [SimX-DPI] Read 8 bytes from 0x80012300
# [SimX-DPI] Read 8 bytes from 0x80012308
# [SimX-DPI] Read 8 bytes from 0x80012310
# [SimX-DPI] Read 8 bytes from 0x80012318
# [SimX-DPI] Read 8 bytes from 0x80012320
# [SimX-DPI] Read 8 bytes from 0x80012328
# [SimX-DPI] Read 8 bytes from 0x80012330
# [SimX-DPI] Read 8 bytes from 0x80012338
# [SimX-DPI] Read 8 bytes from 0x80012340
# [SimX-DPI] Read 8 bytes from 0x80012348
# [SimX-DPI] Read 8 bytes from 0x80012350
# [SimX-DPI] Read 8 bytes from 0x80012358
# [SimX-DPI] Read 8 bytes from 0x80012360
# [SimX-DPI] Read 8 bytes from 0x80012368
# [SimX-DPI] Read 8 bytes from 0x80012370
# [SimX-DPI] Read 8 bytes from 0x80012378
# [SimX-DPI] Read 8 bytes from 0x80012380
# [SimX-DPI] Read 8 bytes from 0x80012388
# [SimX-DPI] Read 8 bytes from 0x80012390
# [SimX-DPI] Read 8 bytes from 0x80012398
# [SimX-DPI] Read 8 bytes from 0x800123a0
# [SimX-DPI] Read 8 bytes from 0x800123a8
# [SimX-DPI] Read 8 bytes from 0x800123b0
# [SimX-DPI] Read 8 bytes from 0x800123b8
# [SimX-DPI] Read 8 bytes from 0x800123c0
# [SimX-DPI] Read 8 bytes from 0x800123c8
# [SimX-DPI] Read 8 bytes from 0x800123d0
# [SimX-DPI] Read 8 bytes from 0x800123d8
# [SimX-DPI] Read 8 bytes from 0x800123e0
# [SimX-DPI] Read 8 bytes from 0x800123e8
# [SimX-DPI] Read 8 bytes from 0x800123f0
# [SimX-DPI] Read 8 bytes from 0x800123f8
# [SimX-DPI] Read 8 bytes from 0x80012400
# [SimX-DPI] Read 8 bytes from 0x80012408
# [SimX-DPI] Read 8 bytes from 0x80012410
# [SimX-DPI] Read 8 bytes from 0x80012418
# [SimX-DPI] Read 8 bytes from 0x80012420
# [SimX-DPI] Read 8 bytes from 0x80012428
# [SimX-DPI] Read 8 bytes from 0x80012430
# [SimX-DPI] Read 8 bytes from 0x80012438
# [SimX-DPI] Read 8 bytes from 0x80012440
# [SimX-DPI] Read 8 bytes from 0x80012448
# [SimX-DPI] Read 8 bytes from 0x80012450
# [SimX-DPI] Read 8 bytes from 0x80012458
# [SimX-DPI] Read 8 bytes from 0x80012460
# [SimX-DPI] Read 8 bytes from 0x80012468
# [SimX-DPI] Read 8 bytes from 0x80012470
# [SimX-DPI] Read 8 bytes from 0x80012478
# [SimX-DPI] Read 8 bytes from 0x80012480
# [SimX-DPI] Read 8 bytes from 0x80012488
# [SimX-DPI] Read 8 bytes from 0x80012490
# [SimX-DPI] Read 8 bytes from 0x80012498
# [SimX-DPI] Read 8 bytes from 0x800124a0
# [SimX-DPI] Read 8 bytes from 0x800124a8
# [SimX-DPI] Read 8 bytes from 0x800124b0
# [SimX-DPI] Read 8 bytes from 0x800124b8
# [SimX-DPI] Read 8 bytes from 0x800124c0
# [SimX-DPI] Read 8 bytes from 0x800124c8
# [SimX-DPI] Read 8 bytes from 0x800124d0
# [SimX-DPI] Read 8 bytes from 0x800124d8
# [SimX-DPI] Read 8 bytes from 0x800124e0
# [SimX-DPI] Read 8 bytes from 0x800124e8
# [SimX-DPI] Read 8 bytes from 0x800124f0
# [SimX-DPI] Read 8 bytes from 0x800124f8
# [SimX-DPI] Read 8 bytes from 0x80012500
# [SimX-DPI] Read 8 bytes from 0x80012508
# [SimX-DPI] Read 8 bytes from 0x80012510
# [SimX-DPI] Read 8 bytes from 0x80012518
# [SimX-DPI] Read 8 bytes from 0x80012520
# [SimX-DPI] Read 8 bytes from 0x80012528
# [SimX-DPI] Read 8 bytes from 0x80012530
# [SimX-DPI] Read 8 bytes from 0x80012538
# [SimX-DPI] Read 8 bytes from 0x80012540
# [SimX-DPI] Read 8 bytes from 0x80012548
# [SimX-DPI] Read 8 bytes from 0x80012550
# [SimX-DPI] Read 8 bytes from 0x80012558
# [SimX-DPI] Read 8 bytes from 0x80012560
# [SimX-DPI] Read 8 bytes from 0x80012568
# [SimX-DPI] Read 8 bytes from 0x80012570
# [SimX-DPI] Read 8 bytes from 0x80012578
# [SimX-DPI] Read 8 bytes from 0x80012580
# [SimX-DPI] Read 8 bytes from 0x80012588
# [SimX-DPI] Read 8 bytes from 0x80012590
# [SimX-DPI] Read 8 bytes from 0x80012598
# [SimX-DPI] Read 8 bytes from 0x800125a0
# [SimX-DPI] Read 8 bytes from 0x800125a8
# [SimX-DPI] Read 8 bytes from 0x800125b0
# [SimX-DPI] Read 8 bytes from 0x800125b8
# [SimX-DPI] Read 8 bytes from 0x800125c0
# [SimX-DPI] Read 8 bytes from 0x800125c8
# [SimX-DPI] Read 8 bytes from 0x800125d0
# [SimX-DPI] Read 8 bytes from 0x800125d8
# [SimX-DPI] Read 8 bytes from 0x800125e0
# [SimX-DPI] Read 8 bytes from 0x800125e8
# [SimX-DPI] Read 8 bytes from 0x800125f0
# [SimX-DPI] Read 8 bytes from 0x800125f8
# [SimX-DPI] Read 8 bytes from 0x80012600
# [SimX-DPI] Read 8 bytes from 0x80012608
# [SimX-DPI] Read 8 bytes from 0x80012610
# [SimX-DPI] Read 8 bytes from 0x80012618
# [SimX-DPI] Read 8 bytes from 0x80012620
# [SimX-DPI] Read 8 bytes from 0x80012628
# [SimX-DPI] Read 8 bytes from 0x80012630
# [SimX-DPI] Read 8 bytes from 0x80012638
# [SimX-DPI] Read 8 bytes from 0x80012640
# [SimX-DPI] Read 8 bytes from 0x80012648
# [SimX-DPI] Read 8 bytes from 0x80012650
# [SimX-DPI] Read 8 bytes from 0x80012658
# [SimX-DPI] Read 8 bytes from 0x80012660
# [SimX-DPI] Read 8 bytes from 0x80012668
# [SimX-DPI] Read 8 bytes from 0x80012670
# [SimX-DPI] Read 8 bytes from 0x80012678
# [SimX-DPI] Read 8 bytes from 0x80012680
# [SimX-DPI] Read 8 bytes from 0x80012688
# [SimX-DPI] Read 8 bytes from 0x80012690
# [SimX-DPI] Read 8 bytes from 0x80012698
# [SimX-DPI] Read 8 bytes from 0x800126a0
# [SimX-DPI] Read 8 bytes from 0x800126a8
# [SimX-DPI] Read 8 bytes from 0x800126b0
# [SimX-DPI] Read 8 bytes from 0x800126b8
# [SimX-DPI] Read 8 bytes from 0x800126c0
# [SimX-DPI] Read 8 bytes from 0x800126c8
# [SimX-DPI] Read 8 bytes from 0x800126d0
# [SimX-DPI] Read 8 bytes from 0x800126d8
# [SimX-DPI] Read 8 bytes from 0x800126e0
# [SimX-DPI] Read 8 bytes from 0x800126e8
# [SimX-DPI] Read 8 bytes from 0x800126f0
# [SimX-DPI] Read 8 bytes from 0x800126f8
# [SimX-DPI] Read 8 bytes from 0x80012700
# [SimX-DPI] Read 8 bytes from 0x80012708
# [SimX-DPI] Read 8 bytes from 0x80012710
# [SimX-DPI] Read 8 bytes from 0x80012718
# [SimX-DPI] Read 8 bytes from 0x80012720
# [SimX-DPI] Read 8 bytes from 0x80012728
# [SimX-DPI] Read 8 bytes from 0x80012730
# [SimX-DPI] Read 8 bytes from 0x80012738
# [SimX-DPI] Read 8 bytes from 0x80012740
# [SimX-DPI] Read 8 bytes from 0x80012748
# [SimX-DPI] Read 8 bytes from 0x80012750
# [SimX-DPI] Read 8 bytes from 0x80012758
# [SimX-DPI] Read 8 bytes from 0x80012760
# [SimX-DPI] Read 8 bytes from 0x80012768
# [SimX-DPI] Read 8 bytes from 0x80012770
# [SimX-DPI] Read 8 bytes from 0x80012778
# [SimX-DPI] Read 8 bytes from 0x80012780
# [SimX-DPI] Read 8 bytes from 0x80012788
# [SimX-DPI] Read 8 bytes from 0x80012790
# [SimX-DPI] Read 8 bytes from 0x80012798
# [SimX-DPI] Read 8 bytes from 0x800127a0
# [SimX-DPI] Read 8 bytes from 0x800127a8
# [SimX-DPI] Read 8 bytes from 0x800127b0
# [SimX-DPI] Read 8 bytes from 0x800127b8
# [SimX-DPI] Read 8 bytes from 0x800127c0
# [SimX-DPI] Read 8 bytes from 0x800127c8
# [SimX-DPI] Read 8 bytes from 0x800127d0
# [SimX-DPI] Read 8 bytes from 0x800127d8
# [SimX-DPI] Read 8 bytes from 0x800127e0
# [SimX-DPI] Read 8 bytes from 0x800127e8
# [SimX-DPI] Read 8 bytes from 0x800127f0
# [SimX-DPI] Read 8 bytes from 0x800127f8
# [SimX-DPI] Read 8 bytes from 0x80012800
# [SimX-DPI] Read 8 bytes from 0x80012808
# [SimX-DPI] Read 8 bytes from 0x80012810
# [SimX-DPI] Read 8 bytes from 0x80012818
# [SimX-DPI] Read 8 bytes from 0x80012820
# [SimX-DPI] Read 8 bytes from 0x80012828
# [SimX-DPI] Read 8 bytes from 0x80012830
# [SimX-DPI] Read 8 bytes from 0x80012838
# [SimX-DPI] Read 8 bytes from 0x80012840
# [SimX-DPI] Read 8 bytes from 0x80012848
# [SimX-DPI] Read 8 bytes from 0x80012850
# [SimX-DPI] Read 8 bytes from 0x80012858
# [SimX-DPI] Read 8 bytes from 0x80012860
# [SimX-DPI] Read 8 bytes from 0x80012868
# [SimX-DPI] Read 8 bytes from 0x80012870
# [SimX-DPI] Read 8 bytes from 0x80012878
# [SimX-DPI] Read 8 bytes from 0x80012880
# [SimX-DPI] Read 8 bytes from 0x80012888
# [SimX-DPI] Read 8 bytes from 0x80012890
# [SimX-DPI] Read 8 bytes from 0x80012898
# [SimX-DPI] Read 8 bytes from 0x800128a0
# [SimX-DPI] Read 8 bytes from 0x800128a8
# [SimX-DPI] Read 8 bytes from 0x800128b0
# [SimX-DPI] Read 8 bytes from 0x800128b8
# [SimX-DPI] Read 8 bytes from 0x800128c0
# [SimX-DPI] Read 8 bytes from 0x800128c8
# [SimX-DPI] Read 8 bytes from 0x800128d0
# [SimX-DPI] Read 8 bytes from 0x800128d8
# [SimX-DPI] Read 8 bytes from 0x800128e0
# [SimX-DPI] Read 8 bytes from 0x800128e8
# [SimX-DPI] Read 8 bytes from 0x800128f0
# [SimX-DPI] Read 8 bytes from 0x800128f8
# [SimX-DPI] Read 8 bytes from 0x80012900
# [SimX-DPI] Read 8 bytes from 0x80012908
# [SimX-DPI] Read 8 bytes from 0x80012910
# [SimX-DPI] Read 8 bytes from 0x80012918
# [SimX-DPI] Read 8 bytes from 0x80012920
# [SimX-DPI] Read 8 bytes from 0x80012928
# [SimX-DPI] Read 8 bytes from 0x80012930
# [SimX-DPI] Read 8 bytes from 0x80012938
# [SimX-DPI] Read 8 bytes from 0x80012940
# [SimX-DPI] Read 8 bytes from 0x80012948
# [SimX-DPI] Read 8 bytes from 0x80012950
# [SimX-DPI] Read 8 bytes from 0x80012958
# [SimX-DPI] Read 8 bytes from 0x80012960
# [SimX-DPI] Read 8 bytes from 0x80012968
# [SimX-DPI] Read 8 bytes from 0x80012970
# [SimX-DPI] Read 8 bytes from 0x80012978
# [SimX-DPI] Read 8 bytes from 0x80012980
# [SimX-DPI] Read 8 bytes from 0x80012988
# [SimX-DPI] Read 8 bytes from 0x80012990
# [SimX-DPI] Read 8 bytes from 0x80012998
# [SimX-DPI] Read 8 bytes from 0x800129a0
# [SimX-DPI] Read 8 bytes from 0x800129a8
# [SimX-DPI] Read 8 bytes from 0x800129b0
# [SimX-DPI] Read 8 bytes from 0x800129b8
# [SimX-DPI] Read 8 bytes from 0x800129c0
# [SimX-DPI] Read 8 bytes from 0x800129c8
# [SimX-DPI] Read 8 bytes from 0x800129d0
# [SimX-DPI] Read 8 bytes from 0x800129d8
# [SimX-DPI] Read 8 bytes from 0x800129e0
# [SimX-DPI] Read 8 bytes from 0x800129e8
# [SimX-DPI] Read 8 bytes from 0x800129f0
# [SimX-DPI] Read 8 bytes from 0x800129f8
# [SimX-DPI] Read 8 bytes from 0x80012a00
# [SimX-DPI] Read 8 bytes from 0x80012a08
# [SimX-DPI] Read 8 bytes from 0x80012a10
# [SimX-DPI] Read 8 bytes from 0x80012a18
# [SimX-DPI] Read 8 bytes from 0x80012a20
# [SimX-DPI] Read 8 bytes from 0x80012a28
# [SimX-DPI] Read 8 bytes from 0x80012a30
# [SimX-DPI] Read 8 bytes from 0x80012a38
# [SimX-DPI] Read 8 bytes from 0x80012a40
# [SimX-DPI] Read 8 bytes from 0x80012a48
# [SimX-DPI] Read 8 bytes from 0x80012a50
# [SimX-DPI] Read 8 bytes from 0x80012a58
# [SimX-DPI] Read 8 bytes from 0x80012a60
# [SimX-DPI] Read 8 bytes from 0x80012a68
# [SimX-DPI] Read 8 bytes from 0x80012a70
# [SimX-DPI] Read 8 bytes from 0x80012a78
# [SimX-DPI] Read 8 bytes from 0x80012a80
# [SimX-DPI] Read 8 bytes from 0x80012a88
# [SimX-DPI] Read 8 bytes from 0x80012a90
# [SimX-DPI] Read 8 bytes from 0x80012a98
# [SimX-DPI] Read 8 bytes from 0x80012aa0
# [SimX-DPI] Read 8 bytes from 0x80012aa8
# [SimX-DPI] Read 8 bytes from 0x80012ab0
# [SimX-DPI] Read 8 bytes from 0x80012ab8
# [SimX-DPI] Read 8 bytes from 0x80012ac0
# [SimX-DPI] Read 8 bytes from 0x80012ac8
# [SimX-DPI] Read 8 bytes from 0x80012ad0
# [SimX-DPI] Read 8 bytes from 0x80012ad8
# [SimX-DPI] Read 8 bytes from 0x80012ae0
# [SimX-DPI] Read 8 bytes from 0x80012ae8
# [SimX-DPI] Read 8 bytes from 0x80012af0
# [SimX-DPI] Read 8 bytes from 0x80012af8
# [SimX-DPI] Read 8 bytes from 0x80012b00
# [SimX-DPI] Read 8 bytes from 0x80012b08
# [SimX-DPI] Read 8 bytes from 0x80012b10
# [SimX-DPI] Read 8 bytes from 0x80012b18
# [SimX-DPI] Read 8 bytes from 0x80012b20
# [SimX-DPI] Read 8 bytes from 0x80012b28
# [SimX-DPI] Read 8 bytes from 0x80012b30
# [SimX-DPI] Read 8 bytes from 0x80012b38
# [SimX-DPI] Read 8 bytes from 0x80012b40
# [SimX-DPI] Read 8 bytes from 0x80012b48
# [SimX-DPI] Read 8 bytes from 0x80012b50
# [SimX-DPI] Read 8 bytes from 0x80012b58
# [SimX-DPI] Read 8 bytes from 0x80012b60
# [SimX-DPI] Read 8 bytes from 0x80012b68
# [SimX-DPI] Read 8 bytes from 0x80012b70
# [SimX-DPI] Read 8 bytes from 0x80012b78
# [SimX-DPI] Read 8 bytes from 0x80012b80
# [SimX-DPI] Read 8 bytes from 0x80012b88
# [SimX-DPI] Read 8 bytes from 0x80012b90
# [SimX-DPI] Read 8 bytes from 0x80012b98
# [SimX-DPI] Read 8 bytes from 0x80012ba0
# [SimX-DPI] Read 8 bytes from 0x80012ba8
# [SimX-DPI] Read 8 bytes from 0x80012bb0
# [SimX-DPI] Read 8 bytes from 0x80012bb8
# [SimX-DPI] Read 8 bytes from 0x80012bc0
# [SimX-DPI] Read 8 bytes from 0x80012bc8
# [SimX-DPI] Read 8 bytes from 0x80012bd0
# [SimX-DPI] Read 8 bytes from 0x80012bd8
# [SimX-DPI] Read 8 bytes from 0x80012be0
# [SimX-DPI] Read 8 bytes from 0x80012be8
# [SimX-DPI] Read 8 bytes from 0x80012bf0
# [SimX-DPI] Read 8 bytes from 0x80012bf8
# [SimX-DPI] Read 8 bytes from 0x80012c00
# [SimX-DPI] Read 8 bytes from 0x80012c08
# [SimX-DPI] Read 8 bytes from 0x80012c10
# [SimX-DPI] Read 8 bytes from 0x80012c18
# [SimX-DPI] Read 8 bytes from 0x80012c20
# [SimX-DPI] Read 8 bytes from 0x80012c28
# [SimX-DPI] Read 8 bytes from 0x80012c30
# [SimX-DPI] Read 8 bytes from 0x80012c38
# [SimX-DPI] Read 8 bytes from 0x80012c40
# [SimX-DPI] Read 8 bytes from 0x80012c48
# [SimX-DPI] Read 8 bytes from 0x80012c50
# [SimX-DPI] Read 8 bytes from 0x80012c58
# [SimX-DPI] Read 8 bytes from 0x80012c60
# [SimX-DPI] Read 8 bytes from 0x80012c68
# [SimX-DPI] Read 8 bytes from 0x80012c70
# [SimX-DPI] Read 8 bytes from 0x80012c78
# [SimX-DPI] Read 8 bytes from 0x80012c80
# [SimX-DPI] Read 8 bytes from 0x80012c88
# [SimX-DPI] Read 8 bytes from 0x80012c90
# [SimX-DPI] Read 8 bytes from 0x80012c98
# [SimX-DPI] Read 8 bytes from 0x80012ca0
# [SimX-DPI] Read 8 bytes from 0x80012ca8
# [SimX-DPI] Read 8 bytes from 0x80012cb0
# [SimX-DPI] Read 8 bytes from 0x80012cb8
# [SimX-DPI] Read 8 bytes from 0x80012cc0
# [SimX-DPI] Read 8 bytes from 0x80012cc8
# [SimX-DPI] Read 8 bytes from 0x80012cd0
# [SimX-DPI] Read 8 bytes from 0x80012cd8
# [SimX-DPI] Read 8 bytes from 0x80012ce0
# [SimX-DPI] Read 8 bytes from 0x80012ce8
# [SimX-DPI] Read 8 bytes from 0x80012cf0
# [SimX-DPI] Read 8 bytes from 0x80012cf8
# [SimX-DPI] Read 8 bytes from 0x80012d00
# [SimX-DPI] Read 8 bytes from 0x80012d08
# [SimX-DPI] Read 8 bytes from 0x80012d10
# [SimX-DPI] Read 8 bytes from 0x80012d18
# [SimX-DPI] Read 8 bytes from 0x80012d20
# [SimX-DPI] Read 8 bytes from 0x80012d28
# [SimX-DPI] Read 8 bytes from 0x80012d30
# [SimX-DPI] Read 8 bytes from 0x80012d38
# [SimX-DPI] Read 8 bytes from 0x80012d40
# [SimX-DPI] Read 8 bytes from 0x80012d48
# [SimX-DPI] Read 8 bytes from 0x80012d50
# [SimX-DPI] Read 8 bytes from 0x80012d58
# [SimX-DPI] Read 8 bytes from 0x80012d60
# [SimX-DPI] Read 8 bytes from 0x80012d68
# [SimX-DPI] Read 8 bytes from 0x80012d70
# [SimX-DPI] Read 8 bytes from 0x80012d78
# [SimX-DPI] Read 8 bytes from 0x80012d80
# [SimX-DPI] Read 8 bytes from 0x80012d88
# [SimX-DPI] Read 8 bytes from 0x80012d90
# [SimX-DPI] Read 8 bytes from 0x80012d98
# [SimX-DPI] Read 8 bytes from 0x80012da0
# [SimX-DPI] Read 8 bytes from 0x80012da8
# [SimX-DPI] Read 8 bytes from 0x80012db0
# [SimX-DPI] Read 8 bytes from 0x80012db8
# [SimX-DPI] Read 8 bytes from 0x80012dc0
# [SimX-DPI] Read 8 bytes from 0x80012dc8
# [SimX-DPI] Read 8 bytes from 0x80012dd0
# [SimX-DPI] Read 8 bytes from 0x80012dd8
# [SimX-DPI] Read 8 bytes from 0x80012de0
# [SimX-DPI] Read 8 bytes from 0x80012de8
# [SimX-DPI] Read 8 bytes from 0x80012df0
# [SimX-DPI] Read 8 bytes from 0x80012df8
# [SimX-DPI] Read 8 bytes from 0x80012e00
# [SimX-DPI] Read 8 bytes from 0x80012e08
# [SimX-DPI] Read 8 bytes from 0x80012e10
# [SimX-DPI] Read 8 bytes from 0x80012e18
# [SimX-DPI] Read 8 bytes from 0x80012e20
# [SimX-DPI] Read 8 bytes from 0x80012e28
# [SimX-DPI] Read 8 bytes from 0x80012e30
# [SimX-DPI] Read 8 bytes from 0x80012e38
# [SimX-DPI] Read 8 bytes from 0x80012e40
# [SimX-DPI] Read 8 bytes from 0x80012e48
# [SimX-DPI] Read 8 bytes from 0x80012e50
# [SimX-DPI] Read 8 bytes from 0x80012e58
# [SimX-DPI] Read 8 bytes from 0x80012e60
# [SimX-DPI] Read 8 bytes from 0x80012e68
# [SimX-DPI] Read 8 bytes from 0x80012e70
# [SimX-DPI] Read 8 bytes from 0x80012e78
# [SimX-DPI] Read 8 bytes from 0x80012e80
# [SimX-DPI] Read 8 bytes from 0x80012e88
# [SimX-DPI] Read 8 bytes from 0x80012e90
# [SimX-DPI] Read 8 bytes from 0x80012e98
# [SimX-DPI] Read 8 bytes from 0x80012ea0
# [SimX-DPI] Read 8 bytes from 0x80012ea8
# [SimX-DPI] Read 8 bytes from 0x80012eb0
# [SimX-DPI] Read 8 bytes from 0x80012eb8
# [SimX-DPI] Read 8 bytes from 0x80012ec0
# [SimX-DPI] Read 8 bytes from 0x80012ec8
# [SimX-DPI] Read 8 bytes from 0x80012ed0
# [SimX-DPI] Read 8 bytes from 0x80012ed8
# [SimX-DPI] Read 8 bytes from 0x80012ee0
# [SimX-DPI] Read 8 bytes from 0x80012ee8
# [SimX-DPI] Read 8 bytes from 0x80012ef0
# [SimX-DPI] Read 8 bytes from 0x80012ef8
# [SimX-DPI] Read 8 bytes from 0x80012f00
# [SimX-DPI] Read 8 bytes from 0x80012f08
# [SimX-DPI] Read 8 bytes from 0x80012f10
# [SimX-DPI] Read 8 bytes from 0x80012f18
# [SimX-DPI] Read 8 bytes from 0x80012f20
# [SimX-DPI] Read 8 bytes from 0x80012f28
# [SimX-DPI] Read 8 bytes from 0x80012f30
# [SimX-DPI] Read 8 bytes from 0x80012f38
# [SimX-DPI] Read 8 bytes from 0x80012f40
# [SimX-DPI] Read 8 bytes from 0x80012f48
# [SimX-DPI] Read 8 bytes from 0x80012f50
# [SimX-DPI] Read 8 bytes from 0x80012f58
# [SimX-DPI] Read 8 bytes from 0x80012f60
# [SimX-DPI] Read 8 bytes from 0x80012f68
# [SimX-DPI] Read 8 bytes from 0x80012f70
# [SimX-DPI] Read 8 bytes from 0x80012f78
# [SimX-DPI] Read 8 bytes from 0x80012f80
# [SimX-DPI] Read 8 bytes from 0x80012f88
# [SimX-DPI] Read 8 bytes from 0x80012f90
# [SimX-DPI] Read 8 bytes from 0x80012f98
# [SimX-DPI] Read 8 bytes from 0x80012fa0
# [SimX-DPI] Read 8 bytes from 0x80012fa8
# [SimX-DPI] Read 8 bytes from 0x80012fb0
# [SimX-DPI] Read 8 bytes from 0x80012fb8
# [SimX-DPI] Read 8 bytes from 0x80012fc0
# [SimX-DPI] Read 8 bytes from 0x80012fc8
# [SimX-DPI] Read 8 bytes from 0x80012fd0
# [SimX-DPI] Read 8 bytes from 0x80012fd8
# [SimX-DPI] Read 8 bytes from 0x80012fe0
# [SimX-DPI] Read 8 bytes from 0x80012fe8
# [SimX-DPI] Read 8 bytes from 0x80012ff0
# [SimX-DPI] Read 8 bytes from 0x80012ff8
# [SimX-DPI] Read 8 bytes from 0x80013000
# [SimX-DPI] Read 8 bytes from 0x80013008
# [SimX-DPI] Read 8 bytes from 0x80013010
# [SimX-DPI] Read 8 bytes from 0x80013018
# [SimX-DPI] Read 8 bytes from 0x80013020
# [SimX-DPI] Read 8 bytes from 0x80013028
# [SimX-DPI] Read 8 bytes from 0x80013030
# [SimX-DPI] Read 8 bytes from 0x80013038
# [SimX-DPI] Read 8 bytes from 0x80013040
# [SimX-DPI] Read 8 bytes from 0x80013048
# [SimX-DPI] Read 8 bytes from 0x80013050
# [SimX-DPI] Read 8 bytes from 0x80013058
# [SimX-DPI] Read 8 bytes from 0x80013060
# [SimX-DPI] Read 8 bytes from 0x80013068
# [SimX-DPI] Read 8 bytes from 0x80013070
# [SimX-DPI] Read 8 bytes from 0x80013078
# [SimX-DPI] Read 8 bytes from 0x80013080
# [SimX-DPI] Read 8 bytes from 0x80013088
# [SimX-DPI] Read 8 bytes from 0x80013090
# [SimX-DPI] Read 8 bytes from 0x80013098
# [SimX-DPI] Read 8 bytes from 0x800130a0
# [SimX-DPI] Read 8 bytes from 0x800130a8
# [SimX-DPI] Read 8 bytes from 0x800130b0
# [SimX-DPI] Read 8 bytes from 0x800130b8
# [SimX-DPI] Read 8 bytes from 0x800130c0
# [SimX-DPI] Read 8 bytes from 0x800130c8
# [SimX-DPI] Read 8 bytes from 0x800130d0
# [SimX-DPI] Read 8 bytes from 0x800130d8
# [SimX-DPI] Read 8 bytes from 0x800130e0
# [SimX-DPI] Read 8 bytes from 0x800130e8
# [SimX-DPI] Read 8 bytes from 0x800130f0
# [SimX-DPI] Read 8 bytes from 0x800130f8
# [SimX-DPI] Read 8 bytes from 0x80013100
# [SimX-DPI] Read 8 bytes from 0x80013108
# [SimX-DPI] Read 8 bytes from 0x80013110
# [SimX-DPI] Read 8 bytes from 0x80013118
# [SimX-DPI] Read 8 bytes from 0x80013120
# [SimX-DPI] Read 8 bytes from 0x80013128
# [SimX-DPI] Read 8 bytes from 0x80013130
# [SimX-DPI] Read 8 bytes from 0x80013138
# [SimX-DPI] Read 8 bytes from 0x80013140
# [SimX-DPI] Read 8 bytes from 0x80013148
# [SimX-DPI] Read 8 bytes from 0x80013150
# [SimX-DPI] Read 8 bytes from 0x80013158
# [SimX-DPI] Read 8 bytes from 0x80013160
# [SimX-DPI] Read 8 bytes from 0x80013168
# [SimX-DPI] Read 8 bytes from 0x80013170
# [SimX-DPI] Read 8 bytes from 0x80013178
# [SimX-DPI] Read 8 bytes from 0x80013180
# [SimX-DPI] Read 8 bytes from 0x80013188
# [SimX-DPI] Read 8 bytes from 0x80013190
# [SimX-DPI] Read 8 bytes from 0x80013198
# [SimX-DPI] Read 8 bytes from 0x800131a0
# [SimX-DPI] Read 8 bytes from 0x800131a8
# [SimX-DPI] Read 8 bytes from 0x800131b0
# [SimX-DPI] Read 8 bytes from 0x800131b8
# [SimX-DPI] Read 8 bytes from 0x800131c0
# [SimX-DPI] Read 8 bytes from 0x800131c8
# [SimX-DPI] Read 8 bytes from 0x800131d0
# [SimX-DPI] Read 8 bytes from 0x800131d8
# [SimX-DPI] Read 8 bytes from 0x800131e0
# [SimX-DPI] Read 8 bytes from 0x800131e8
# [SimX-DPI] Read 8 bytes from 0x800131f0
# [SimX-DPI] Read 8 bytes from 0x800131f8
# [SimX-DPI] Read 8 bytes from 0x80013200
# [SimX-DPI] Read 8 bytes from 0x80013208
# [SimX-DPI] Read 8 bytes from 0x80013210
# [SimX-DPI] Read 8 bytes from 0x80013218
# [SimX-DPI] Read 8 bytes from 0x80013220
# [SimX-DPI] Read 8 bytes from 0x80013228
# [SimX-DPI] Read 8 bytes from 0x80013230
# [SimX-DPI] Read 8 bytes from 0x80013238
# [SimX-DPI] Read 8 bytes from 0x80013240
# [SimX-DPI] Read 8 bytes from 0x80013248
# [SimX-DPI] Read 8 bytes from 0x80013250
# [SimX-DPI] Read 8 bytes from 0x80013258
# [SimX-DPI] Read 8 bytes from 0x80013260
# [SimX-DPI] Read 8 bytes from 0x80013268
# [SimX-DPI] Read 8 bytes from 0x80013270
# [SimX-DPI] Read 8 bytes from 0x80013278
# [SimX-DPI] Read 8 bytes from 0x80013280
# [SimX-DPI] Read 8 bytes from 0x80013288
# [SimX-DPI] Read 8 bytes from 0x80013290
# [SimX-DPI] Read 8 bytes from 0x80013298
# [SimX-DPI] Read 8 bytes from 0x800132a0
# [SimX-DPI] Read 8 bytes from 0x800132a8
# [SimX-DPI] Read 8 bytes from 0x800132b0
# [SimX-DPI] Read 8 bytes from 0x800132b8
# [SimX-DPI] Read 8 bytes from 0x800132c0
# [SimX-DPI] Read 8 bytes from 0x800132c8
# [SimX-DPI] Read 8 bytes from 0x800132d0
# [SimX-DPI] Read 8 bytes from 0x800132d8
# [SimX-DPI] Read 8 bytes from 0x800132e0
# [SimX-DPI] Read 8 bytes from 0x800132e8
# [SimX-DPI] Read 8 bytes from 0x800132f0
# [SimX-DPI] Read 8 bytes from 0x800132f8
# [SimX-DPI] Read 8 bytes from 0x80013300
# [SimX-DPI] Read 8 bytes from 0x80013308
# [SimX-DPI] Read 8 bytes from 0x80013310
# [SimX-DPI] Read 8 bytes from 0x80013318
# [SimX-DPI] Read 8 bytes from 0x80013320
# [SimX-DPI] Read 8 bytes from 0x80013328
# [SimX-DPI] Read 8 bytes from 0x80013330
# [SimX-DPI] Read 8 bytes from 0x80013338
# [SimX-DPI] Read 8 bytes from 0x80013340
# [SimX-DPI] Read 8 bytes from 0x80013348
# [SimX-DPI] Read 8 bytes from 0x80013350
# [SimX-DPI] Read 8 bytes from 0x80013358
# [SimX-DPI] Read 8 bytes from 0x80013360
# [SimX-DPI] Read 8 bytes from 0x80013368
# [SimX-DPI] Read 8 bytes from 0x80013370
# [SimX-DPI] Read 8 bytes from 0x80013378
# [SimX-DPI] Read 8 bytes from 0x80013380
# [SimX-DPI] Read 8 bytes from 0x80013388
# [SimX-DPI] Read 8 bytes from 0x80013390
# [SimX-DPI] Read 8 bytes from 0x80013398
# [SimX-DPI] Read 8 bytes from 0x800133a0
# [SimX-DPI] Read 8 bytes from 0x800133a8
# [SimX-DPI] Read 8 bytes from 0x800133b0
# [SimX-DPI] Read 8 bytes from 0x800133b8
# [SimX-DPI] Read 8 bytes from 0x800133c0
# [SimX-DPI] Read 8 bytes from 0x800133c8
# [SimX-DPI] Read 8 bytes from 0x800133d0
# [SimX-DPI] Read 8 bytes from 0x800133d8
# [SimX-DPI] Read 8 bytes from 0x800133e0
# [SimX-DPI] Read 8 bytes from 0x800133e8
# [SimX-DPI] Read 8 bytes from 0x800133f0
# [SimX-DPI] Read 8 bytes from 0x800133f8
# [SimX-DPI] Read 8 bytes from 0x80013400
# [SimX-DPI] Read 8 bytes from 0x80013408
# [SimX-DPI] Read 8 bytes from 0x80013410
# [SimX-DPI] Read 8 bytes from 0x80013418
# [SimX-DPI] Read 8 bytes from 0x80013420
# [SimX-DPI] Read 8 bytes from 0x80013428
# [SimX-DPI] Read 8 bytes from 0x80013430
# [SimX-DPI] Read 8 bytes from 0x80013438
# [SimX-DPI] Read 8 bytes from 0x80013440
# [SimX-DPI] Read 8 bytes from 0x80013448
# [SimX-DPI] Read 8 bytes from 0x80013450
# [SimX-DPI] Read 8 bytes from 0x80013458
# [SimX-DPI] Read 8 bytes from 0x80013460
# [SimX-DPI] Read 8 bytes from 0x80013468
# [SimX-DPI] Read 8 bytes from 0x80013470
# [SimX-DPI] Read 8 bytes from 0x80013478
# [SimX-DPI] Read 8 bytes from 0x80013480
# [SimX-DPI] Read 8 bytes from 0x80013488
# [SimX-DPI] Read 8 bytes from 0x80013490
# [SimX-DPI] Read 8 bytes from 0x80013498
# [SimX-DPI] Read 8 bytes from 0x800134a0
# [SimX-DPI] Read 8 bytes from 0x800134a8
# [SimX-DPI] Read 8 bytes from 0x800134b0
# [SimX-DPI] Read 8 bytes from 0x800134b8
# [SimX-DPI] Read 8 bytes from 0x800134c0
# [SimX-DPI] Read 8 bytes from 0x800134c8
# [SimX-DPI] Read 8 bytes from 0x800134d0
# [SimX-DPI] Read 8 bytes from 0x800134d8
# [SimX-DPI] Read 8 bytes from 0x800134e0
# [SimX-DPI] Read 8 bytes from 0x800134e8
# [SimX-DPI] Read 8 bytes from 0x800134f0
# [SimX-DPI] Read 8 bytes from 0x800134f8
# [SimX-DPI] Read 8 bytes from 0x80013500
# [SimX-DPI] Read 8 bytes from 0x80013508
# [SimX-DPI] Read 8 bytes from 0x80013510
# [SimX-DPI] Read 8 bytes from 0x80013518
# [SimX-DPI] Read 8 bytes from 0x80013520
# [SimX-DPI] Read 8 bytes from 0x80013528
# [SimX-DPI] Read 8 bytes from 0x80013530
# [SimX-DPI] Read 8 bytes from 0x80013538
# [SimX-DPI] Read 8 bytes from 0x80013540
# [SimX-DPI] Read 8 bytes from 0x80013548
# [SimX-DPI] Read 8 bytes from 0x80013550
# [SimX-DPI] Read 8 bytes from 0x80013558
# [SimX-DPI] Read 8 bytes from 0x80013560
# [SimX-DPI] Read 8 bytes from 0x80013568
# [SimX-DPI] Read 8 bytes from 0x80013570
# [SimX-DPI] Read 8 bytes from 0x80013578
# [SimX-DPI] Read 8 bytes from 0x80013580
# [SimX-DPI] Read 8 bytes from 0x80013588
# [SimX-DPI] Read 8 bytes from 0x80013590
# [SimX-DPI] Read 8 bytes from 0x80013598
# [SimX-DPI] Read 8 bytes from 0x800135a0
# [SimX-DPI] Read 8 bytes from 0x800135a8
# [SimX-DPI] Read 8 bytes from 0x800135b0
# [SimX-DPI] Read 8 bytes from 0x800135b8
# [SimX-DPI] Read 8 bytes from 0x800135c0
# [SimX-DPI] Read 8 bytes from 0x800135c8
# [SimX-DPI] Read 8 bytes from 0x800135d0
# [SimX-DPI] Read 8 bytes from 0x800135d8
# [SimX-DPI] Read 8 bytes from 0x800135e0
# [SimX-DPI] Read 8 bytes from 0x800135e8
# [SimX-DPI] Read 8 bytes from 0x800135f0
# [SimX-DPI] Read 8 bytes from 0x800135f8
# [SimX-DPI] Read 8 bytes from 0x80013600
# [SimX-DPI] Read 8 bytes from 0x80013608
# [SimX-DPI] Read 8 bytes from 0x80013610
# [SimX-DPI] Read 8 bytes from 0x80013618
# [SimX-DPI] Read 8 bytes from 0x80013620
# [SimX-DPI] Read 8 bytes from 0x80013628
# [SimX-DPI] Read 8 bytes from 0x80013630
# [SimX-DPI] Read 8 bytes from 0x80013638
# [SimX-DPI] Read 8 bytes from 0x80013640
# [SimX-DPI] Read 8 bytes from 0x80013648
# [SimX-DPI] Read 8 bytes from 0x80013650
# [SimX-DPI] Read 8 bytes from 0x80013658
# [SimX-DPI] Read 8 bytes from 0x80013660
# [SimX-DPI] Read 8 bytes from 0x80013668
# [SimX-DPI] Read 8 bytes from 0x80013670
# [SimX-DPI] Read 8 bytes from 0x80013678
# [SimX-DPI] Read 8 bytes from 0x80013680
# [SimX-DPI] Read 8 bytes from 0x80013688
# [SimX-DPI] Read 8 bytes from 0x80013690
# [SimX-DPI] Read 8 bytes from 0x80013698
# [SimX-DPI] Read 8 bytes from 0x800136a0
# [SimX-DPI] Read 8 bytes from 0x800136a8
# [SimX-DPI] Read 8 bytes from 0x800136b0
# [SimX-DPI] Read 8 bytes from 0x800136b8
# [SimX-DPI] Read 8 bytes from 0x800136c0
# [SimX-DPI] Read 8 bytes from 0x800136c8
# [SimX-DPI] Read 8 bytes from 0x800136d0
# [SimX-DPI] Read 8 bytes from 0x800136d8
# [SimX-DPI] Read 8 bytes from 0x800136e0
# [SimX-DPI] Read 8 bytes from 0x800136e8
# [SimX-DPI] Read 8 bytes from 0x800136f0
# [SimX-DPI] Read 8 bytes from 0x800136f8
# [SimX-DPI] Read 8 bytes from 0x80013700
# [SimX-DPI] Read 8 bytes from 0x80013708
# [SimX-DPI] Read 8 bytes from 0x80013710
# [SimX-DPI] Read 8 bytes from 0x80013718
# [SimX-DPI] Read 8 bytes from 0x80013720
# [SimX-DPI] Read 8 bytes from 0x80013728
# [SimX-DPI] Read 8 bytes from 0x80013730
# [SimX-DPI] Read 8 bytes from 0x80013738
# [SimX-DPI] Read 8 bytes from 0x80013740
# [SimX-DPI] Read 8 bytes from 0x80013748
# [SimX-DPI] Read 8 bytes from 0x80013750
# [SimX-DPI] Read 8 bytes from 0x80013758
# [SimX-DPI] Read 8 bytes from 0x80013760
# [SimX-DPI] Read 8 bytes from 0x80013768
# [SimX-DPI] Read 8 bytes from 0x80013770
# [SimX-DPI] Read 8 bytes from 0x80013778
# [SimX-DPI] Read 8 bytes from 0x80013780
# [SimX-DPI] Read 8 bytes from 0x80013788
# [SimX-DPI] Read 8 bytes from 0x80013790
# [SimX-DPI] Read 8 bytes from 0x80013798
# [SimX-DPI] Read 8 bytes from 0x800137a0
# [SimX-DPI] Read 8 bytes from 0x800137a8
# [SimX-DPI] Read 8 bytes from 0x800137b0
# [SimX-DPI] Read 8 bytes from 0x800137b8
# [SimX-DPI] Read 8 bytes from 0x800137c0
# [SimX-DPI] Read 8 bytes from 0x800137c8
# [SimX-DPI] Read 8 bytes from 0x800137d0
# [SimX-DPI] Read 8 bytes from 0x800137d8
# [SimX-DPI] Read 8 bytes from 0x800137e0
# [SimX-DPI] Read 8 bytes from 0x800137e8
# [SimX-DPI] Read 8 bytes from 0x800137f0
# [SimX-DPI] Read 8 bytes from 0x800137f8
# [SimX-DPI] Read 8 bytes from 0x80013800
# [SimX-DPI] Read 8 bytes from 0x80013808
# [SimX-DPI] Read 8 bytes from 0x80013810
# [SimX-DPI] Read 8 bytes from 0x80013818
# [SimX-DPI] Read 8 bytes from 0x80013820
# [SimX-DPI] Read 8 bytes from 0x80013828
# [SimX-DPI] Read 8 bytes from 0x80013830
# [SimX-DPI] Read 8 bytes from 0x80013838
# [SimX-DPI] Read 8 bytes from 0x80013840
# [SimX-DPI] Read 8 bytes from 0x80013848
# [SimX-DPI] Read 8 bytes from 0x80013850
# [SimX-DPI] Read 8 bytes from 0x80013858
# [SimX-DPI] Read 8 bytes from 0x80013860
# [SimX-DPI] Read 8 bytes from 0x80013868
# [SimX-DPI] Read 8 bytes from 0x80013870
# [SimX-DPI] Read 8 bytes from 0x80013878
# [SimX-DPI] Read 8 bytes from 0x80013880
# [SimX-DPI] Read 8 bytes from 0x80013888
# [SimX-DPI] Read 8 bytes from 0x80013890
# [SimX-DPI] Read 8 bytes from 0x80013898
# [SimX-DPI] Read 8 bytes from 0x800138a0
# [SimX-DPI] Read 8 bytes from 0x800138a8
# [SimX-DPI] Read 8 bytes from 0x800138b0
# [SimX-DPI] Read 8 bytes from 0x800138b8
# [SimX-DPI] Read 8 bytes from 0x800138c0
# [SimX-DPI] Read 8 bytes from 0x800138c8
# [SimX-DPI] Read 8 bytes from 0x800138d0
# [SimX-DPI] Read 8 bytes from 0x800138d8
# [SimX-DPI] Read 8 bytes from 0x800138e0
# [SimX-DPI] Read 8 bytes from 0x800138e8
# [SimX-DPI] Read 8 bytes from 0x800138f0
# [SimX-DPI] Read 8 bytes from 0x800138f8
# [SimX-DPI] Read 8 bytes from 0x80013900
# [SimX-DPI] Read 8 bytes from 0x80013908
# [SimX-DPI] Read 8 bytes from 0x80013910
# [SimX-DPI] Read 8 bytes from 0x80013918
# [SimX-DPI] Read 8 bytes from 0x80013920
# [SimX-DPI] Read 8 bytes from 0x80013928
# [SimX-DPI] Read 8 bytes from 0x80013930
# [SimX-DPI] Read 8 bytes from 0x80013938
# [SimX-DPI] Read 8 bytes from 0x80013940
# [SimX-DPI] Read 8 bytes from 0x80013948
# [SimX-DPI] Read 8 bytes from 0x80013950
# [SimX-DPI] Read 8 bytes from 0x80013958
# [SimX-DPI] Read 8 bytes from 0x80013960
# [SimX-DPI] Read 8 bytes from 0x80013968
# [SimX-DPI] Read 8 bytes from 0x80013970
# [SimX-DPI] Read 8 bytes from 0x80013978
# [SimX-DPI] Read 8 bytes from 0x80013980
# [SimX-DPI] Read 8 bytes from 0x80013988
# [SimX-DPI] Read 8 bytes from 0x80013990
# [SimX-DPI] Read 8 bytes from 0x80013998
# [SimX-DPI] Read 8 bytes from 0x800139a0
# [SimX-DPI] Read 8 bytes from 0x800139a8
# [SimX-DPI] Read 8 bytes from 0x800139b0
# [SimX-DPI] Read 8 bytes from 0x800139b8
# [SimX-DPI] Read 8 bytes from 0x800139c0
# [SimX-DPI] Read 8 bytes from 0x800139c8
# [SimX-DPI] Read 8 bytes from 0x800139d0
# [SimX-DPI] Read 8 bytes from 0x800139d8
# [SimX-DPI] Read 8 bytes from 0x800139e0
# [SimX-DPI] Read 8 bytes from 0x800139e8
# [SimX-DPI] Read 8 bytes from 0x800139f0
# [SimX-DPI] Read 8 bytes from 0x800139f8
# [SimX-DPI] Read 8 bytes from 0x80013a00
# [SimX-DPI] Read 8 bytes from 0x80013a08
# [SimX-DPI] Read 8 bytes from 0x80013a10
# [SimX-DPI] Read 8 bytes from 0x80013a18
# [SimX-DPI] Read 8 bytes from 0x80013a20
# [SimX-DPI] Read 8 bytes from 0x80013a28
# [SimX-DPI] Read 8 bytes from 0x80013a30
# [SimX-DPI] Read 8 bytes from 0x80013a38
# [SimX-DPI] Read 8 bytes from 0x80013a40
# [SimX-DPI] Read 8 bytes from 0x80013a48
# [SimX-DPI] Read 8 bytes from 0x80013a50
# [SimX-DPI] Read 8 bytes from 0x80013a58
# [SimX-DPI] Read 8 bytes from 0x80013a60
# [SimX-DPI] Read 8 bytes from 0x80013a68
# [SimX-DPI] Read 8 bytes from 0x80013a70
# [SimX-DPI] Read 8 bytes from 0x80013a78
# [SimX-DPI] Read 8 bytes from 0x80013a80
# [SimX-DPI] Read 8 bytes from 0x80013a88
# [SimX-DPI] Read 8 bytes from 0x80013a90
# [SimX-DPI] Read 8 bytes from 0x80013a98
# [SimX-DPI] Read 8 bytes from 0x80013aa0
# [SimX-DPI] Read 8 bytes from 0x80013aa8
# [SimX-DPI] Read 8 bytes from 0x80013ab0
# [SimX-DPI] Read 8 bytes from 0x80013ab8
# [SimX-DPI] Read 8 bytes from 0x80013ac0
# [SimX-DPI] Read 8 bytes from 0x80013ac8
# [SimX-DPI] Read 8 bytes from 0x80013ad0
# [SimX-DPI] Read 8 bytes from 0x80013ad8
# [SimX-DPI] Read 8 bytes from 0x80013ae0
# [SimX-DPI] Read 8 bytes from 0x80013ae8
# [SimX-DPI] Read 8 bytes from 0x80013af0
# [SimX-DPI] Read 8 bytes from 0x80013af8
# [SimX-DPI] Read 8 bytes from 0x80013b00
# [SimX-DPI] Read 8 bytes from 0x80013b08
# [SimX-DPI] Read 8 bytes from 0x80013b10
# [SimX-DPI] Read 8 bytes from 0x80013b18
# [SimX-DPI] Read 8 bytes from 0x80013b20
# [SimX-DPI] Read 8 bytes from 0x80013b28
# [SimX-DPI] Read 8 bytes from 0x80013b30
# [SimX-DPI] Read 8 bytes from 0x80013b38
# [SimX-DPI] Read 8 bytes from 0x80013b40
# [SimX-DPI] Read 8 bytes from 0x80013b48
# [SimX-DPI] Read 8 bytes from 0x80013b50
# [SimX-DPI] Read 8 bytes from 0x80013b58
# [SimX-DPI] Read 8 bytes from 0x80013b60
# [SimX-DPI] Read 8 bytes from 0x80013b68
# [SimX-DPI] Read 8 bytes from 0x80013b70
# [SimX-DPI] Read 8 bytes from 0x80013b78
# [SimX-DPI] Read 8 bytes from 0x80013b80
# [SimX-DPI] Read 8 bytes from 0x80013b88
# [SimX-DPI] Read 8 bytes from 0x80013b90
# [SimX-DPI] Read 8 bytes from 0x80013b98
# [SimX-DPI] Read 8 bytes from 0x80013ba0
# [SimX-DPI] Read 8 bytes from 0x80013ba8
# [SimX-DPI] Read 8 bytes from 0x80013bb0
# [SimX-DPI] Read 8 bytes from 0x80013bb8
# [SimX-DPI] Read 8 bytes from 0x80013bc0
# [SimX-DPI] Read 8 bytes from 0x80013bc8
# [SimX-DPI] Read 8 bytes from 0x80013bd0
# [SimX-DPI] Read 8 bytes from 0x80013bd8
# [SimX-DPI] Read 8 bytes from 0x80013be0
# [SimX-DPI] Read 8 bytes from 0x80013be8
# [SimX-DPI] Read 8 bytes from 0x80013bf0
# [SimX-DPI] Read 8 bytes from 0x80013bf8
# [SimX-DPI] Read 8 bytes from 0x80013c00
# [SimX-DPI] Read 8 bytes from 0x80013c08
# [SimX-DPI] Read 8 bytes from 0x80013c10
# [SimX-DPI] Read 8 bytes from 0x80013c18
# [SimX-DPI] Read 8 bytes from 0x80013c20
# [SimX-DPI] Read 8 bytes from 0x80013c28
# [SimX-DPI] Read 8 bytes from 0x80013c30
# [SimX-DPI] Read 8 bytes from 0x80013c38
# [SimX-DPI] Read 8 bytes from 0x80013c40
# [SimX-DPI] Read 8 bytes from 0x80013c48
# [SimX-DPI] Read 8 bytes from 0x80013c50
# [SimX-DPI] Read 8 bytes from 0x80013c58
# [SimX-DPI] Read 8 bytes from 0x80013c60
# [SimX-DPI] Read 8 bytes from 0x80013c68
# [SimX-DPI] Read 8 bytes from 0x80013c70
# [SimX-DPI] Read 8 bytes from 0x80013c78
# [SimX-DPI] Read 8 bytes from 0x80013c80
# [SimX-DPI] Read 8 bytes from 0x80013c88
# [SimX-DPI] Read 8 bytes from 0x80013c90
# [SimX-DPI] Read 8 bytes from 0x80013c98
# [SimX-DPI] Read 8 bytes from 0x80013ca0
# [SimX-DPI] Read 8 bytes from 0x80013ca8
# [SimX-DPI] Read 8 bytes from 0x80013cb0
# [SimX-DPI] Read 8 bytes from 0x80013cb8
# [SimX-DPI] Read 8 bytes from 0x80013cc0
# [SimX-DPI] Read 8 bytes from 0x80013cc8
# [SimX-DPI] Read 8 bytes from 0x80013cd0
# [SimX-DPI] Read 8 bytes from 0x80013cd8
# [SimX-DPI] Read 8 bytes from 0x80013ce0
# [SimX-DPI] Read 8 bytes from 0x80013ce8
# [SimX-DPI] Read 8 bytes from 0x80013cf0
# [SimX-DPI] Read 8 bytes from 0x80013cf8
# [SimX-DPI] Read 8 bytes from 0x80013d00
# [SimX-DPI] Read 8 bytes from 0x80013d08
# [SimX-DPI] Read 8 bytes from 0x80013d10
# [SimX-DPI] Read 8 bytes from 0x80013d18
# [SimX-DPI] Read 8 bytes from 0x80013d20
# [SimX-DPI] Read 8 bytes from 0x80013d28
# [SimX-DPI] Read 8 bytes from 0x80013d30
# [SimX-DPI] Read 8 bytes from 0x80013d38
# [SimX-DPI] Read 8 bytes from 0x80013d40
# [SimX-DPI] Read 8 bytes from 0x80013d48
# [SimX-DPI] Read 8 bytes from 0x80013d50
# [SimX-DPI] Read 8 bytes from 0x80013d58
# [SimX-DPI] Read 8 bytes from 0x80013d60
# [SimX-DPI] Read 8 bytes from 0x80013d68
# [SimX-DPI] Read 8 bytes from 0x80013d70
# [SimX-DPI] Read 8 bytes from 0x80013d78
# [SimX-DPI] Read 8 bytes from 0x80013d80
# [SimX-DPI] Read 8 bytes from 0x80013d88
# [SimX-DPI] Read 8 bytes from 0x80013d90
# [SimX-DPI] Read 8 bytes from 0x80013d98
# [SimX-DPI] Read 8 bytes from 0x80013da0
# [SimX-DPI] Read 8 bytes from 0x80013da8
# [SimX-DPI] Read 8 bytes from 0x80013db0
# [SimX-DPI] Read 8 bytes from 0x80013db8
# [SimX-DPI] Read 8 bytes from 0x80013dc0
# [SimX-DPI] Read 8 bytes from 0x80013dc8
# [SimX-DPI] Read 8 bytes from 0x80013dd0
# [SimX-DPI] Read 8 bytes from 0x80013dd8
# [SimX-DPI] Read 8 bytes from 0x80013de0
# [SimX-DPI] Read 8 bytes from 0x80013de8
# [SimX-DPI] Read 8 bytes from 0x80013df0
# [SimX-DPI] Read 8 bytes from 0x80013df8
# [SimX-DPI] Read 8 bytes from 0x80013e00
# [SimX-DPI] Read 8 bytes from 0x80013e08
# [SimX-DPI] Read 8 bytes from 0x80013e10
# [SimX-DPI] Read 8 bytes from 0x80013e18
# [SimX-DPI] Read 8 bytes from 0x80013e20
# [SimX-DPI] Read 8 bytes from 0x80013e28
# [SimX-DPI] Read 8 bytes from 0x80013e30
# [SimX-DPI] Read 8 bytes from 0x80013e38
# [SimX-DPI] Read 8 bytes from 0x80013e40
# [SimX-DPI] Read 8 bytes from 0x80013e48
# [SimX-DPI] Read 8 bytes from 0x80013e50
# [SimX-DPI] Read 8 bytes from 0x80013e58
# [SimX-DPI] Read 8 bytes from 0x80013e60
# [SimX-DPI] Read 8 bytes from 0x80013e68
# [SimX-DPI] Read 8 bytes from 0x80013e70
# [SimX-DPI] Read 8 bytes from 0x80013e78
# [SimX-DPI] Read 8 bytes from 0x80013e80
# [SimX-DPI] Read 8 bytes from 0x80013e88
# [SimX-DPI] Read 8 bytes from 0x80013e90
# [SimX-DPI] Read 8 bytes from 0x80013e98
# [SimX-DPI] Read 8 bytes from 0x80013ea0
# [SimX-DPI] Read 8 bytes from 0x80013ea8
# [SimX-DPI] Read 8 bytes from 0x80013eb0
# [SimX-DPI] Read 8 bytes from 0x80013eb8
# [SimX-DPI] Read 8 bytes from 0x80013ec0
# [SimX-DPI] Read 8 bytes from 0x80013ec8
# [SimX-DPI] Read 8 bytes from 0x80013ed0
# [SimX-DPI] Read 8 bytes from 0x80013ed8
# [SimX-DPI] Read 8 bytes from 0x80013ee0
# [SimX-DPI] Read 8 bytes from 0x80013ee8
# [SimX-DPI] Read 8 bytes from 0x80013ef0
# [SimX-DPI] Read 8 bytes from 0x80013ef8
# [SimX-DPI] Read 8 bytes from 0x80013f00
# [SimX-DPI] Read 8 bytes from 0x80013f08
# [SimX-DPI] Read 8 bytes from 0x80013f10
# [SimX-DPI] Read 8 bytes from 0x80013f18
# [SimX-DPI] Read 8 bytes from 0x80013f20
# [SimX-DPI] Read 8 bytes from 0x80013f28
# [SimX-DPI] Read 8 bytes from 0x80013f30
# [SimX-DPI] Read 8 bytes from 0x80013f38
# [SimX-DPI] Read 8 bytes from 0x80013f40
# [SimX-DPI] Read 8 bytes from 0x80013f48
# [SimX-DPI] Read 8 bytes from 0x80013f50
# [SimX-DPI] Read 8 bytes from 0x80013f58
# [SimX-DPI] Read 8 bytes from 0x80013f60
# [SimX-DPI] Read 8 bytes from 0x80013f68
# [SimX-DPI] Read 8 bytes from 0x80013f70
# [SimX-DPI] Read 8 bytes from 0x80013f78
# [SimX-DPI] Read 8 bytes from 0x80013f80
# [SimX-DPI] Read 8 bytes from 0x80013f88
# [SimX-DPI] Read 8 bytes from 0x80013f90
# [SimX-DPI] Read 8 bytes from 0x80013f98
# [SimX-DPI] Read 8 bytes from 0x80013fa0
# [SimX-DPI] Read 8 bytes from 0x80013fa8
# [SimX-DPI] Read 8 bytes from 0x80013fb0
# [SimX-DPI] Read 8 bytes from 0x80013fb8
# [SimX-DPI] Read 8 bytes from 0x80013fc0
# [SimX-DPI] Read 8 bytes from 0x80013fc8
# [SimX-DPI] Read 8 bytes from 0x80013fd0
# [SimX-DPI] Read 8 bytes from 0x80013fd8
# [SimX-DPI] Read 8 bytes from 0x80013fe0
# [SimX-DPI] Read 8 bytes from 0x80013fe8
# [SimX-DPI] Read 8 bytes from 0x80013ff0
# [SimX-DPI] Read 8 bytes from 0x80013ff8
# [SimX-DPI] Read 8 bytes from 0x80014000
# [SimX-DPI] Read 8 bytes from 0x80014008
# [SimX-DPI] Read 8 bytes from 0x80014010
# [SimX-DPI] Read 8 bytes from 0x80014018
# [SimX-DPI] Read 8 bytes from 0x80014020
# [SimX-DPI] Read 8 bytes from 0x80014028
# [SimX-DPI] Read 8 bytes from 0x80014030
# [SimX-DPI] Read 8 bytes from 0x80014038
# [SimX-DPI] Read 8 bytes from 0x80014040
# [SimX-DPI] Read 8 bytes from 0x80014048
# [SimX-DPI] Read 8 bytes from 0x80014050
# [SimX-DPI] Read 8 bytes from 0x80014058
# [SimX-DPI] Read 8 bytes from 0x80014060
# [SimX-DPI] Read 8 bytes from 0x80014068
# [SimX-DPI] Read 8 bytes from 0x80014070
# [SimX-DPI] Read 8 bytes from 0x80014078
# [SimX-DPI] Read 8 bytes from 0x80014080
# [SimX-DPI] Read 8 bytes from 0x80014088
# [SimX-DPI] Read 8 bytes from 0x80014090
# [SimX-DPI] Read 8 bytes from 0x80014098
# [SimX-DPI] Read 8 bytes from 0x800140a0
# [SimX-DPI] Read 8 bytes from 0x800140a8
# [SimX-DPI] Read 8 bytes from 0x800140b0
# [SimX-DPI] Read 8 bytes from 0x800140b8
# [SimX-DPI] Read 8 bytes from 0x800140c0
# [SimX-DPI] Read 8 bytes from 0x800140c8
# [SimX-DPI] Read 8 bytes from 0x800140d0
# [SimX-DPI] Read 8 bytes from 0x800140d8
# [SimX-DPI] Read 8 bytes from 0x800140e0
# [SimX-DPI] Read 8 bytes from 0x800140e8
# [SimX-DPI] Read 8 bytes from 0x800140f0
# [SimX-DPI] Read 8 bytes from 0x800140f8
# [SimX-DPI] Read 8 bytes from 0x80014100
# [SimX-DPI] Read 8 bytes from 0x80014108
# [SimX-DPI] Read 8 bytes from 0x80014110
# [SimX-DPI] Read 8 bytes from 0x80014118
# [SimX-DPI] Read 8 bytes from 0x80014120
# [SimX-DPI] Read 8 bytes from 0x80014128
# [SimX-DPI] Read 8 bytes from 0x80014130
# [SimX-DPI] Read 8 bytes from 0x80014138
# [SimX-DPI] Read 8 bytes from 0x80014140
# [SimX-DPI] Read 8 bytes from 0x80014148
# [SimX-DPI] Read 8 bytes from 0x80014150
# [SimX-DPI] Read 8 bytes from 0x80014158
# [SimX-DPI] Read 8 bytes from 0x80014160
# [SimX-DPI] Read 8 bytes from 0x80014168
# [SimX-DPI] Read 8 bytes from 0x80014170
# [SimX-DPI] Read 8 bytes from 0x80014178
# [SimX-DPI] Read 8 bytes from 0x80014180
# [SimX-DPI] Read 8 bytes from 0x80014188
# [SimX-DPI] Read 8 bytes from 0x80014190
# [SimX-DPI] Read 8 bytes from 0x80014198
# [SimX-DPI] Read 8 bytes from 0x800141a0
# [SimX-DPI] Read 8 bytes from 0x800141a8
# [SimX-DPI] Read 8 bytes from 0x800141b0
# [SimX-DPI] Read 8 bytes from 0x800141b8
# [SimX-DPI] Read 8 bytes from 0x800141c0
# [SimX-DPI] Read 8 bytes from 0x800141c8
# [SimX-DPI] Read 8 bytes from 0x800141d0
# [SimX-DPI] Read 8 bytes from 0x800141d8
# [SimX-DPI] Read 8 bytes from 0x800141e0
# [SimX-DPI] Read 8 bytes from 0x800141e8
# [SimX-DPI] Read 8 bytes from 0x800141f0
# [SimX-DPI] Read 8 bytes from 0x800141f8
# [SimX-DPI] Read 8 bytes from 0x80014200
# [SimX-DPI] Read 8 bytes from 0x80014208
# [SimX-DPI] Read 8 bytes from 0x80014210
# [SimX-DPI] Read 8 bytes from 0x80014218
# [SimX-DPI] Read 8 bytes from 0x80014220
# [SimX-DPI] Read 8 bytes from 0x80014228
# [SimX-DPI] Read 8 bytes from 0x80014230
# [SimX-DPI] Read 8 bytes from 0x80014238
# [SimX-DPI] Read 8 bytes from 0x80014240
# [SimX-DPI] Read 8 bytes from 0x80014248
# [SimX-DPI] Read 8 bytes from 0x80014250
# [SimX-DPI] Read 8 bytes from 0x80014258
# [SimX-DPI] Read 8 bytes from 0x80014260
# [SimX-DPI] Read 8 bytes from 0x80014268
# [SimX-DPI] Read 8 bytes from 0x80014270
# [SimX-DPI] Read 8 bytes from 0x80014278
# [SimX-DPI] Read 8 bytes from 0x80014280
# [SimX-DPI] Read 8 bytes from 0x80014288
# [SimX-DPI] Read 8 bytes from 0x80014290
# [SimX-DPI] Read 8 bytes from 0x80014298
# [SimX-DPI] Read 8 bytes from 0x800142a0
# [SimX-DPI] Read 8 bytes from 0x800142a8
# [SimX-DPI] Read 8 bytes from 0x800142b0
# [SimX-DPI] Read 8 bytes from 0x800142b8
# [SimX-DPI] Read 8 bytes from 0x800142c0
# [SimX-DPI] Read 8 bytes from 0x800142c8
# [SimX-DPI] Read 8 bytes from 0x800142d0
# [SimX-DPI] Read 8 bytes from 0x800142d8
# [SimX-DPI] Read 8 bytes from 0x800142e0
# [SimX-DPI] Read 8 bytes from 0x800142e8
# [SimX-DPI] Read 8 bytes from 0x800142f0
# [SimX-DPI] Read 8 bytes from 0x800142f8
# [SimX-DPI] Read 8 bytes from 0x80014300
# [SimX-DPI] Read 8 bytes from 0x80014308
# [SimX-DPI] Read 8 bytes from 0x80014310
# [SimX-DPI] Read 8 bytes from 0x80014318
# [SimX-DPI] Read 8 bytes from 0x80014320
# [SimX-DPI] Read 8 bytes from 0x80014328
# [SimX-DPI] Read 8 bytes from 0x80014330
# [SimX-DPI] Read 8 bytes from 0x80014338
# [SimX-DPI] Read 8 bytes from 0x80014340
# [SimX-DPI] Read 8 bytes from 0x80014348
# [SimX-DPI] Read 8 bytes from 0x80014350
# [SimX-DPI] Read 8 bytes from 0x80014358
# [SimX-DPI] Read 8 bytes from 0x80014360
# [SimX-DPI] Read 8 bytes from 0x80014368
# [SimX-DPI] Read 8 bytes from 0x80014370
# [SimX-DPI] Read 8 bytes from 0x80014378
# [SimX-DPI] Read 8 bytes from 0x80014380
# [SimX-DPI] Read 8 bytes from 0x80014388
# [SimX-DPI] Read 8 bytes from 0x80014390
# [SimX-DPI] Read 8 bytes from 0x80014398
# [SimX-DPI] Read 8 bytes from 0x800143a0
# [SimX-DPI] Read 8 bytes from 0x800143a8
# [SimX-DPI] Read 8 bytes from 0x800143b0
# [SimX-DPI] Read 8 bytes from 0x800143b8
# [SimX-DPI] Read 8 bytes from 0x800143c0
# [SimX-DPI] Read 8 bytes from 0x800143c8
# [SimX-DPI] Read 8 bytes from 0x800143d0
# [SimX-DPI] Read 8 bytes from 0x800143d8
# [SimX-DPI] Read 8 bytes from 0x800143e0
# [SimX-DPI] Read 8 bytes from 0x800143e8
# [SimX-DPI] Read 8 bytes from 0x800143f0
# [SimX-DPI] Read 8 bytes from 0x800143f8
# [SimX-DPI] Read 8 bytes from 0x80014400
# [SimX-DPI] Read 8 bytes from 0x80014408
# [SimX-DPI] Read 8 bytes from 0x80014410
# [SimX-DPI] Read 8 bytes from 0x80014418
# [SimX-DPI] Read 8 bytes from 0x80014420
# [SimX-DPI] Read 8 bytes from 0x80014428
# [SimX-DPI] Read 8 bytes from 0x80014430
# [SimX-DPI] Read 8 bytes from 0x80014438
# [SimX-DPI] Read 8 bytes from 0x80014440
# [SimX-DPI] Read 8 bytes from 0x80014448
# [SimX-DPI] Read 8 bytes from 0x80014450
# [SimX-DPI] Read 8 bytes from 0x80014458
# [SimX-DPI] Read 8 bytes from 0x80014460
# [SimX-DPI] Read 8 bytes from 0x80014468
# [SimX-DPI] Read 8 bytes from 0x80014470
# [SimX-DPI] Read 8 bytes from 0x80014478
# [SimX-DPI] Read 8 bytes from 0x80014480
# [SimX-DPI] Read 8 bytes from 0x80014488
# [SimX-DPI] Read 8 bytes from 0x80014490
# [SimX-DPI] Read 8 bytes from 0x80014498
# [SimX-DPI] Read 8 bytes from 0x800144a0
# [SimX-DPI] Read 8 bytes from 0x800144a8
# [SimX-DPI] Read 8 bytes from 0x800144b0
# [SimX-DPI] Read 8 bytes from 0x800144b8
# [SimX-DPI] Read 8 bytes from 0x800144c0
# [SimX-DPI] Read 8 bytes from 0x800144c8
# [SimX-DPI] Read 8 bytes from 0x800144d0
# [SimX-DPI] Read 8 bytes from 0x800144d8
# [SimX-DPI] Read 8 bytes from 0x800144e0
# [SimX-DPI] Read 8 bytes from 0x800144e8
# [SimX-DPI] Read 8 bytes from 0x800144f0
# [SimX-DPI] Read 8 bytes from 0x800144f8
# [SimX-DPI] Read 8 bytes from 0x80014500
# [SimX-DPI] Read 8 bytes from 0x80014508
# [SimX-DPI] Read 8 bytes from 0x80014510
# [SimX-DPI] Read 8 bytes from 0x80014518
# [SimX-DPI] Read 8 bytes from 0x80014520
# [SimX-DPI] Read 8 bytes from 0x80014528
# [SimX-DPI] Read 8 bytes from 0x80014530
# [SimX-DPI] Read 8 bytes from 0x80014538
# [SimX-DPI] Read 8 bytes from 0x80014540
# [SimX-DPI] Read 8 bytes from 0x80014548
# [SimX-DPI] Read 8 bytes from 0x80014550
# [SimX-DPI] Read 8 bytes from 0x80014558
# [SimX-DPI] Read 8 bytes from 0x80014560
# [SimX-DPI] Read 8 bytes from 0x80014568
# [SimX-DPI] Read 8 bytes from 0x80014570
# [SimX-DPI] Read 8 bytes from 0x80014578
# [SimX-DPI] Read 8 bytes from 0x80014580
# [SimX-DPI] Read 8 bytes from 0x80014588
# [SimX-DPI] Read 8 bytes from 0x80014590
# [SimX-DPI] Read 8 bytes from 0x80014598
# [SimX-DPI] Read 8 bytes from 0x800145a0
# [SimX-DPI] Read 8 bytes from 0x800145a8
# [SimX-DPI] Read 8 bytes from 0x800145b0
# [SimX-DPI] Read 8 bytes from 0x800145b8
# [SimX-DPI] Read 8 bytes from 0x800145c0
# [SimX-DPI] Read 8 bytes from 0x800145c8
# [SimX-DPI] Read 8 bytes from 0x800145d0
# [SimX-DPI] Read 8 bytes from 0x800145d8
# [SimX-DPI] Read 8 bytes from 0x800145e0
# [SimX-DPI] Read 8 bytes from 0x800145e8
# [SimX-DPI] Read 8 bytes from 0x800145f0
# [SimX-DPI] Read 8 bytes from 0x800145f8
# [SimX-DPI] Read 8 bytes from 0x80014600
# [SimX-DPI] Read 8 bytes from 0x80014608
# [SimX-DPI] Read 8 bytes from 0x80014610
# [SimX-DPI] Read 8 bytes from 0x80014618
# [SimX-DPI] Read 8 bytes from 0x80014620
# [SimX-DPI] Read 8 bytes from 0x80014628
# [SimX-DPI] Read 8 bytes from 0x80014630
# [SimX-DPI] Read 8 bytes from 0x80014638
# [SimX-DPI] Read 8 bytes from 0x80014640
# [SimX-DPI] Read 8 bytes from 0x80014648
# [SimX-DPI] Read 8 bytes from 0x80014650
# [SimX-DPI] Read 8 bytes from 0x80014658
# [SimX-DPI] Read 8 bytes from 0x80014660
# [SimX-DPI] Read 8 bytes from 0x80014668
# [SimX-DPI] Read 8 bytes from 0x80014670
# [SimX-DPI] Read 8 bytes from 0x80014678
# [SimX-DPI] Read 8 bytes from 0x80014680
# [SimX-DPI] Read 8 bytes from 0x80014688
# [SimX-DPI] Read 8 bytes from 0x80014690
# [SimX-DPI] Read 8 bytes from 0x80014698
# [SimX-DPI] Read 8 bytes from 0x800146a0
# [SimX-DPI] Read 8 bytes from 0x800146a8
# [SimX-DPI] Read 8 bytes from 0x800146b0
# [SimX-DPI] Read 8 bytes from 0x800146b8
# [SimX-DPI] Read 8 bytes from 0x800146c0
# [SimX-DPI] Read 8 bytes from 0x800146c8
# [SimX-DPI] Read 8 bytes from 0x800146d0
# [SimX-DPI] Read 8 bytes from 0x800146d8
# [SimX-DPI] Read 8 bytes from 0x800146e0
# [SimX-DPI] Read 8 bytes from 0x800146e8
# [SimX-DPI] Read 8 bytes from 0x800146f0
# [SimX-DPI] Read 8 bytes from 0x800146f8
# [SimX-DPI] Read 8 bytes from 0x80014700
# [SimX-DPI] Read 8 bytes from 0x80014708
# [SimX-DPI] Read 8 bytes from 0x80014710
# [SimX-DPI] Read 8 bytes from 0x80014718
# [SimX-DPI] Read 8 bytes from 0x80014720
# [SimX-DPI] Read 8 bytes from 0x80014728
# [SimX-DPI] Read 8 bytes from 0x80014730
# [SimX-DPI] Read 8 bytes from 0x80014738
# [SimX-DPI] Read 8 bytes from 0x80014740
# [SimX-DPI] Read 8 bytes from 0x80014748
# [SimX-DPI] Read 8 bytes from 0x80014750
# [SimX-DPI] Read 8 bytes from 0x80014758
# [SimX-DPI] Read 8 bytes from 0x80014760
# [SimX-DPI] Read 8 bytes from 0x80014768
# [SimX-DPI] Read 8 bytes from 0x80014770
# [SimX-DPI] Read 8 bytes from 0x80014778
# [SimX-DPI] Read 8 bytes from 0x80014780
# [SimX-DPI] Read 8 bytes from 0x80014788
# [SimX-DPI] Read 8 bytes from 0x80014790
# [SimX-DPI] Read 8 bytes from 0x80014798
# [SimX-DPI] Read 8 bytes from 0x800147a0
# [SimX-DPI] Read 8 bytes from 0x800147a8
# [SimX-DPI] Read 8 bytes from 0x800147b0
# [SimX-DPI] Read 8 bytes from 0x800147b8
# [SimX-DPI] Read 8 bytes from 0x800147c0
# [SimX-DPI] Read 8 bytes from 0x800147c8
# [SimX-DPI] Read 8 bytes from 0x800147d0
# [SimX-DPI] Read 8 bytes from 0x800147d8
# [SimX-DPI] Read 8 bytes from 0x800147e0
# [SimX-DPI] Read 8 bytes from 0x800147e8
# [SimX-DPI] Read 8 bytes from 0x800147f0
# [SimX-DPI] Read 8 bytes from 0x800147f8
# [SimX-DPI] Read 8 bytes from 0x80014800
# [SimX-DPI] Read 8 bytes from 0x80014808
# [SimX-DPI] Read 8 bytes from 0x80014810
# [SimX-DPI] Read 8 bytes from 0x80014818
# [SimX-DPI] Read 8 bytes from 0x80014820
# [SimX-DPI] Read 8 bytes from 0x80014828
# [SimX-DPI] Read 8 bytes from 0x80014830
# [SimX-DPI] Read 8 bytes from 0x80014838
# [SimX-DPI] Read 8 bytes from 0x80014840
# [SimX-DPI] Read 8 bytes from 0x80014848
# [SimX-DPI] Read 8 bytes from 0x80014850
# [SimX-DPI] Read 8 bytes from 0x80014858
# [SimX-DPI] Read 8 bytes from 0x80014860
# [SimX-DPI] Read 8 bytes from 0x80014868
# [SimX-DPI] Read 8 bytes from 0x80014870
# [SimX-DPI] Read 8 bytes from 0x80014878
# [SimX-DPI] Read 8 bytes from 0x80014880
# [SimX-DPI] Read 8 bytes from 0x80014888
# [SimX-DPI] Read 8 bytes from 0x80014890
# [SimX-DPI] Read 8 bytes from 0x80014898
# [SimX-DPI] Read 8 bytes from 0x800148a0
# [SimX-DPI] Read 8 bytes from 0x800148a8
# [SimX-DPI] Read 8 bytes from 0x800148b0
# [SimX-DPI] Read 8 bytes from 0x800148b8
# [SimX-DPI] Read 8 bytes from 0x800148c0
# [SimX-DPI] Read 8 bytes from 0x800148c8
# [SimX-DPI] Read 8 bytes from 0x800148d0
# [SimX-DPI] Read 8 bytes from 0x800148d8
# [SimX-DPI] Read 8 bytes from 0x800148e0
# [SimX-DPI] Read 8 bytes from 0x800148e8
# [SimX-DPI] Read 8 bytes from 0x800148f0
# [SimX-DPI] Read 8 bytes from 0x800148f8
# [SimX-DPI] Read 8 bytes from 0x80014900
# [SimX-DPI] Read 8 bytes from 0x80014908
# [SimX-DPI] Read 8 bytes from 0x80014910
# [SimX-DPI] Read 8 bytes from 0x80014918
# [SimX-DPI] Read 8 bytes from 0x80014920
# [SimX-DPI] Read 8 bytes from 0x80014928
# [SimX-DPI] Read 8 bytes from 0x80014930
# [SimX-DPI] Read 8 bytes from 0x80014938
# [SimX-DPI] Read 8 bytes from 0x80014940
# [SimX-DPI] Read 8 bytes from 0x80014948
# [SimX-DPI] Read 8 bytes from 0x80014950
# [SimX-DPI] Read 8 bytes from 0x80014958
# [SimX-DPI] Read 8 bytes from 0x80014960
# [SimX-DPI] Read 8 bytes from 0x80014968
# [SimX-DPI] Read 8 bytes from 0x80014970
# [SimX-DPI] Read 8 bytes from 0x80014978
# [SimX-DPI] Read 8 bytes from 0x80014980
# [SimX-DPI] Read 8 bytes from 0x80014988
# [SimX-DPI] Read 8 bytes from 0x80014990
# [SimX-DPI] Read 8 bytes from 0x80014998
# [SimX-DPI] Read 8 bytes from 0x800149a0
# [SimX-DPI] Read 8 bytes from 0x800149a8
# [SimX-DPI] Read 8 bytes from 0x800149b0
# [SimX-DPI] Read 8 bytes from 0x800149b8
# [SimX-DPI] Read 8 bytes from 0x800149c0
# [SimX-DPI] Read 8 bytes from 0x800149c8
# [SimX-DPI] Read 8 bytes from 0x800149d0
# [SimX-DPI] Read 8 bytes from 0x800149d8
# [SimX-DPI] Read 8 bytes from 0x800149e0
# [SimX-DPI] Read 8 bytes from 0x800149e8
# [SimX-DPI] Read 8 bytes from 0x800149f0
# [SimX-DPI] Read 8 bytes from 0x800149f8
# [SimX-DPI] Read 8 bytes from 0x80014a00
# [SimX-DPI] Read 8 bytes from 0x80014a08
# [SimX-DPI] Read 8 bytes from 0x80014a10
# [SimX-DPI] Read 8 bytes from 0x80014a18
# [SimX-DPI] Read 8 bytes from 0x80014a20
# [SimX-DPI] Read 8 bytes from 0x80014a28
# [SimX-DPI] Read 8 bytes from 0x80014a30
# [SimX-DPI] Read 8 bytes from 0x80014a38
# [SimX-DPI] Read 8 bytes from 0x80014a40
# [SimX-DPI] Read 8 bytes from 0x80014a48
# [SimX-DPI] Read 8 bytes from 0x80014a50
# [SimX-DPI] Read 8 bytes from 0x80014a58
# [SimX-DPI] Read 8 bytes from 0x80014a60
# [SimX-DPI] Read 8 bytes from 0x80014a68
# [SimX-DPI] Read 8 bytes from 0x80014a70
# [SimX-DPI] Read 8 bytes from 0x80014a78
# [SimX-DPI] Read 8 bytes from 0x80014a80
# [SimX-DPI] Read 8 bytes from 0x80014a88
# [SimX-DPI] Read 8 bytes from 0x80014a90
# [SimX-DPI] Read 8 bytes from 0x80014a98
# [SimX-DPI] Read 8 bytes from 0x80014aa0
# [SimX-DPI] Read 8 bytes from 0x80014aa8
# [SimX-DPI] Read 8 bytes from 0x80014ab0
# [SimX-DPI] Read 8 bytes from 0x80014ab8
# [SimX-DPI] Read 8 bytes from 0x80014ac0
# [SimX-DPI] Read 8 bytes from 0x80014ac8
# [SimX-DPI] Read 8 bytes from 0x80014ad0
# [SimX-DPI] Read 8 bytes from 0x80014ad8
# [SimX-DPI] Read 8 bytes from 0x80014ae0
# [SimX-DPI] Read 8 bytes from 0x80014ae8
# [SimX-DPI] Read 8 bytes from 0x80014af0
# [SimX-DPI] Read 8 bytes from 0x80014af8
# [SimX-DPI] Read 8 bytes from 0x80014b00
# [SimX-DPI] Read 8 bytes from 0x80014b08
# [SimX-DPI] Read 8 bytes from 0x80014b10
# [SimX-DPI] Read 8 bytes from 0x80014b18
# [SimX-DPI] Read 8 bytes from 0x80014b20
# [SimX-DPI] Read 8 bytes from 0x80014b28
# [SimX-DPI] Read 8 bytes from 0x80014b30
# [SimX-DPI] Read 8 bytes from 0x80014b38
# [SimX-DPI] Read 8 bytes from 0x80014b40
# [SimX-DPI] Read 8 bytes from 0x80014b48
# [SimX-DPI] Read 8 bytes from 0x80014b50
# [SimX-DPI] Read 8 bytes from 0x80014b58
# [SimX-DPI] Read 8 bytes from 0x80014b60
# [SimX-DPI] Read 8 bytes from 0x80014b68
# [SimX-DPI] Read 8 bytes from 0x80014b70
# [SimX-DPI] Read 8 bytes from 0x80014b78
# [SimX-DPI] Read 8 bytes from 0x80014b80
# [SimX-DPI] Read 8 bytes from 0x80014b88
# [SimX-DPI] Read 8 bytes from 0x80014b90
# [SimX-DPI] Read 8 bytes from 0x80014b98
# [SimX-DPI] Read 8 bytes from 0x80014ba0
# [SimX-DPI] Read 8 bytes from 0x80014ba8
# [SimX-DPI] Read 8 bytes from 0x80014bb0
# [SimX-DPI] Read 8 bytes from 0x80014bb8
# [SimX-DPI] Read 8 bytes from 0x80014bc0
# [SimX-DPI] Read 8 bytes from 0x80014bc8
# [SimX-DPI] Read 8 bytes from 0x80014bd0
# [SimX-DPI] Read 8 bytes from 0x80014bd8
# [SimX-DPI] Read 8 bytes from 0x80014be0
# [SimX-DPI] Read 8 bytes from 0x80014be8
# [SimX-DPI] Read 8 bytes from 0x80014bf0
# [SimX-DPI] Read 8 bytes from 0x80014bf8
# [SimX-DPI] Read 8 bytes from 0x80014c00
# [SimX-DPI] Read 8 bytes from 0x80014c08
# [SimX-DPI] Read 8 bytes from 0x80014c10
# [SimX-DPI] Read 8 bytes from 0x80014c18
# [SimX-DPI] Read 8 bytes from 0x80014c20
# [SimX-DPI] Read 8 bytes from 0x80014c28
# [SimX-DPI] Read 8 bytes from 0x80014c30
# [SimX-DPI] Read 8 bytes from 0x80014c38
# [SimX-DPI] Read 8 bytes from 0x80014c40
# [SimX-DPI] Read 8 bytes from 0x80014c48
# [SimX-DPI] Read 8 bytes from 0x80014c50
# [SimX-DPI] Read 8 bytes from 0x80014c58
# [SimX-DPI] Read 8 bytes from 0x80014c60
# [SimX-DPI] Read 8 bytes from 0x80014c68
# [SimX-DPI] Read 8 bytes from 0x80014c70
# [SimX-DPI] Read 8 bytes from 0x80014c78
# [SimX-DPI] Read 8 bytes from 0x80014c80
# [SimX-DPI] Read 8 bytes from 0x80014c88
# [SimX-DPI] Read 8 bytes from 0x80014c90
# [SimX-DPI] Read 8 bytes from 0x80014c98
# [SimX-DPI] Read 8 bytes from 0x80014ca0
# [SimX-DPI] Read 8 bytes from 0x80014ca8
# [SimX-DPI] Read 8 bytes from 0x80014cb0
# [SimX-DPI] Read 8 bytes from 0x80014cb8
# [SimX-DPI] Read 8 bytes from 0x80014cc0
# [SimX-DPI] Read 8 bytes from 0x80014cc8
# [SimX-DPI] Read 8 bytes from 0x80014cd0
# [SimX-DPI] Read 8 bytes from 0x80014cd8
# [SimX-DPI] Read 8 bytes from 0x80014ce0
# [SimX-DPI] Read 8 bytes from 0x80014ce8
# [SimX-DPI] Read 8 bytes from 0x80014cf0
# [SimX-DPI] Read 8 bytes from 0x80014cf8
# [SimX-DPI] Read 8 bytes from 0x80014d00
# [SimX-DPI] Read 8 bytes from 0x80014d08
# [SimX-DPI] Read 8 bytes from 0x80014d10
# [SimX-DPI] Read 8 bytes from 0x80014d18
# [SimX-DPI] Read 8 bytes from 0x80014d20
# [SimX-DPI] Read 8 bytes from 0x80014d28
# [SimX-DPI] Read 8 bytes from 0x80014d30
# [SimX-DPI] Read 8 bytes from 0x80014d38
# [SimX-DPI] Read 8 bytes from 0x80014d40
# [SimX-DPI] Read 8 bytes from 0x80014d48
# [SimX-DPI] Read 8 bytes from 0x80014d50
# [SimX-DPI] Read 8 bytes from 0x80014d58
# [SimX-DPI] Read 8 bytes from 0x80014d60
# [SimX-DPI] Read 8 bytes from 0x80014d68
# [SimX-DPI] Read 8 bytes from 0x80014d70
# [SimX-DPI] Read 8 bytes from 0x80014d78
# [SimX-DPI] Read 8 bytes from 0x80014d80
# [SimX-DPI] Read 8 bytes from 0x80014d88
# [SimX-DPI] Read 8 bytes from 0x80014d90
# [SimX-DPI] Read 8 bytes from 0x80014d98
# UVM_INFO /home/samuel_ubuntu22/Vortex_UVM_GP/Vortex/sim/uvmsim/uvm_env/vortex_scoreboard.svh(825) @ 892555000: uvm_test_top.env.m_scoreboard [SCOREBOARD] compare_all_written: data_compared=15  fp_tol_passed=0  skipped_stack/MMIO=0  skipped_poison=0  skipped_got=0
# UVM_INFO /home/samuel_ubuntu22/Vortex_UVM_GP/Vortex/sim/uvmsim/uvm_env/agents/status_agent/status_monitor.svh(273) @ 892555000: uvm_test_top.env.m_status_agent.m_monitor [STATUS_MON] 
# ========================================
#   Program Execution Complete (EBREAK)
# ========================================
#   End Time:     892555000
#   Duration:     888660000
#   Total Cycles: 88866
#   Total Instrs: 11517
#   Final IPC:    0.130
# ========================================
# 
# ================================================================================
# VORTEX INTERFACE STATUS @ 892565000
# ================================================================================
# Clock: 1 | Reset: 1
# 
# STATUS INTERFACE:
#   Busy:   0
#   Idle:   1
#   ebreak: 1
#   Cycles: 88871
#   Instrs: 11517
#   IPC:    0.1296 (calculated)
# 
# AXI INTERFACE:
#   AW: valid=0 ready=1 addr=0x8000c0c0
#   W:  valid=0 ready=0 last=1
#   B:  valid=0 ready=1
#   AR: valid=0 ready=1 addr=0x8000c0c0
#   R:  valid=0 ready=1 last=0
# 
# MEMORY INTERFACE:
#   Req: valid=x ready=x rw=x addr=0xxxxxxxx
#   Rsp: valid=x ready=x
# 
# DCR INTERFACE:
#   Write: valid=0 addr=0x002 data=0x00000000
# ================================================================================
# 
# ================================================================================
# VORTEX INTERFACE STATUS @ 892575000
# ================================================================================
# Clock: 1 | Reset: 1
# 
# STATUS INTERFACE:
#   Busy:   0
#   Idle:   1
#   ebreak: 1
#   Cycles: 88872
#   Instrs: 11517
#   IPC:    0.1296 (calculated)
# 
# AXI INTERFACE:
#   AW: valid=0 ready=1 addr=0x8000c0c0
#   W:  valid=0 ready=0 last=1
#   B:  valid=0 ready=1
#   AR: valid=0 ready=1 addr=0x8000c0c0
#   R:  valid=0 ready=1 last=0
# 
# MEMORY INTERFACE:
#   Req: valid=x ready=x rw=x addr=0xxxxxxxx
#   Rsp: valid=x ready=x
# 
# DCR INTERFACE:
#   Write: valid=0 addr=0x002 data=0x00000000
# ================================================================================
# 
# ================================================================================
# VORTEX INTERFACE STATUS @ 892585000
# ================================================================================
# Clock: 1 | Reset: 1
# 
# STATUS INTERFACE:
#   Busy:   0
#   Idle:   1
#   ebreak: 1
#   Cycles: 88873
#   Instrs: 11517
#   IPC:    0.1296 (calculated)
# 
# AXI INTERFACE:
#   AW: valid=0 ready=1 addr=0x8000c0c0
#   W:  valid=0 ready=0 last=1
#   B:  valid=0 ready=1
#   AR: valid=0 ready=1 addr=0x8000c0c0
#   R:  valid=0 ready=1 last=0
# 
# MEMORY INTERFACE:
#   Req: valid=x ready=x rw=x addr=0xxxxxxxx
#   Rsp: valid=x ready=x
# 
# DCR INTERFACE:
#   Write: valid=0 addr=0x002 data=0x00000000
# ================================================================================
# 
# ================================================================================
# VORTEX INTERFACE STATUS @ 892595000
# ================================================================================
# Clock: 1 | Reset: 1
# 
# STATUS INTERFACE:
#   Busy:   0
#   Idle:   1
#   ebreak: 1
#   Cycles: 88874
#   Instrs: 11517
#   IPC:    0.1296 (calculated)
# 
# AXI INTERFACE:
#   AW: valid=0 ready=1 addr=0x8000c0c0
#   W:  valid=0 ready=0 last=1
#   B:  valid=0 ready=1
#   AR: valid=0 ready=1 addr=0x8000c0c0
#   R:  valid=0 ready=1 last=0
# 
# MEMORY INTERFACE:
#   Req: valid=x ready=x rw=x addr=0xxxxxxxx
#   Rsp: valid=x ready=x
# 
# DCR INTERFACE:
#   Write: valid=0 addr=0x002 data=0x00000000
# ================================================================================
# 
# ================================================================================
# VORTEX INTERFACE STATUS @ 892605000
# ================================================================================
# Clock: 1 | Reset: 1
# 
# STATUS INTERFACE:
#   Busy:   0
#   Idle:   1
#   ebreak: 1
#   Cycles: 88875
#   Instrs: 11517
#   IPC:    0.1296 (calculated)
# 
# AXI INTERFACE:
#   AW: valid=0 ready=1 addr=0x8000c0c0
#   W:  valid=0 ready=0 last=1
#   B:  valid=0 ready=1
#   AR: valid=0 ready=1 addr=0x8000c0c0
#   R:  valid=0 ready=1 last=0
# 
# MEMORY INTERFACE:
#   Req: valid=x ready=x rw=x addr=0xxxxxxxx
#   Rsp: valid=x ready=x
# 
# DCR INTERFACE:
#   Write: valid=0 addr=0x002 data=0x00000000
# ================================================================================
# UVM_INFO /home/samuel_ubuntu22/Vortex_UVM_GP/Vortex/sim/uvmsim/uvm_tests/vortex_base_test.svh(269) @ 892605000: uvm_test_top [random_instruction_stress_test] EBREAK detected and processed
# UVM_INFO /home/samuel_ubuntu22/Vortex_UVM_GP/Vortex/sim/uvmsim/uvm_tests/random_instruction_stress_test.svh(200) @ 892605000: uvm_test_top [random_instruction_stress_test] ----------------------------------------------------------------
# UVM_INFO /home/samuel_ubuntu22/Vortex_UVM_GP/Vortex/sim/uvmsim/uvm_tests/random_instruction_stress_test.svh(202) @ 892605000: uvm_test_top [random_instruction_stress_test]  RANDOM INSTRUCTION STRESS TEST â RESULT VALIDATION
# UVM_INFO /home/samuel_ubuntu22/Vortex_UVM_GP/Vortex/sim/uvmsim/uvm_tests/random_instruction_stress_test.svh(204) @ 892605000: uvm_test_top [random_instruction_stress_test] ----------------------------------------------------------------
# UVM_INFO /home/samuel_ubuntu22/Vortex_UVM_GP/Vortex/sim/uvmsim/uvm_tests/random_instruction_stress_test.svh(231) @ 892605000: uvm_test_top [random_instruction_stress_test] PASS â 1 stress iteration(s) completed, 0 errors
# UVM_INFO /home/samuel_ubuntu22/Vortex_UVM_GP/Vortex/sim/uvmsim/uvm_tests/random_instruction_stress_test.svh(234) @ 892605000: uvm_test_top [random_instruction_stress_test] ----------------------------------------------------------------
# UVM_INFO /home/samuel_ubuntu22/Vortex_UVM_GP/Vortex/sim/uvmsim/uvm_tests/vortex_base_test.svh(170) @ 892605000: uvm_test_top [random_instruction_stress_test] Test execution complete
# UVM_INFO /opt/questa_sim-2021.2_1/questasim/verilog_src/uvm-1.2/src/base/uvm_objection.svh(1270) @ 892605000: reporter [TEST_DONE] 'run' phase is ready to proceed to the 'extract' phase
# UVM_INFO /home/samuel_ubuntu22/Vortex_UVM_GP/Vortex/sim/uvmsim/uvm_env/ral/vortex_dcr_ral_pkg.sv(347) @ 892605000: uvm_test_top.env.m_dcr_ral_checker [DCR_RAL] DCR backdoor check: observations=1 checked=1 failed=0 unmapped(not built in this config)=0 cores_observed=1
# UVM_INFO /home/samuel_ubuntu22/Vortex_UVM_GP/Vortex/sim/uvmsim/uvm_env/ral/vortex_dcr_ral_pkg.sv(369) @ 892605000: uvm_test_top.env.m_dcr_ral_checker [DCR_RAL] DCR probe completeness OK: all 1 core(s) reported
# UVM_INFO /home/samuel_ubuntu22/Vortex_UVM_GP/Vortex/sim/uvmsim/uvm_env/agents/axi_agent/axi_driver.svh(375) @ 892605000: uvm_test_top.env.m_axi_agent.m_driver [AXI_DRV] 
# ========================================
#     AXI Slave Responder Statistics      
# ========================================
#   Total Write Requests Served: 30
#   Total Read Requests Served:  720
# ========================================
# UVM_INFO /home/samuel_ubuntu22/Vortex_UVM_GP/Vortex/sim/uvmsim/uvm_env/agents/axi_agent/axi_monitor.svh(811) @ 892605000: uvm_test_top.env.m_axi_agent.m_monitor [AXI_MON] 
# ========================================
#     AXI Monitor Statistics
# ========================================
#   Write Addresses:     30
#   Write Data Beats:    30
#   Write Responses:     30
#   Read Addresses:      720
#   Read Data Beats:     720
#   Protocol Violations: 0
#   R-beat Mismatches:   0
#   mem_model active:    YES
#   Pending AW (no W):   0
#   Pending B:           0
#   Pending R:           0
# ========================================
# UVM_INFO /home/samuel_ubuntu22/Vortex_UVM_GP/Vortex/sim/uvmsim/uvm_env/vortex_coverage_collector.svh(925) @ 892605000: uvm_test_top.env.m_coverage [COVERAGE] Coverage cfg: enable_coverage=1, axi_agent_enable=1, mem_agent_enable=0
# UVM_INFO /home/samuel_ubuntu22/Vortex_UVM_GP/Vortex/sim/uvmsim/uvm_env/vortex_coverage_collector.svh(926) @ 892605000: uvm_test_top.env.m_coverage [COVERAGE] Sample counts: mem=0, axi=750, dcr=7, host=11, status=8927
# UVM_INFO /home/samuel_ubuntu22/Vortex_UVM_GP/Vortex/sim/uvmsim/uvm_env/vortex_coverage_collector.svh(935) @ 892605000: uvm_test_top.env.m_coverage [COVERAGE] Raw coverage: mem=  0.00, axi= 85.58, dcr= 68.75, host= 89.33, status= 78.91
# UVM_INFO /home/samuel_ubuntu22/Vortex_UVM_GP/Vortex/sim/uvmsim/uvm_env/vortex_coverage_collector.svh(938) @ 892605000: uvm_test_top.env.m_coverage [COVERAGE] Per-bin hit summary:
# UVM_INFO /home/samuel_ubuntu22/Vortex_UVM_GP/Vortex/sim/uvmsim/uvm_env/vortex_coverage_collector.svh(940) @ 892605000: uvm_test_top.env.m_coverage [COVERAGE]   AXI addr:high = 750
# UVM_INFO /home/samuel_ubuntu22/Vortex_UVM_GP/Vortex/sim/uvmsim/uvm_env/vortex_coverage_collector.svh(940) @ 892605000: uvm_test_top.env.m_coverage [COVERAGE]   AXI id:0-63 = 1
# UVM_INFO /home/samuel_ubuntu22/Vortex_UVM_GP/Vortex/sim/uvmsim/uvm_env/vortex_coverage_collector.svh(940) @ 892605000: uvm_test_top.env.m_coverage [COVERAGE]   AXI id:192-255 = 749
# UVM_INFO /home/samuel_ubuntu22/Vortex_UVM_GP/Vortex/sim/uvmsim/uvm_env/vortex_coverage_collector.svh(940) @ 892605000: uvm_test_top.env.m_coverage [COVERAGE]   AXI len:single = 750
# UVM_INFO /home/samuel_ubuntu22/Vortex_UVM_GP/Vortex/sim/uvmsim/uvm_env/vortex_coverage_collector.svh(940) @ 892605000: uvm_test_top.env.m_coverage [COVERAGE]   AXI type:0 = 720
# UVM_INFO /home/samuel_ubuntu22/Vortex_UVM_GP/Vortex/sim/uvmsim/uvm_env/vortex_coverage_collector.svh(940) @ 892605000: uvm_test_top.env.m_coverage [COVERAGE]   AXI type:1 = 30
# UVM_INFO /home/samuel_ubuntu22/Vortex_UVM_GP/Vortex/sim/uvmsim/uvm_env/vortex_coverage_collector.svh(943) @ 892605000: uvm_test_top.env.m_coverage [COVERAGE]   DCR addr:argv0 = 1
# UVM_INFO /home/samuel_ubuntu22/Vortex_UVM_GP/Vortex/sim/uvmsim/uvm_env/vortex_coverage_collector.svh(943) @ 892605000: uvm_test_top.env.m_coverage [COVERAGE]   DCR addr:argv1 = 1
# UVM_INFO /home/samuel_ubuntu22/Vortex_UVM_GP/Vortex/sim/uvmsim/uvm_env/vortex_coverage_collector.svh(943) @ 892605000: uvm_test_top.env.m_coverage [COVERAGE]   DCR addr:mpm_class = 1
# UVM_INFO /home/samuel_ubuntu22/Vortex_UVM_GP/Vortex/sim/uvmsim/uvm_env/vortex_coverage_collector.svh(943) @ 892605000: uvm_test_top.env.m_coverage [COVERAGE]   DCR addr:startup0 = 2
# UVM_INFO /home/samuel_ubuntu22/Vortex_UVM_GP/Vortex/sim/uvmsim/uvm_env/vortex_coverage_collector.svh(943) @ 892605000: uvm_test_top.env.m_coverage [COVERAGE]   DCR addr:startup1 = 2
# UVM_INFO /home/samuel_ubuntu22/Vortex_UVM_GP/Vortex/sim/uvmsim/uvm_env/vortex_coverage_collector.svh(943) @ 892605000: uvm_test_top.env.m_coverage [COVERAGE]   DCR data:hi_code = 2
# UVM_INFO /home/samuel_ubuntu22/Vortex_UVM_GP/Vortex/sim/uvmsim/uvm_env/vortex_coverage_collector.svh(943) @ 892605000: uvm_test_top.env.m_coverage [COVERAGE]   DCR data:zero = 5
# UVM_INFO /home/samuel_ubuntu22/Vortex_UVM_GP/Vortex/sim/uvmsim/uvm_env/vortex_coverage_collector.svh(946) @ 892605000: uvm_test_top.env.m_coverage [COVERAGE]   HOST op:2 = 7
# UVM_INFO /home/samuel_ubuntu22/Vortex_UVM_GP/Vortex/sim/uvmsim/uvm_env/vortex_coverage_collector.svh(946) @ 892605000: uvm_test_top.env.m_coverage [COVERAGE]   HOST op:3 = 2
# UVM_INFO /home/samuel_ubuntu22/Vortex_UVM_GP/Vortex/sim/uvmsim/uvm_env/vortex_coverage_collector.svh(946) @ 892605000: uvm_test_top.env.m_coverage [COVERAGE]   HOST op:4 = 2
# UVM_INFO /home/samuel_ubuntu22/Vortex_UVM_GP/Vortex/sim/uvmsim/uvm_env/vortex_coverage_collector.svh(946) @ 892605000: uvm_test_top.env.m_coverage [COVERAGE]   HOST threads:4 = 2
# UVM_INFO /home/samuel_ubuntu22/Vortex_UVM_GP/Vortex/sim/uvmsim/uvm_env/vortex_coverage_collector.svh(946) @ 892605000: uvm_test_top.env.m_coverage [COVERAGE]   HOST timeout:high = 1
# UVM_INFO /home/samuel_ubuntu22/Vortex_UVM_GP/Vortex/sim/uvmsim/uvm_env/vortex_coverage_collector.svh(946) @ 892605000: uvm_test_top.env.m_coverage [COVERAGE]   HOST timeout:mid = 10
# UVM_INFO /home/samuel_ubuntu22/Vortex_UVM_GP/Vortex/sim/uvmsim/uvm_env/vortex_coverage_collector.svh(949) @ 892605000: uvm_test_top.env.m_coverage [COVERAGE]   STATUS busy:0 = 50
# UVM_INFO /home/samuel_ubuntu22/Vortex_UVM_GP/Vortex/sim/uvmsim/uvm_env/vortex_coverage_collector.svh(949) @ 892605000: uvm_test_top.env.m_coverage [COVERAGE]   STATUS busy:1 = 8877
# UVM_INFO /home/samuel_ubuntu22/Vortex_UVM_GP/Vortex/sim/uvmsim/uvm_env/vortex_coverage_collector.svh(949) @ 892605000: uvm_test_top.env.m_coverage [COVERAGE]   STATUS ebreak:0 = 8925
# UVM_INFO /home/samuel_ubuntu22/Vortex_UVM_GP/Vortex/sim/uvmsim/uvm_env/vortex_coverage_collector.svh(949) @ 892605000: uvm_test_top.env.m_coverage [COVERAGE]   STATUS ebreak:1 = 2
# UVM_INFO /home/samuel_ubuntu22/Vortex_UVM_GP/Vortex/sim/uvmsim/uvm_env/vortex_coverage_collector.svh(949) @ 892605000: uvm_test_top.env.m_coverage [COVERAGE]   STATUS ipc:0 = 47
# UVM_INFO /home/samuel_ubuntu22/Vortex_UVM_GP/Vortex/sim/uvmsim/uvm_env/vortex_coverage_collector.svh(949) @ 892605000: uvm_test_top.env.m_coverage [COVERAGE]   STATUS ipc:1 = 8880
# UVM_INFO /home/samuel_ubuntu22/Vortex_UVM_GP/Vortex/sim/uvmsim/uvm_env/vortex_coverage_collector.svh(949) @ 892605000: uvm_test_top.env.m_coverage [COVERAGE]   STATUS pc:text_high = 6184
# UVM_INFO /home/samuel_ubuntu22/Vortex_UVM_GP/Vortex/sim/uvmsim/uvm_env/vortex_coverage_collector.svh(949) @ 892605000: uvm_test_top.env.m_coverage [COVERAGE]   STATUS pc:text_low = 579
# UVM_INFO /home/samuel_ubuntu22/Vortex_UVM_GP/Vortex/sim/uvmsim/uvm_env/vortex_coverage_collector.svh(949) @ 892605000: uvm_test_top.env.m_coverage [COVERAGE]   STATUS pc:text_mid = 2164
# UVM_INFO /home/samuel_ubuntu22/Vortex_UVM_GP/Vortex/sim/uvmsim/uvm_env/vortex_coverage_collector.svh(949) @ 892605000: uvm_test_top.env.m_coverage [COVERAGE]   STATUS stall:decode = 1391
# UVM_INFO /home/samuel_ubuntu22/Vortex_UVM_GP/Vortex/sim/uvmsim/uvm_env/vortex_coverage_collector.svh(949) @ 892605000: uvm_test_top.env.m_coverage [COVERAGE]   STATUS stall:execute = 1364
# UVM_INFO /home/samuel_ubuntu22/Vortex_UVM_GP/Vortex/sim/uvmsim/uvm_env/vortex_coverage_collector.svh(949) @ 892605000: uvm_test_top.env.m_coverage [COVERAGE]   STATUS stall:fetch = 6
# UVM_INFO /home/samuel_ubuntu22/Vortex_UVM_GP/Vortex/sim/uvmsim/uvm_env/vortex_coverage_collector.svh(949) @ 892605000: uvm_test_top.env.m_coverage [COVERAGE]   STATUS stall:issue = 1391
# UVM_INFO /home/samuel_ubuntu22/Vortex_UVM_GP/Vortex/sim/uvmsim/uvm_env/vortex_coverage_collector.svh(981) @ 892605000: uvm_test_top.env.m_coverage [COVERAGE] 
# ââââââââââââââââââââââââââââââââââââââââââââ
# â   Vortex Interface (Bus) Coverage        â
# â   â sanity check only, NOT sign-off â    â
# â âââââââââââââââââââââââââââââââââââââââââââ£
# â  AXI Transactions  :  85.58%             â
# â  DCR Configuration  :  68.75%             â
# â  Host Operations    :  89.33%             â
# â  Status/Performance :  78.91%             â
# â âââââââââââââââââââââââââââââââââââââââââââ£
# â  INTERFACE SUBTOTAL :  80.64%             â
# ââââââââââââââââââââââââââââââââââââââââââââ
# 
# UVM_INFO /home/samuel_ubuntu22/Vortex_UVM_GP/Vortex/sim/uvmsim/uvm_env/vortex_coverage_collector.svh(1000) @ 892605000: uvm_test_top.env.m_coverage [COVERAGE] Interface-only subtotal above. Authoritative coverage = merged UCDB via merge_coverage.sh (adds instr_class_cg + code coverage).
# UVM_INFO /home/samuel_ubuntu22/Vortex_UVM_GP/Vortex/sim/uvmsim/uvm_env/agents/dcr_agent/dcr_driver.svh(253) @ 892605000: uvm_test_top.env.m_dcr_agent.m_driver [DCR_DRV] 
# ========================================
#     DCR Driver Statistics
# ========================================
#   Total Writes:       5
#   Startup Configs:    0
#   Perf Configs:       0
#   Unique DCRs:        5
# ========================================
#   DCR Shadow State:
# 
# UVM_INFO /home/samuel_ubuntu22/Vortex_UVM_GP/Vortex/sim/uvmsim/uvm_env/agents/dcr_agent/dcr_driver.svh(269) @ 892605000: uvm_test_top.env.m_dcr_agent.m_driver [DCR_DRV]     STARTUP_ADDR0 = 0x80000000
# UVM_INFO /home/samuel_ubuntu22/Vortex_UVM_GP/Vortex/sim/uvmsim/uvm_env/agents/dcr_agent/dcr_driver.svh(269) @ 892605000: uvm_test_top.env.m_dcr_agent.m_driver [DCR_DRV]     STARTUP_ADDR1 = 0x00000000
# UVM_INFO /home/samuel_ubuntu22/Vortex_UVM_GP/Vortex/sim/uvmsim/uvm_env/agents/dcr_agent/dcr_driver.svh(269) @ 892605000: uvm_test_top.env.m_dcr_agent.m_driver [DCR_DRV]     ARGV_PTR0 = 0x00000000
# UVM_INFO /home/samuel_ubuntu22/Vortex_UVM_GP/Vortex/sim/uvmsim/uvm_env/agents/dcr_agent/dcr_driver.svh(269) @ 892605000: uvm_test_top.env.m_dcr_agent.m_driver [DCR_DRV]     ARGV_PTR1 = 0x00000000
# UVM_INFO /home/samuel_ubuntu22/Vortex_UVM_GP/Vortex/sim/uvmsim/uvm_env/agents/dcr_agent/dcr_driver.svh(269) @ 892605000: uvm_test_top.env.m_dcr_agent.m_driver [DCR_DRV]     MPM_CLASS = 0x00000000
# UVM_INFO /home/samuel_ubuntu22/Vortex_UVM_GP/Vortex/sim/uvmsim/uvm_env/agents/dcr_agent/dcr_monitor.svh(230) @ 892605000: uvm_test_top.env.m_dcr_agent.m_monitor [DCR_MON] 
# ========================================
#     DCR Monitor Statistics
# ========================================
#   Total Writes:       7
#   Startup Configs:    6
#   Perf Configs:       1
#   Protocol Violations:0
#   Unique DCRs:        5
#   Startup Complete:   YES
# ========================================
# UVM_INFO /home/samuel_ubuntu22/Vortex_UVM_GP/Vortex/sim/uvmsim/uvm_env/agents/host_agent/host_driver.svh(270) @ 892605000: uvm_test_top.env.m_host_agent.m_driver [HOST_DRV] 
# ========================================
#     Host Driver Statistics
# ========================================
#   Programs Loaded:   0
#   DCR Writes:        2
#   Kernels Launched:  1
#   Completions:       1
#   Timeouts:          0
# ========================================
# UVM_INFO /home/samuel_ubuntu22/Vortex_UVM_GP/Vortex/sim/uvmsim/uvm_env/agents/host_agent/host_monitor.svh(319) @ 892605000: uvm_test_top.env.m_host_agent.m_monitor [HOST_MON] 
# ========================================
#     Host Monitor Statistics
# ========================================
#   DCR Writes:        7
#   Kernel Launches:   1
#   Kernel Completions:1
# ========================================
# UVM_INFO /home/samuel_ubuntu22/Vortex_UVM_GP/Vortex/sim/uvmsim/uvm_env/vortex_scoreboard.svh(993) @ 892605000: uvm_test_top.env.m_scoreboard [SCOREBOARD] 
# ââââââââââââââââââââââââââââââââââââââââââââ
# â        Vortex Scoreboard Results         â
# â âââââââââââââââââââââââââââââââââââââââââââ£
# â  Transactions       : 768                â
# â  DCR Writes         : 7                  â
# â  Memory checks      : 15                 â
# â    Passed           : 15                 â
# â    Failed           : 0                  â
# â  Console checks     : 0                  â
# â    Passed           : 0                  â
# â    Failed           : 0                  â
# â  Total Passed       : 15                 â
# â  Total Failed       : 0                  â
# â  Skipped            : 0                  â
# â  Pass Rate          : 100.00           % â
# â  SimX Enabled       : YES                â
# â  SimX Ran           : YES                â
# ââââââââââââââââââââââââââââââââââââââââââââ
# 
# UVM_INFO /home/samuel_ubuntu22/Vortex_UVM_GP/Vortex/sim/uvmsim/uvm_env/vortex_scoreboard.svh(1069) @ 892605000: uvm_test_top.env.m_scoreboard [SCOREBOARD] SIMULATION PASSED â all checks matched!
# UVM_INFO /home/samuel_ubuntu22/Vortex_UVM_GP/Vortex/sim/uvmsim/uvm_env/agents/status_agent/status_monitor.svh(367) @ 892605000: uvm_test_top.env.m_status_agent.m_monitor [STATUS_MON] 
# ========================================
#     Status Monitor Statistics
# ========================================
#   Busy Transitions:    1
#   Idle Transitions:    1
#   Execution Started:   YES
#   Execution Completed: YES
#   Total Cycles:        88866
#   Total Instructions:  11517
#   Average IPC:         0.130
#   Peak IPC:            0.130
#   Stall Cycles:        0 (0.00%)
#   Execution Time:      888660000
# ========================================
# UVM_INFO /home/samuel_ubuntu22/Vortex_UVM_GP/Vortex/sim/uvmsim/uvm_env/vortex_env.svh(405) @ 892605000: uvm_test_top.env [VORTEX_ENV] Environment report phase complete
# UVM_INFO /home/samuel_ubuntu22/Vortex_UVM_GP/Vortex/sim/uvmsim/uvm_tests/vortex_base_test.svh(316) @ 892605000: uvm_test_top [random_instruction_stress_test] 
# ================================================================================
#                               TEST SUMMARY
# ================================================================================
#   Test:         random_instruction_stress_test
#   Status:       PASSED â
#   Errors:       0
#   Warnings:     0
# --------------------------------------------------------------------------------
#   Cycles:       88876
#   Instructions: 11517
#   IPC:          0.130
# ================================================================================
# UVM_INFO /home/samuel_ubuntu22/Vortex_UVM_GP/Vortex/sim/uvmsim/uvm_tests/vortex_base_test.svh(332) @ 892605000: uvm_test_top [random_instruction_stress_test] 
# *** TEST PASSED ***
# 
# UVM_INFO /home/samuel_ubuntu22/Vortex_UVM_GP/Vortex/sim/uvmsim/uvm_env/vortex_scoreboard.svh(965) @ 892605000: uvm_test_top.env.m_scoreboard [SCOREBOARD] Cleaning up SimX
# [SimX-DPI] ========================================
# [SimX-DPI] Cleaning up SimX...
# [SimX-DPI] Processor deleted
# [SimX-DPI] RAM deleted
# [SimX-DPI] Arch deleted
# [SimX-DPI] Cleanup complete
# [SimX-DPI] ========================================
# UVM_INFO /opt/questa_sim-2021.2_1/questasim/verilog_src/uvm-1.2/src/base/uvm_report_server.svh(847) @ 892605000: reporter [UVM/REPORT/SERVER] 
# --- UVM Report Summary ---
# 
# ** Report counts by severity
# UVM_INFO :  141
# UVM_WARNING :    0
# UVM_ERROR :    0
# UVM_FATAL :    0
# ** Report counts by id
# [AXI_AGENT]     1
# [AXI_DRV]     3
# [AXI_MON]     2
# [COVERAGE]    40
# [DCR_AGENT]     1
# [DCR_DRV]     9
# [DCR_MON]     2
# [DCR_RAL]     2
# [DCR_SQCR]     1
# [HOST_AGENT]     1
# [HOST_DRV]    10
# [HOST_MON]     5
# [HOST_SEQ]     3
# [HOST_SQCR]     1
# [RNTST]     1
# [SCOREBOARD]    10
# [STATUS_AGENT]     2
# [STATUS_MON]     4
# [STRESS_VSEQ]     5
# [TEST_DONE]     1
# [UVM/RELNOTES]     1
# [VIRT_SQCR]     1
# [VORTEX_ENV]    15
# [random_instruction_stress_test]    20
# 
# ** Note: $finish    : /opt/questa_sim-2021.2_1/questasim/verilog_src/uvm-1.2/src/base/uvm_root.svh(517)
#    Time: 892605 ns  Iteration: 69  Instance: /vortex_tb_top
# Break in Task uvm_pkg/uvm_root::run_test at /opt/questa_sim-2021.2_1/questasim/verilog_src/uvm-1.2/src/base/uvm_root.svh line 517
# Stopped at /opt/questa_sim-2021.2_1/questasim/verilog_src/uvm-1.2/src/base/uvm_root.svh line 517
#  coverage save -testname random_instruction_stress_test_riscv_arithmetic_basic_test /home/samuel_ubuntu22/Vortex_UVM_GP/vortex_uvm_env/results/20260910/run_154137_random_instruction_stress_test/reports/coverage.ucdb
#  quit -f
# [P1-PROBE vortex_tb_top.dut.vortex.g_clusters[0].cluster.g_sockets[0].socket.g_cores[0].core.commit.u_commit_probe] retired instructions observed = 11517
# 
# ================================================================================
# [TB_TOP @ 892605000] Simulation Complete
# Test Result:    PASS
#   Total Cycles: 88876  Instructions: 11517
# ================================================================
#   mem_model statistics
# ----------------------------------------------------------------
#   Reads                 : 175864
#   Writes                : 167528
#   Bytes written         : 167528
#   Allocated byte entries: 83704
# ================================================================
# ================================================================================
# 
# End time: 15:42:21 on Sep 10,2026, Elapsed time: 0:00:42
# Errors: 0, Warnings: 49
