Reading pref.tcl

# 2021.2_1

# vsim -coverage -c vortex_tb_top "+UVM_TESTNAME=kernel_launch_test" "+NUM_CLUSTERS=1" "+NUM_CORES=1" "+NUM_WARPS=4" "+NUM_THREADS=4" "+TIMEOUT=1500000" "+STARTUP_ADDR=80000000" "+USE_AXI_WRAPPER" "+PROGRAM=/home/samuel_ubuntu22/Vortex_UVM_GP/vortex_uvm_env/results/20260910/run_183508_kernel_launch_test/programs/axi_stress.hex" "+WAVE=/home/samuel_ubuntu22/Vortex_UVM_GP/vortex_uvm_env/results/20260910/run_183508_kernel_launch_test/waves/kernel_launch_test_axi.vcd" -sv_lib /opt/questa_sim-2021.2_1/questasim/uvm-1.2/linux_x86_64/uvm_dpi -sv_lib /home/samuel_ubuntu22/Vortex_UVM_GP/Vortex/sim/uvmsim/uvm_env/ref_model/simx_model -onfinish stop -do "run -all; coverage save -testname kernel_launch_test_axi_stress /home/samuel_ubuntu22/Vortex_UVM_GP/vortex_uvm_env/results/20260910/run_183508_kernel_launch_test/reports/coverage.ucdb; quit -f" 
# Start time: 18:35:10 on Sep 10,2026
# Loading /tmp/samuel_ubuntu22@SAMUEL_dpi_30711/linux_x86_64_gcc-7.4.0/export_tramp.so
# ** Note: (vsim-8009) Loading existing optimized design _opt2
# //  Questa Sim-64
# //  Version 2021.2_1 linux_x86_64 May 15 2021
# //
# //  Copyright 1991-2021 Mentor Graphics Corporation
# //  All Rights Reserved.
# //
# //  QuestaSim and its associated documentation contain trade
# //  secrets and commercial or financial information that are the property of
# //  Mentor Graphics Corporation and are privileged, confidential,
# //  and exempt from disclosure under the Freedom of Information Act,
# //  5 U.S.C. Section 552. Furthermore, this information
# //  is prohibited from disclosure under the Trade Secrets Act,
# //  18 U.S.C. Section 1905.
# //
# ** Note: (vsim-8785) UVM-aware debugging capabilities will be disabled since no compiled "questa_uvm_pkg" can be found.
# This also means that later if you turn on UVM-aware debugging your debug simulations may have
# different random seeds from your non-debug simulations.
# Loading sv_std.std
# Loading work.VX_gpu_pkg(fast)
# Loading work.uvm_pkg(fast)
# Loading work.vortex_config_pkg(fast)
# Loading work.vortex_dcr_if_sv_unit(fast)
# Loading work.vortex_mem_if_sv_unit(fast)
# Loading work.vortex_if_sv_unit(fast)
# Loading work.vortex_if(fast)
# Loading work.rvvi_if(fast)
# Loading work.vortex_dcr_if(fast)
# Loading work.dcr_agent_pkg(fast)
# Loading work.vortex_dcr_ral_pkg(fast)
# Loading work.rvvi_registry_pkg(fast)
# Loading work.lockstep_pkg(fast)
# Loading work.simx_pkg(fast)
# Loading work.vortex_status_if(fast)
# Loading work.status_agent_pkg(fast)
# Loading work.vortex_mem_if(fast)
# Loading work.mem_model_pkg(fast)
# Loading work.host_agent_pkg(fast)
# ** Warning: (vsim-PLI-3691) Expected a system task, not a system function '$fseek'.
#    Time: 0 ns  Iteration: 0  Region: /host_agent_pkg::host_transaction::load_program_from_file File: /home/samuel_ubuntu22/Vortex_UVM_GP/Vortex/sim/uvmsim/uvm_env/agents/host_agent/host_transaction.svh Line: 185
# ** Warning: (vsim-PLI-3691) Expected a system task, not a system function '$fseek'.
#    Time: 0 ns  Iteration: 0  Region: /host_agent_pkg::host_transaction::load_program_from_file File: /home/samuel_ubuntu22/Vortex_UVM_GP/Vortex/sim/uvmsim/uvm_env/agents/host_agent/host_transaction.svh Line: 187
# Loading work.vortex_axi_if(fast)
# Loading work.axi_agent_pkg(fast)
# Loading work.mem_agent_pkg(fast)
# Loading work.vortex_env_pkg(fast)
# Loading work.vortex_test_pkg(fast)
# Loading work.vortex_tb_top(fast)
# Loading work.Vortex_axi(fast)
# Loading work.Vortex(fast)
# Loading work.VX_cache_wrap(fast)
# Loading work.VX_cache_bypass(fast)
# Loading work.VX_mem_switch(fast)
# Loading work.VX_mem_arb(fast)
# Loading work.VX_cluster(fast)
# Loading work.VX_cache_wrap(fast__1)
# Loading work.VX_cache_bypass(fast__1)
# Loading work.VX_mem_switch(fast__1)
# Loading work.VX_socket(fast)
# Loading work.VX_cache_cluster(fast)
# Loading work.VX_mem_arb(fast__1)
# Loading work.VX_cache_wrap(fast__2)
# Loading work.VX_cache(fast)
# Loading work.VX_cache_init(fast)
# Loading work.VX_elastic_buffer(fast__5)
# Loading work.vx_cache_probe(fast)
# Loading work.VX_elastic_buffer(fast__8)
# Loading work.VX_elastic_buffer(fast__10)
# Loading work.VX_mem_arb(fast__2)
# Loading work.VX_cache_cluster(fast__1)
# Loading work.VX_mem_arb(fast__3)
# Loading work.VX_cache_wrap(fast__3)
# Loading work.VX_cache_bypass(fast__2)
# Loading work.VX_mem_switch(fast__2)
# Loading work.VX_mem_arb(fast__4)
# Loading work.VX_bits_remove(fast)
# Loading work.VX_mem_arb(fast__5)
# Loading work.VX_bits_insert(fast__1)
# Loading work.VX_bits_remove(fast__1)
# Loading work.VX_cache(fast__1)
# Loading work.VX_cache_init(fast__1)
# Loading work.VX_elastic_buffer(fast__18)
# Loading work.vx_cache_probe(fast__1)
# Loading work.VX_elastic_buffer(fast__20)
# Loading work.VX_elastic_buffer(fast__21)
# Loading work.VX_mem_arb(fast__6)
# Loading work.VX_mem_arb(fast__7)
# Loading work.VX_bits_insert(fast__2)
# Loading work.VX_bits_remove(fast__2)
# Loading work.VX_core(fast)
# Loading work.vx_dcr_probe(fast)
# Loading work.VX_schedule(fast)
# Loading work.VX_elastic_buffer(fast__26)
# Loading work.vx_sched_probe(fast)
# Loading work.VX_fetch(fast)
# Loading work.VX_dp_ram(fast__6)
# Loading work.VX_elastic_buffer(fast__27)
# Loading work.VX_decode(fast)
# Loading work.VX_elastic_buffer(fast__28)
# Loading work.VX_issue(fast)
# Loading work.VX_issue_slice(fast)
# Loading work.VX_ibuffer(fast)
# Loading work.VX_elastic_buffer(fast__29)
# Loading work.VX_tcu_pkg(fast)
# Loading work.VX_uop_sequencer(fast)
# Loading work.VX_scoreboard(fast)
# Loading work.VX_stream_arb(fast__15)
# Loading work.vx_hazard_probe(fast)
# Loading work.VX_operands(fast)
# Loading work.VX_opc_unit(fast)
# Loading work.VX_nz_iterator(fast)
# Loading work.VX_dp_ram(fast__8)
# Loading work.VX_elastic_buffer(fast__32)
# Loading work.VX_dispatch(fast)
# Loading work.VX_elastic_buffer(fast__34)
# Loading work.vx_instr_probe(fast)
# Loading work.VX_fpu_pkg(fast)
# Loading work.VX_execute(fast)
# Loading work.VX_alu_unit(fast)
# Loading work.VX_dispatch_unit(fast)
# Loading work.VX_elastic_buffer(fast__35)
# Loading work.VX_pe_switch(fast)
# Loading work.VX_alu_int(fast)
# Loading work.VX_priority_encoder(fast__4)
# Loading work.VX_elastic_buffer(fast__37)
# Loading work.VX_pipe_register(fast__11)
# Loading work.VX_alu_muldiv(fast)
# Loading work.VX_shift_register(fast__13)
# Loading work.VX_stream_arb(fast__19)
# Loading work.VX_gather_unit(fast)
# Loading work.VX_elastic_buffer(fast__39)
# Loading work.VX_lsu_unit(fast)
# Loading work.VX_dispatch_unit(fast__1)
# Loading work.VX_lsu_slice(fast)
# Loading work.VX_elastic_buffer(fast__43)
# Loading work.VX_elastic_buffer(fast__44)
# Loading work.VX_stream_arb(fast__20)
# Loading work.vx_lsu_probe(fast)
# Loading work.VX_gather_unit(fast__1)
# Loading work.VX_elastic_buffer(fast__45)
# Loading work.VX_fpu_unit(fast)
# Loading work.VX_dispatch_unit(fast__2)
# Loading work.VX_index_buffer(fast__1)
# Loading work.defs_div_sqrt_mvp(fast)
# Loading work.cf_math_pkg(fast)
# Loading work.fpnew_pkg(fast)
# Loading work.VX_fpu_fpnew(fast)
# Loading work.norm_div_sqrt_mvp_sv_unit(fast)
# Loading work.control_mvp_sv_unit(fast)
# Loading work.nrbd_nrsc_mvp_sv_unit(fast)
# Loading work.preprocess_mvp_sv_unit(fast)
# Loading work.div_sqrt_top_mvp_sv_unit(fast)
# Loading work.fpnew_top(fast)
# Loading work.rr_arb_tree(fast)
# Loading work.rr_arb_tree(fast__1)
# Loading work.rr_arb_tree(fast__2)
# Loading work.rr_arb_tree(fast__3)
# Loading work.rr_arb_tree(fast__4)
# Loading work.VX_pipe_register(fast__13)
# Loading work.VX_elastic_buffer(fast__47)
# Loading work.VX_gather_unit(fast__2)
# Loading work.VX_tcu_unit(fast)
# Loading work.VX_dispatch_unit(fast__3)
# Loading work.VX_pe_switch(fast__1)
# Loading work.VX_tcu_fp(fast)
# Loading work.VX_tcu_fedp_bhf(fast)
# Loading work.VX_tcu_int(fast)
# Loading work.VX_gather_unit(fast__3)
# Loading work.VX_sfu_unit(fast)
# Loading work.VX_dispatch_unit(fast__4)
# Loading work.VX_pe_switch(fast__2)
# Loading work.VX_wctl_unit(fast)
# Loading work.VX_elastic_buffer(fast__48)
# Loading work.VX_pipe_register(fast__27)
# Loading work.VX_csr_unit(fast)
# Loading work.VX_csr_data(fast)
# Loading work.VX_gather_unit(fast__4)
# Loading work.VX_commit(fast)
# Loading work.VX_pipe_register(fast__30)
# Loading work.vx_commit_probe(fast)
# Loading work.VX_mem_unit(fast)
# Loading work.VX_lmem_switch(fast)
# Loading work.VX_elastic_buffer(fast__50)
# Loading work.VX_stream_arb(fast__22)
# Loading work.VX_lsu_mem_arb(fast)
# Loading work.VX_lsu_adapter(fast)
# Loading work.VX_stream_unpack(fast)
# Loading work.VX_stream_pack(fast)
# Loading work.VX_local_mem(fast)
# Loading work.vx_lmem_probe(fast)
# Loading work.VX_mem_coalescer(fast)
# Loading work.vx_coalescer_probe(fast)
# Loading work.VX_lsu_adapter(fast__1)
# Loading work.VX_stream_unpack(fast__1)
# Loading work.VX_stream_pack(fast__1)
# Loading work.VX_axi_adapter(fast)
# ** Warning: (vsim-3015) [PCDPC] - Port size (8) does not match connection size (4) for port 'barrier_ctrs'. The port definition is at: /home/samuel_ubuntu22/Vortex_UVM_GP/Vortex/sim/uvmsim/tb/vx_sched_probe.sv(69).
#    Time: 0 ps  Iteration: 0  Instance: /vortex_tb_top/dut/vortex/g_clusters[0]/cluster/g_sockets[0]/socket/g_cores[0]/core/schedule/u_sched_probe File: /home/samuel_ubuntu22/Vortex_UVM_GP/Vortex/sim/uvmsim/tb/vortex_tb_top_binds.svh Line: 25
# Compiling /tmp/samuel_ubuntu22@SAMUEL_dpi_30711/linux_x86_64_gcc-7.4.0/exportwrapper.c
# Compiling /tmp/samuel_ubuntu22@SAMUEL_dpi_30711/linux_x86_64_gcc-11/exportwrapper.c
# Loading /tmp/samuel_ubuntu22@SAMUEL_dpi_30711/linux_x86_64_gcc-11/vsim_auto_compile.so
# Loading /opt/questa_sim-2021.2_1/questasim/uvm-1.2/linux_x86_64/uvm_dpi.so
# Loading /home/samuel_ubuntu22/Vortex_UVM_GP/Vortex/sim/uvmsim/uvm_env/ref_model/simx_model.so
# ** Warning: (vsim-3770) Failed to find user specified function 'dpi_trace' in DPI precompiled library search list "/opt/questa_sim-2021.2_1/questasim/uvm-1.2/linux_x86_64/uvm_dpi.so /home/samuel_ubuntu22/Vortex_UVM_GP/Vortex/sim/uvmsim/uvm_env/ref_model/simx_model.so ".
#    Time: 0 ps  Iteration: 0  Region: /VX_tcu_pkg File: /home/samuel_ubuntu22/Vortex_UVM_GP/Vortex/hw/rtl/tcu/VX_tcu_pkg.sv
# run -all
# UVM_INFO /opt/questa_sim-2021.2_1/questasim/verilog_src/uvm-1.2/src/base/uvm_root.svh(392) @ 0: reporter [UVM/RELNOTES] 
# ----------------------------------------------------------------
# UVM-1.2
# (C) 2007-2014 Mentor Graphics Corporation
# (C) 2007-2014 Cadence Design Systems, Inc.
# (C) 2006-2014 Synopsys, Inc.
# (C) 2011-2013 Cypress Semiconductor Corp.
# (C) 2013-2014 NVIDIA Corporation
# ----------------------------------------------------------------
# 
#   ***********       IMPORTANT RELEASE NOTES         ************
# 
#   You are using a version of the UVM library that has been compiled
#   with `UVM_NO_DEPRECATED undefined.
#   See http://www.eda.org/svdb/view.php?id=3313 for more details.
# 
#   You are using a version of the UVM library that has been compiled
#   with `UVM_OBJECT_DO_NOT_NEED_CONSTRUCTOR undefined.
#   See http://www.eda.org/svdb/view.php?id=3770 for more details.
# 
#       (Specify +UVM_NO_RELNOTES to turn off this notice)
# 
# ** Warning: (vsim-8556) On evaluating the expression 'binsof(axi_usage_cp) intersect{ value_list }' inside the select expression of Bin 'simul' of Cross 'system_axi_cross' in Covergroup instance 'vortex_system_coverage', no matching bins were found. The binsof expression will result in an empty set.
#    Time: 0 ps  Iteration: 0  Instance: /vortex_tb_top
# ** Warning: (vsim-8560) On evaluating the select expression of Cross bin 'system_axi_cross.simul' in Covergroup instance 'vortex_system_coverage', the bin is found to be empty since no cross products are selected.
#    Time: 0 ps  Iteration: 0  Instance: /vortex_tb_top
# ** Warning: (vsim-3881) /home/samuel_ubuntu22/Vortex_UVM_GP/Vortex/sim/uvmsim/tb/vx_sched_probe.sv(170): Sign-and-Width conversion applied in bin 'deeper' for Coverpoint 'cp_split_depth'. Value '4' changed to '3 (maximum)' value.
#    Time: 0 ps  Iteration: 0  Instance: /vortex_tb_top/dut/vortex/g_clusters[0]/cluster/g_sockets[0]/socket/g_cores[0]/core/schedule/u_sched_probe
# ** Warning: (vsim-8475) The invalid value range [4 : 3] is found in bin 'deeper' of Coverpoint 'cp_split_depth'. It will be ignored.
#    Time: 0 ps  Iteration: 0  Process: /vortex_tb_top/dut/vortex/g_clusters[0]/cluster/g_sockets[0]/socket/g_cores[0]/core/schedule/u_sched_probe/#INITIAL#281 File: /home/samuel_ubuntu22/Vortex_UVM_GP/Vortex/sim/uvmsim/tb/vx_sched_probe.sv Line: 170
# ** Warning: (vsim-8549) After dropping the illegal, ignore or invalid values, the values list associated with scalar bin 'deeper' in Coverpoint 'cp_split_depth' of Covergroup instance 'warp_divergence_cg' has converged to empty list. The bin will be taken out of coverage calculation.
#    Time: 0 ps  Iteration: 0  Instance: /vortex_tb_top/dut/vortex/g_clusters[0]/cluster/g_sockets[0]/socket/g_cores[0]/core/schedule/u_sched_probe
# ** Warning: (vsim-3881) /home/samuel_ubuntu22/Vortex_UVM_GP/Vortex/sim/uvmsim/tb/vx_sched_probe.sv(204): Sign-and-Width conversion applied in bin 'deeper' for Coverpoint 'cp_join_depth'. Value '4' changed to '3 (maximum)' value.
#    Time: 0 ps  Iteration: 0  Instance: /vortex_tb_top/dut/vortex/g_clusters[0]/cluster/g_sockets[0]/socket/g_cores[0]/core/schedule/u_sched_probe
# ** Warning: (vsim-8475) The invalid value range [4 : 3] is found in bin 'deeper' of Coverpoint 'cp_join_depth'. It will be ignored.
#    Time: 0 ps  Iteration: 0  Process: /vortex_tb_top/dut/vortex/g_clusters[0]/cluster/g_sockets[0]/socket/g_cores[0]/core/schedule/u_sched_probe/#INITIAL#281 File: /home/samuel_ubuntu22/Vortex_UVM_GP/Vortex/sim/uvmsim/tb/vx_sched_probe.sv Line: 204
# ** Warning: (vsim-8549) After dropping the illegal, ignore or invalid values, the values list associated with scalar bin 'deeper' in Coverpoint 'cp_join_depth' of Covergroup instance 'warp_reconverge_cg' has converged to empty list. The bin will be taken out of coverage calculation.
#    Time: 0 ps  Iteration: 0  Instance: /vortex_tb_top/dut/vortex/g_clusters[0]/cluster/g_sockets[0]/socket/g_cores[0]/core/schedule/u_sched_probe
# ================================================================================
# VORTEX INTERFACE INITIALIZED
# ================================================================================
# Sub-interfaces instantiated:
#   - vortex_axi_if    ADDR=32 DATA=512 ID=50
#   - vortex_mem_if    ADDR=26 DATA=512 TAG=50
#   - vortex_dcr_if    ADDR=12 DATA=32
#   - vortex_status_if (Status and performance monitoring)
# All interfaces use clocking blocks for race-free operation
# ================================================================================
# [TB_TOP @ 0] Program file: /home/samuel_ubuntu22/Vortex_UVM_GP/vortex_uvm_env/results/20260910/run_183508_kernel_launch_test/programs/axi_stress.hex
# [TB_TOP @ 0] Custom timeout: 1500000 cycles
# [TB_TOP @ 0] Waveform output: /home/samuel_ubuntu22/Vortex_UVM_GP/vortex_uvm_env/results/20260910/run_183508_kernel_launch_test/waves/kernel_launch_test_axi.vcd
# [TB_TOP @ 0] Waveforms: vsim.wlf (Questa)
# [TB_TOP @ 0] DUT: Vortex_axi AXI_TID_W=50
# [I2-ASSERT] Topology OK: 1CL 1C 4W 4T (RTL == UVM plusargs)
# [I2-ASSERT] Structural config OK: XLEN=32 L2=0 L3=0 icache=1 dcache=1 (RTL == UVM)
# ================================================================================
# [TB_TOP @ 0] Vortex GPGPU UVM Testbench Initialized
# ================================================================================
# [TB_TOP @ 0] Memory model created
# [MEM_MODEL] Loaded 25716 bytes from /home/samuel_ubuntu22/Vortex_UVM_GP/vortex_uvm_env/results/20260910/run_183508_kernel_launch_test/programs/axi_stress.hex at base=0x0000000080000000
# [TB_TOP @ 0] Pre-loaded 25716 bytes from '/home/samuel_ubuntu22/Vortex_UVM_GP/vortex_uvm_env/results/20260910/run_183508_kernel_launch_test/programs/axi_stress.hex' @ 0x0000000080000000 (before reset)
# ** Warning: (vsim-8549) After dropping the illegal, ignore or invalid values, the values list associated with scalar bin 'writeback' in Coverpoint 'cp_event' of Covergroup instance 'cache_event_cg_cluster0-socket0-icache0-bank0_b0' has converged to empty list. The bin will be taken out of coverage calculation.
#    Time: 0 ps  Iteration: 0  Instance: /vortex_tb_top/dut/vortex/g_clusters[0]/cluster/g_sockets[0]/socket/icache/g_cache_wrap[0]/cache_wrap/g_cache/cache/g_banks[0]/bank/u_cache_probe
# ** Warning: (vsim-8549) After dropping the illegal, ignore or invalid values, the values list associated with scalar bin 'flush' in Coverpoint 'cp_event' of Covergroup instance 'cache_event_cg_cluster0-socket0-icache0-bank0_b0' has converged to empty list. The bin will be taken out of coverage calculation.
#    Time: 0 ps  Iteration: 0  Instance: /vortex_tb_top/dut/vortex/g_clusters[0]/cluster/g_sockets[0]/socket/icache/g_cache_wrap[0]/cache_wrap/g_cache/cache/g_banks[0]/bank/u_cache_probe
# ** Warning: (vsim-8549) After dropping the illegal, ignore or invalid values, the values list associated with scalar bin 'wr' in Coverpoint 'cp_rw' of Covergroup instance 'cache_event_cg_cluster0-socket0-icache0-bank0_b0' has converged to empty list. The bin will be taken out of coverage calculation.
#    Time: 0 ps  Iteration: 0  Instance: /vortex_tb_top/dut/vortex/g_clusters[0]/cluster/g_sockets[0]/socket/icache/g_cache_wrap[0]/cache_wrap/g_cache/cache/g_banks[0]/bank/u_cache_probe
# ** Warning: (vsim-8549) After dropping the illegal, ignore or invalid values, the values list associated with scalar bin 'stall' in Coverpoint 'cp_mshr_stall' of Covergroup instance 'cache_event_cg_cluster0-socket0-icache0-bank0_b0' has converged to empty list. The bin will be taken out of coverage calculation.
#    Time: 0 ps  Iteration: 0  Instance: /vortex_tb_top/dut/vortex/g_clusters[0]/cluster/g_sockets[0]/socket/icache/g_cache_wrap[0]/cache_wrap/g_cache/cache/g_banks[0]/bank/u_cache_probe
# ** Warning: (vsim-8855) The evaluation of coverpoint bin 'flush_unreachable' 'with' expression resulted in an empty value range list.
#    Time: 0 ps  Iteration: 0  Process: /vortex_tb_top/dut/vortex/g_clusters[0]/cluster/g_sockets[0]/socket/dcache/g_cache_wrap[0]/cache_wrap/g_cache/cache/g_banks[0]/bank/u_cache_probe/#INITIAL#217 File: /home/samuel_ubuntu22/Vortex_UVM_GP/Vortex/sim/uvmsim/tb/vx_cache_probe.sv Line: 145
# ** Warning: (vsim-8858) After processing coverbin with/set expression, the values list associated with scalar bin 'flush_unreachable' in Coverpoint 'cp_event' of Covergroup instance 'cache_event_cg_cluster0-socket0-dcache0-bank0_b0' has converged to empty list. The bin will be taken out of coverage calculation.
#    Time: 0 ps  Iteration: 0  Instance: /vortex_tb_top/dut/vortex/g_clusters[0]/cluster/g_sockets[0]/socket/dcache/g_cache_wrap[0]/cache_wrap/g_cache/cache/g_banks[0]/bank/u_cache_probe
# ** Warning: (vsim-8549) After dropping the illegal, ignore or invalid values, the values list associated with scalar bin 'writeback' in Coverpoint 'cp_event' of Covergroup instance 'cache_event_cg_cluster0-socket0-dcache0-bank0_b0' has converged to empty list. The bin will be taken out of coverage calculation.
#    Time: 0 ps  Iteration: 0  Instance: /vortex_tb_top/dut/vortex/g_clusters[0]/cluster/g_sockets[0]/socket/dcache/g_cache_wrap[0]/cache_wrap/g_cache/cache/g_banks[0]/bank/u_cache_probe
# ** Warning: (vsim-8855) The evaluation of coverpoint bin 'wr_unreachable' 'with' expression resulted in an empty value range list.
#    Time: 0 ps  Iteration: 0  Process: /vortex_tb_top/dut/vortex/g_clusters[0]/cluster/g_sockets[0]/socket/dcache/g_cache_wrap[0]/cache_wrap/g_cache/cache/g_banks[0]/bank/u_cache_probe/#INITIAL#217 File: /home/samuel_ubuntu22/Vortex_UVM_GP/Vortex/sim/uvmsim/tb/vx_cache_probe.sv Line: 165
# ** Warning: (vsim-8858) After processing coverbin with/set expression, the values list associated with scalar bin 'wr_unreachable' in Coverpoint 'cp_rw' of Covergroup instance 'cache_event_cg_cluster0-socket0-dcache0-bank0_b0' has converged to empty list. The bin will be taken out of coverage calculation.
#    Time: 0 ps  Iteration: 0  Instance: /vortex_tb_top/dut/vortex/g_clusters[0]/cluster/g_sockets[0]/socket/dcache/g_cache_wrap[0]/cache_wrap/g_cache/cache/g_banks[0]/bank/u_cache_probe
# ** Warning: (vsim-8549) After dropping the illegal, ignore or invalid values, the values list associated with scalar bin 'stall' in Coverpoint 'cp_mshr_stall' of Covergroup instance 'cache_event_cg_cluster0-socket0-dcache0-bank0_b0' has converged to empty list. The bin will be taken out of coverage calculation.
#    Time: 0 ps  Iteration: 0  Instance: /vortex_tb_top/dut/vortex/g_clusters[0]/cluster/g_sockets[0]/socket/dcache/g_cache_wrap[0]/cache_wrap/g_cache/cache/g_banks[0]/bank/u_cache_probe
# ** Warning: (vsim-8549) After dropping the illegal, ignore or invalid values, the values list associated with scalar bin 'f2f' in Coverpoint 'cp_fpu_op' of Covergroup instance 'instr_class_cg_fpu' has converged to empty list. The bin will be taken out of coverage calculation.
#    Time: 0 ps  Iteration: 0  Instance: /vortex_tb_top/dut/vortex/g_clusters[0]/cluster/g_sockets[0]/socket/g_cores[0]/core/issue/g_slices[0]/issue_slice/dispatch/u_instr_probe
# CONFIGS: num_threads=4, num_warps=4, num_cores=1, num_clusters=1, socket_size=1, local_mem_base=0xffff0000, num_barriers=2
# [TB_TOP @ 0] Virtual interfaces registered in UVM config DB
# [TB_TOP @ 0] Starting UVM test phase...
# ================================================================================
# UVM_INFO @ 0: reporter [RNTST] Running test kernel_launch_test...
# [TB_TOP @ 0] Timeout watchdog armed (1500000 cycles)
# UVM_INFO /home/samuel_ubuntu22/Vortex_UVM_GP/Vortex/sim/uvmsim/uvm_tests/vortex_base_test.svh(66) @ 0: uvm_test_top [kernel_launch_test] Building test...
# UVM_INFO /home/samuel_ubuntu22/Vortex_UVM_GP/Vortex/sim/uvmsim/uvm_tests/vortex_base_test.svh(73) @ 0: uvm_test_top [kernel_launch_test] DEBUG cfg after plusargs: cores=1 warps=4 threads=4 str=1CL_1C_4W_4T_RV32_ F_AXI
# UVM_INFO /home/samuel_ubuntu22/Vortex_UVM_GP/Vortex/sim/uvmsim/uvm_tests/kernel_launch_test.svh(84) @ 0: uvm_test_top [kernel_launch_test] Kernel launch cfg: startup=0x0000000080000000 result=0x0000000000000000 size=0 timeout=1500000 cycles iface=     AXI4 program=/home/samuel_ubuntu22/Vortex_UVM_GP/vortex_uvm_env/results/20260910/run_183508_kernel_launch_test/programs/axi_stress.hex
# UVM_INFO /home/samuel_ubuntu22/Vortex_UVM_GP/Vortex/sim/uvmsim/uvm_env/vortex_env.svh(156) @ 0: uvm_test_top.env [VORTEX_ENV] axi_agent created
# UVM_INFO /home/samuel_ubuntu22/Vortex_UVM_GP/Vortex/sim/uvmsim/uvm_env/vortex_env.svh(161) @ 0: uvm_test_top.env [VORTEX_ENV] dcr_agent created
# UVM_INFO /home/samuel_ubuntu22/Vortex_UVM_GP/Vortex/sim/uvmsim/uvm_env/vortex_env.svh(172) @ 0: uvm_test_top.env [VORTEX_ENV] DCR RAL (reg block + backdoor checker) created
# UVM_INFO /home/samuel_ubuntu22/Vortex_UVM_GP/Vortex/sim/uvmsim/uvm_env/vortex_env.svh(177) @ 0: uvm_test_top.env [VORTEX_ENV] host_agent created
# UVM_INFO /home/samuel_ubuntu22/Vortex_UVM_GP/Vortex/sim/uvmsim/uvm_env/vortex_env.svh(182) @ 0: uvm_test_top.env [VORTEX_ENV] status_agent created (always PASSIVE)
# UVM_INFO /home/samuel_ubuntu22/Vortex_UVM_GP/Vortex/sim/uvmsim/uvm_env/vortex_env.svh(191) @ 0: uvm_test_top.env [VORTEX_ENV] Virtual sequencer created
# UVM_INFO /home/samuel_ubuntu22/Vortex_UVM_GP/Vortex/sim/uvmsim/uvm_env/vortex_env.svh(199) @ 0: uvm_test_top.env [VORTEX_ENV] Scoreboard created
# ** Warning: (vsim-8549) After dropping the illegal, ignore or invalid values, the values list associated with array bin 'slot' in Coverpoint 'cp_route_slot' of Covergroup instance '\/vortex_env_pkg::vortex_coverage_collector::axi_transaction_cg ' has converged to empty list. The bin will be taken out of coverage calculation.
#    Time: 0 ps  Iteration: 12  Region: /uvm_pkg::uvm_phase::m_run_phases
# ** Warning: (vsim-8522) The number of coverpoint bins is zero for the coverpoint 'cp_route_slot' of covergroup instance '\/vortex_env_pkg::vortex_coverage_collector::axi_transaction_cg '. All the user defined bins in the coverpoint are empty bins and hence it would not contribute towards the overall coverage result.
#    Time: 0 ps  Iteration: 12  Region: /uvm_pkg::uvm_phase::m_run_phases
# ** Warning: (vsim-8549) After dropping the illegal, ignore or invalid values, the values list associated with scalar bin 'byte_1' in Coverpoint 'cp_size' of Covergroup instance '\/vortex_env_pkg::vortex_coverage_collector::axi_transaction_cg ' has converged to empty list. The bin will be taken out of coverage calculation.
#    Time: 0 ps  Iteration: 12  Region: /uvm_pkg::uvm_phase::m_run_phases
# ** Warning: (vsim-8549) After dropping the illegal, ignore or invalid values, the values list associated with scalar bin 'byte_2' in Coverpoint 'cp_size' of Covergroup instance '\/vortex_env_pkg::vortex_coverage_collector::axi_transaction_cg ' has converged to empty list. The bin will be taken out of coverage calculation.
#    Time: 0 ps  Iteration: 12  Region: /uvm_pkg::uvm_phase::m_run_phases
# ** Warning: (vsim-8549) After dropping the illegal, ignore or invalid values, the values list associated with scalar bin 'byte_4' in Coverpoint 'cp_size' of Covergroup instance '\/vortex_env_pkg::vortex_coverage_collector::axi_transaction_cg ' has converged to empty list. The bin will be taken out of coverage calculation.
#    Time: 0 ps  Iteration: 12  Region: /uvm_pkg::uvm_phase::m_run_phases
# ** Warning: (vsim-8549) After dropping the illegal, ignore or invalid values, the values list associated with scalar bin 'byte_8' in Coverpoint 'cp_size' of Covergroup instance '\/vortex_env_pkg::vortex_coverage_collector::axi_transaction_cg ' has converged to empty list. The bin will be taken out of coverage calculation.
#    Time: 0 ps  Iteration: 12  Region: /uvm_pkg::uvm_phase::m_run_phases
# ** Warning: (vsim-8550) The number of coverable (sub)bins is zero for the Coverpoint 'cp_route_slot' specified in the list of Coverpoints of Cross 'cross_port_slot' of Covergroup instance '\/vortex_env_pkg::vortex_coverage_collector::axi_transaction_cg '. The cross will never be covered.
#    Time: 0 ps  Iteration: 12  Region: /uvm_pkg::uvm_phase::m_run_phases
# ** Warning: (vsim-8549) After dropping the illegal, ignore or invalid values, the values list associated with scalar bin 'sm' in Coverpoint 'cp_num_clusters' of Covergroup instance '\/vortex_env_pkg::vortex_coverage_collector::host_operation_cg ' has converged to empty list. The bin will be taken out of coverage calculation.
#    Time: 0 ps  Iteration: 12  Region: /uvm_pkg::uvm_phase::m_run_phases
# ** Warning: (vsim-8549) After dropping the illegal, ignore or invalid values, the values list associated with scalar bin 'lg' in Coverpoint 'cp_num_clusters' of Covergroup instance '\/vortex_env_pkg::vortex_coverage_collector::host_operation_cg ' has converged to empty list. The bin will be taken out of coverage calculation.
#    Time: 0 ps  Iteration: 12  Region: /uvm_pkg::uvm_phase::m_run_phases
# ** Warning: (vsim-8549) After dropping the illegal, ignore or invalid values, the values list associated with scalar bin 'sm' in Coverpoint 'cp_num_cores' of Covergroup instance '\/vortex_env_pkg::vortex_coverage_collector::host_operation_cg ' has converged to empty list. The bin will be taken out of coverage calculation.
#    Time: 0 ps  Iteration: 12  Region: /uvm_pkg::uvm_phase::m_run_phases
# ** Warning: (vsim-8549) After dropping the illegal, ignore or invalid values, the values list associated with scalar bin 'md' in Coverpoint 'cp_num_cores' of Covergroup instance '\/vortex_env_pkg::vortex_coverage_collector::host_operation_cg ' has converged to empty list. The bin will be taken out of coverage calculation.
#    Time: 0 ps  Iteration: 12  Region: /uvm_pkg::uvm_phase::m_run_phases
# ** Warning: (vsim-8549) After dropping the illegal, ignore or invalid values, the values list associated with scalar bin 'lg' in Coverpoint 'cp_num_cores' of Covergroup instance '\/vortex_env_pkg::vortex_coverage_collector::host_operation_cg ' has converged to empty list. The bin will be taken out of coverage calculation.
#    Time: 0 ps  Iteration: 12  Region: /uvm_pkg::uvm_phase::m_run_phases
# ** Warning: (vsim-8549) After dropping the illegal, ignore or invalid values, the values list associated with scalar bin 'xl' in Coverpoint 'cp_num_cores' of Covergroup instance '\/vortex_env_pkg::vortex_coverage_collector::host_operation_cg ' has converged to empty list. The bin will be taken out of coverage calculation.
#    Time: 0 ps  Iteration: 12  Region: /uvm_pkg::uvm_phase::m_run_phases
# ** Warning: (vsim-8549) After dropping the illegal, ignore or invalid values, the values list associated with scalar bin 'low' in Coverpoint 'cp_num_warps' of Covergroup instance '\/vortex_env_pkg::vortex_coverage_collector::host_operation_cg ' has converged to empty list. The bin will be taken out of coverage calculation.
#    Time: 0 ps  Iteration: 12  Region: /uvm_pkg::uvm_phase::m_run_phases
# ** Warning: (vsim-8549) After dropping the illegal, ignore or invalid values, the values list associated with scalar bin 'high' in Coverpoint 'cp_num_warps' of Covergroup instance '\/vortex_env_pkg::vortex_coverage_collector::host_operation_cg ' has converged to empty list. The bin will be taken out of coverage calculation.
#    Time: 0 ps  Iteration: 12  Region: /uvm_pkg::uvm_phase::m_run_phases
# ** Warning: (vsim-8549) After dropping the illegal, ignore or invalid values, the values list associated with scalar bin 'wide' in Coverpoint 'cp_num_warps' of Covergroup instance '\/vortex_env_pkg::vortex_coverage_collector::host_operation_cg ' has converged to empty list. The bin will be taken out of coverage calculation.
#    Time: 0 ps  Iteration: 12  Region: /uvm_pkg::uvm_phase::m_run_phases
# ** Warning: (vsim-8549) After dropping the illegal, ignore or invalid values, the values list associated with scalar bin 'xl' in Coverpoint 'cp_num_warps' of Covergroup instance '\/vortex_env_pkg::vortex_coverage_collector::host_operation_cg ' has converged to empty list. The bin will be taken out of coverage calculation.
#    Time: 0 ps  Iteration: 12  Region: /uvm_pkg::uvm_phase::m_run_phases
# ** Warning: (vsim-8549) After dropping the illegal, ignore or invalid values, the values list associated with scalar bin 't1' in Coverpoint 'cp_num_threads' of Covergroup instance '\/vortex_env_pkg::vortex_coverage_collector::host_operation_cg ' has converged to empty list. The bin will be taken out of coverage calculation.
#    Time: 0 ps  Iteration: 12  Region: /uvm_pkg::uvm_phase::m_run_phases
# ** Warning: (vsim-8549) After dropping the illegal, ignore or invalid values, the values list associated with scalar bin 't2' in Coverpoint 'cp_num_threads' of Covergroup instance '\/vortex_env_pkg::vortex_coverage_collector::host_operation_cg ' has converged to empty list. The bin will be taken out of coverage calculation.
#    Time: 0 ps  Iteration: 12  Region: /uvm_pkg::uvm_phase::m_run_phases
# ** Warning: (vsim-8549) After dropping the illegal, ignore or invalid values, the values list associated with scalar bin 't8' in Coverpoint 'cp_num_threads' of Covergroup instance '\/vortex_env_pkg::vortex_coverage_collector::host_operation_cg ' has converged to empty list. The bin will be taken out of coverage calculation.
#    Time: 0 ps  Iteration: 12  Region: /uvm_pkg::uvm_phase::m_run_phases
# ** Warning: (vsim-8549) After dropping the illegal, ignore or invalid values, the values list associated with scalar bin 't16' in Coverpoint 'cp_num_threads' of Covergroup instance '\/vortex_env_pkg::vortex_coverage_collector::host_operation_cg ' has converged to empty list. The bin will be taken out of coverage calculation.
#    Time: 0 ps  Iteration: 12  Region: /uvm_pkg::uvm_phase::m_run_phases
# ** Warning: (vsim-8549) After dropping the illegal, ignore or invalid values, the values list associated with scalar bin 'txl' in Coverpoint 'cp_num_threads' of Covergroup instance '\/vortex_env_pkg::vortex_coverage_collector::host_operation_cg ' has converged to empty list. The bin will be taken out of coverage calculation.
#    Time: 0 ps  Iteration: 12  Region: /uvm_pkg::uvm_phase::m_run_phases
# ** Warning: (vsim-8549) After dropping the illegal, ignore or invalid values, the values list associated with scalar bin 'high_ipc' in Coverpoint 'cp_ipc_bucket' of Covergroup instance '\/vortex_env_pkg::vortex_coverage_collector::status_performance_cg ' has converged to empty list. The bin will be taken out of coverage calculation.
#    Time: 0 ps  Iteration: 12  Region: /uvm_pkg::uvm_phase::m_run_phases
# ** Warning: (vsim-8549) After dropping the illegal, ignore or invalid values, the values list associated with scalar bin 'many' in Coverpoint 'cp_active_warps' of Covergroup instance '\/vortex_env_pkg::vortex_coverage_collector::status_performance_cg ' has converged to empty list. The bin will be taken out of coverage calculation.
#    Time: 0 ps  Iteration: 12  Region: /uvm_pkg::uvm_phase::m_run_phases
# UVM_INFO /home/samuel_ubuntu22/Vortex_UVM_GP/Vortex/sim/uvmsim/uvm_env/vortex_env.svh(225) @ 0: uvm_test_top.env [VORTEX_ENV] Coverage collector created
# UVM_INFO /home/samuel_ubuntu22/Vortex_UVM_GP/Vortex/sim/uvmsim/uvm_env/agents/axi_agent/axi_monitor.svh(149) @ 0: uvm_test_top.env.m_axi_agent.m_monitor [AXI_MON] mem_model found â R-beat inline comparison enabled
# UVM_INFO /home/samuel_ubuntu22/Vortex_UVM_GP/Vortex/sim/uvmsim/uvm_env/vortex_coverage_collector.svh(781) @ 0: uvm_test_top.env.m_coverage [COVERAGE] AXI route decode: AXI_ID_W=50 UUID_W=44 ROUTE_W=6 | MEM_PORTS=1 PORT_SEL_W=0 | TAG_BUF_SZ=16 SLOT_W=4
# UVM_INFO /home/samuel_ubuntu22/Vortex_UVM_GP/Vortex/sim/uvmsim/uvm_env/vortex_coverage_collector.svh(791) @ 0: uvm_test_top.env.m_coverage [COVERAGE] AXI tag buffer  ABSENT (MEM_PORTS=1) -> cp_route_slot/cross_port_slot IGNORED (read id is the raw cache tag)
# UVM_INFO /home/samuel_ubuntu22/Vortex_UVM_GP/Vortex/sim/uvmsim/uvm_env/vortex_env.svh(264) @ 0: uvm_test_top.env [VORTEX_ENV] DCR RAL frontdoor attached to dcr_sequencer
# UVM_INFO /home/samuel_ubuntu22/Vortex_UVM_GP/Vortex/sim/uvmsim/uvm_env/vortex_env.svh(272) @ 0: uvm_test_top.env [VORTEX_ENV] DCR RAL predictor attached to dcr monitor
# UVM_INFO /home/samuel_ubuntu22/Vortex_UVM_GP/Vortex/sim/uvmsim/uvm_env/vortex_env.svh(283) @ 0: uvm_test_top.env [VORTEX_ENV] DCR RAL per-core completeness armed: expecting 1 probe instance(s) (1 cluster(s) x 1 core(s))
# UVM_INFO /home/samuel_ubuntu22/Vortex_UVM_GP/Vortex/sim/uvmsim/uvm_env/vortex_env.svh(315) @ 0: uvm_test_top.env [VORTEX_ENV] Scoreboard connected to all agents
# UVM_INFO /home/samuel_ubuntu22/Vortex_UVM_GP/Vortex/sim/uvmsim/uvm_env/vortex_env.svh(347) @ 0: uvm_test_top.env [VORTEX_ENV] Coverage collector connected to all agents
# UVM_INFO /home/samuel_ubuntu22/Vortex_UVM_GP/Vortex/sim/uvmsim/uvm_env/agents/axi_agent/axi_agent.svh(136) @ 0: uvm_test_top.env.m_axi_agent [AXI_AGENT] AXI Agent configured:  ACTIVE mode, ID_WIDTH=50
# UVM_INFO /home/samuel_ubuntu22/Vortex_UVM_GP/Vortex/sim/uvmsim/uvm_env/agents/dcr_agent/dcr_sequencer.svh(59) @ 0: uvm_test_top.env.m_dcr_agent.m_sequencer [DCR_SQCR] DCR sequencer ready
# UVM_INFO /home/samuel_ubuntu22/Vortex_UVM_GP/Vortex/sim/uvmsim/uvm_env/agents/dcr_agent/dcr_agent.svh(143) @ 0: uvm_test_top.env.m_dcr_agent [DCR_AGENT] DCR agent configured: ACTIVE mode
# UVM_INFO /home/samuel_ubuntu22/Vortex_UVM_GP/Vortex/sim/uvmsim/uvm_env/agents/host_agent/host_sequencer.svh(66) @ 0: uvm_test_top.env.m_host_agent.m_sequencer [HOST_SQCR] Host sequencer ready
# UVM_INFO /home/samuel_ubuntu22/Vortex_UVM_GP/Vortex/sim/uvmsim/uvm_env/agents/host_agent/host_agent.svh(140) @ 0: uvm_test_top.env.m_host_agent [HOST_AGENT] 
# ========================================
#     Host Agent Configuration
# ========================================
#   Mode:           ACTIVE
#   Driver:        â
#   Sequencer:     â
#   Monitor:       â
# ========================================
#   Interfaces Used:
#     - vortex_mem_if.master_driver
#     - vortex_dcr_if.master_driver
#     - vortex_status_if.monitor
# ========================================
# UVM_INFO /home/samuel_ubuntu22/Vortex_UVM_GP/Vortex/sim/uvmsim/uvm_env/agents/status_agent/status_agent.svh(115) @ 0: uvm_test_top.env.m_status_agent [STATUS_AGENT] Status agent configured: PASSIVE (monitor-only)
# UVM_INFO /home/samuel_ubuntu22/Vortex_UVM_GP/Vortex/sim/uvmsim/uvm_env/agents/status_agent/status_agent.svh(118) @ 0: uvm_test_top.env.m_status_agent [STATUS_AGENT] Status sampling every 10 cycles
# UVM_INFO /home/samuel_ubuntu22/Vortex_UVM_GP/Vortex/sim/uvmsim/uvm_env/vortex_virtual_sequencer.svh(83) @ 0: uvm_test_top.env.m_virtual_sequencer [VIRT_SQCR] 
# ========================================
#   Virtual Sequencer Configuration
# ========================================
#   mem_sequencer:  â
#   axi_sequencer:  â
#   dcr_sequencer:  â
#   host_sequencer: â
# ========================================
# UVM_INFO /home/samuel_ubuntu22/Vortex_UVM_GP/Vortex/sim/uvmsim/uvm_env/vortex_env.svh(359) @ 0: uvm_test_top.env [VORTEX_ENV] 
# ââââââââââââââââââââââââââââââââââââââââââââââââ
# â       Vortex UVM Environment Topology        â
# â âââââââââââââââââââââââââââââââââââââââââââââââ£
# â  Config        : 1CL_1C_4W_4T_RV32_ F_AXI   â
# â âââââââââââââââââââââââââââââââââââââââââââââââ£
# â  mem_agent     : DISABLED                   â
# â  axi_agent     : ACTIVE                     â
# â  dcr_agent     : ACTIVE                     â
# â  host_agent    : ACTIVE                     â
# â  status_agent  : PASSIVE                    â
# â âââââââââââââââââââââââââââââââââââââââââââââââ£
# â  Scoreboard    : ENABLED                    â
# â  Coverage      : ENABLED                    â
# â  Virt Seqr     : CREATED                    â
# ââââââââââââââââââââââââââââââââââââââââââââââââ
# 
# UVM_INFO /home/samuel_ubuntu22/Vortex_UVM_GP/Vortex/sim/uvmsim/uvm_tests/vortex_base_test.svh(125) @ 0: uvm_test_top [kernel_launch_test] 
# ================================================================================
#   Test:        kernel_launch_test
#   Config:      1CL_1C_4W_4T_RV32_ F_AXI
#   Timeout:     1500000 cycles
# ================================================================================
# UVM_INFO /home/samuel_ubuntu22/Vortex_UVM_GP/Vortex/sim/uvmsim/uvm_tests/kernel_launch_test.svh(96) @ 0: uvm_test_top [kernel_launch_test] 
# ----------------------------------------------------------------
#  KERNEL LAUNCH TEST                                            
# ----------------------------------------------------------------
#   Test Flow:                                                   
#     1. preload kernel binary into mem_model                    
#     2. wait for reset release                                  
#     3. launch kernel through host agent                       
#     4. wait for completion                                     
#     5. compare result window against SimX                      
#   Startup   : 0x0000000080000000
#   Result    : 0x0000000000000000 (0 bytes)
#   Timeout   : 1500000 cycles
# ----------------------------------------------------------------
# UVM_INFO /home/samuel_ubuntu22/Vortex_UVM_GP/Vortex/sim/uvmsim/uvm_tests/vortex_base_test.svh(147) @ 0: uvm_test_top [kernel_launch_test] Starting test execution...
# UVM_INFO /home/samuel_ubuntu22/Vortex_UVM_GP/Vortex/sim/uvmsim/uvm_env/vortex_scoreboard.svh(250) @ 0: uvm_test_top.env.m_scoreboard [SCOREBOARD] Initialising SimX: cores=1 warps=4 threads=4
# [SimX-DPI] ========================================
# [SimX-DPI] Initializing SimX Golden Model
# [SimX-DPI] Cores=1, Warps=4, Threads=4
# [SimX-DPI] Architecture created successfully
# [SimX-DPI] Creating RAM: capacity=0x100000000, page_size=0x1000
# [SimX-DPI] RAM created successfully
# [SimX-DPI] Attaching RAM to processor...
# [SimX-DPI] RAM attached successfully
# [SimX-DPI] Verifying RAM...
# [SimX-DPI] RAM verification PASSED
# [SimX-DPI] Initialization successful
# [SimX-DPI] ========================================
# UVM_INFO /home/samuel_ubuntu22/Vortex_UVM_GP/Vortex/sim/uvmsim/uvm_env/vortex_scoreboard.svh(261) @ 0: uvm_test_top.env.m_scoreboard [SCOREBOARD] SimX initialised successfully
# [SimX-DPI] Loaded 25716 bytes from '/home/samuel_ubuntu22/Vortex_UVM_GP/vortex_uvm_env/results/20260910/run_183508_kernel_launch_test/programs/axi_stress.hex' mapped to absolute memory
# UVM_INFO /home/samuel_ubuntu22/Vortex_UVM_GP/Vortex/sim/uvmsim/uvm_env/vortex_scoreboard.svh(280) @ 0: uvm_test_top.env.m_scoreboard [SCOREBOARD] SimX: loaded hex '/home/samuel_ubuntu22/Vortex_UVM_GP/vortex_uvm_env/results/20260910/run_183508_kernel_launch_test/programs/axi_stress.hex' @ 0x80000000
# [SimX-DPI] ========================================
# [SimX-DPI] Installing Exit Code Bootstrap
# [SimX-DPI] Bootstrap address: 0x7ffffff0
# [SimX-DPI] Main program at:   0x80000000
# [SimX-DPI] Bootstrap code written to memory
# [SimX-DPI] DCRs updated to start at bootstrap
# [SimX-DPI] Bootstrap will:
# [SimX-DPI]   1. Set x3 = 0 (exit code)
# [SimX-DPI]   2. Jump to 0x80000000 (auipc+jalr x1+12)
# [SimX-DPI] ========================================
# UVM_INFO /home/samuel_ubuntu22/Vortex_UVM_GP/Vortex/sim/uvmsim/uvm_env/agents/axi_agent/axi_driver.svh(147) @ 0: uvm_test_top.env.m_axi_agent.m_driver [AXI_DRV] Waiting for reset...
# [TB_TOP @ 1000] mem_model verified in config_db
# UVM_INFO /home/samuel_ubuntu22/Vortex_UVM_GP/Vortex/sim/uvmsim/uvm_tests/kernel_launch_test.svh(145) @ 2000: uvm_test_top [kernel_launch_test] Loading kernel program: /home/samuel_ubuntu22/Vortex_UVM_GP/vortex_uvm_env/results/20260910/run_183508_kernel_launch_test/programs/axi_stress.hex (HEX format) at 0x0000000080000000
# [MEM_MODEL] Loaded 25716 bytes from /home/samuel_ubuntu22/Vortex_UVM_GP/vortex_uvm_env/results/20260910/run_183508_kernel_launch_test/programs/axi_stress.hex at base=0x0000000080000000
# UVM_INFO /home/samuel_ubuntu22/Vortex_UVM_GP/Vortex/sim/uvmsim/uvm_tests/kernel_launch_test.svh(157) @ 2000: uvm_test_top [kernel_launch_test] â Loaded 25716 bytes into mem_model
# UVM_INFO /home/samuel_ubuntu22/Vortex_UVM_GP/Vortex/sim/uvmsim/uvm_tests/vortex_base_test.svh(215) @ 2000: uvm_test_top [kernel_launch_test] Waiting for reset...
# UVM_INFO /home/samuel_ubuntu22/Vortex_UVM_GP/Vortex/sim/uvmsim/uvm_env/agents/dcr_agent/dcr_driver.svh(115) @ 5000: uvm_test_top.env.m_dcr_agent.m_driver [DCR_DRV] Applying bootstrap DCRs during reset: PC=0x0000000080000000 argv=0x0000000000000000
# UVM_INFO /home/samuel_ubuntu22/Vortex_UVM_GP/Vortex/sim/uvmsim/uvm_env/agents/host_agent/host_driver.svh(108) @ 5000: uvm_test_top.env.m_host_agent.m_driver [HOST_DRV] Host driver reset complete
# UVM_INFO /home/samuel_ubuntu22/Vortex_UVM_GP/Vortex/sim/uvmsim/uvm_env/agents/host_agent/host_monitor.svh(143) @ 35000: uvm_test_top.env.m_host_agent.m_monitor [HOST_MON] Startup address set to 0x80000000
# [SimX-DPI] DCR Write: addr=0x1, value=0x80000000
# [SimX-DPI] DCR write successful
# [SimX-DPI] DCR Write: addr=0x2, value=0x0
# [SimX-DPI] DCR write successful
# UVM_INFO /home/samuel_ubuntu22/Vortex_UVM_GP/Vortex/sim/uvmsim/uvm_env/agents/dcr_agent/dcr_monitor.svh(176) @ 75000: uvm_test_top.env.m_dcr_agent.m_monitor [DCR_MON] â Startup configuration complete: PC=0x0000000080000000
# [SimX-DPI] DCR Write: addr=0x3, value=0x0
# [SimX-DPI] DCR write successful
# [SimX-DPI] DCR Write: addr=0x4, value=0x0
# [SimX-DPI] DCR write successful
# [SimX-DPI] DCR Write: addr=0x5, value=0x0
# [SimX-DPI] DCR write successful
# UVM_INFO /home/samuel_ubuntu22/Vortex_UVM_GP/Vortex/sim/uvmsim/uvm_env/agents/dcr_agent/dcr_driver.svh(130) @ 205000: uvm_test_top.env.m_dcr_agent.m_driver [DCR_DRV] Bootstrap DCRs written during reset â signalled dcr_bootstrap_done
# UVM_INFO /home/samuel_ubuntu22/Vortex_UVM_GP/Vortex/sim/uvmsim/uvm_env/agents/dcr_agent/dcr_driver.svh(133) @ 205000: uvm_test_top.env.m_dcr_agent.m_driver [DCR_DRV] DCR driver reset complete
# [TB_TOP @ 3845000] Releasing reset
# UVM_INFO /home/samuel_ubuntu22/Vortex_UVM_GP/Vortex/sim/uvmsim/uvm_env/agents/axi_agent/axi_driver.svh(174) @ 3845000: uvm_test_top.env.m_axi_agent.m_driver [AXI_DRV] Reset complete â slave responder ready
# [TB_TOP @ 3895000] Hardware Reset Complete - System ready
# UVM_INFO /home/samuel_ubuntu22/Vortex_UVM_GP/Vortex/sim/uvmsim/uvm_tests/vortex_base_test.svh(218) @ 3895000: uvm_test_top [kernel_launch_test] Reset complete
# UVM_INFO /home/samuel_ubuntu22/Vortex_UVM_GP/Vortex/sim/uvmsim/uvm_tests/kernel_launch_test.svh(175) @ 3895000: uvm_test_top [kernel_launch_test] Executing kernel launch virtual sequence at 0x0000000080000000 (cores=1 warps=4 threads=4 timeout=1500000)
# UVM_INFO /home/samuel_ubuntu22/Vortex_UVM_GP/Vortex/sim/uvmsim/uvm_env/sequences/kernel_launch_vseq.svh(36) @ 3895000: uvm_test_top.env.m_virtual_sequencer@@vseq [kernel_launch_vseq] kernel_launch_vseq: launching kernel at 0x0000000080000000
# UVM_INFO /home/samuel_ubuntu22/Vortex_UVM_GP/Vortex/sim/uvmsim/uvm_env/agents/host_agent/host_sequences.svh(214) @ 3895000: uvm_test_top.env.m_host_agent.m_sequencer@@launch_seq [HOST_SEQ] Launching kernel at 0x0000000080000000 (clusters=1 cores=1 warps=4 threads=4)
# UVM_INFO /home/samuel_ubuntu22/Vortex_UVM_GP/Vortex/sim/uvmsim/uvm_env/agents/host_agent/host_driver.svh(121) @ 3895000: uvm_test_top.env.m_host_agent.m_driver [HOST_DRV] Executing transaction:
# 
# ââ Host Transaction âââââââââââââââ
# â Operation: HOST_LAUNCH_KERNEL
# â Startup Addr:  0x0000000080000000
# â Configuration: 1 clusters, 1 cores, 4 warps, 4 threads
# â [Executed via dcr_vif.master_cb]
# âââââââââââââââââââââââââââââââââââ
# UVM_INFO /home/samuel_ubuntu22/Vortex_UVM_GP/Vortex/sim/uvmsim/uvm_env/agents/host_agent/host_driver.svh(199) @ 3895000: uvm_test_top.env.m_host_agent.m_driver [HOST_DRV] Launching kernel...
# UVM_INFO /home/samuel_ubuntu22/Vortex_UVM_GP/Vortex/sim/uvmsim/uvm_env/agents/host_agent/host_driver.svh(175) @ 3895000: uvm_test_top.env.m_host_agent.m_driver [HOST_DRV] Writing DCR[0x00000001] = 0x80000000
# UVM_INFO /home/samuel_ubuntu22/Vortex_UVM_GP/Vortex/sim/uvmsim/uvm_env/agents/status_agent/status_monitor.svh(224) @ 3895000: uvm_test_top.env.m_status_agent.m_monitor [STATUS_MON] â Execution started @ cycle 4, time 3895000
# UVM_INFO /home/samuel_ubuntu22/Vortex_UVM_GP/Vortex/sim/uvmsim/uvm_env/agents/host_agent/host_monitor.svh(213) @ 3895000: uvm_test_top.env.m_host_agent.m_monitor [HOST_MON] Kernel execution started at time 3895000, cycle 4
# [DCR_IF @ 3915000] Write: STARTUP_ADDR0 [0x001] = 0x80000000
# UVM_INFO /home/samuel_ubuntu22/Vortex_UVM_GP/Vortex/sim/uvmsim/uvm_env/agents/host_agent/host_monitor.svh(143) @ 3915000: uvm_test_top.env.m_host_agent.m_monitor [HOST_MON] Startup address set to 0x80000000
# [SimX-DPI] DCR Write: addr=0x1, value=0x80000000
# [SimX-DPI] DCR write successful
# UVM_INFO /home/samuel_ubuntu22/Vortex_UVM_GP/Vortex/sim/uvmsim/uvm_env/agents/host_agent/host_driver.svh(175) @ 3945000: uvm_test_top.env.m_host_agent.m_driver [HOST_DRV] Writing DCR[0x00000002] = 0x00000000
# [DCR_IF @ 3975000] Write: UNKNOWN_DCR[0x002] [0x002] = 0x00000000
# [SimX-DPI] DCR Write: addr=0x2, value=0x0
# [SimX-DPI] DCR write successful
# UVM_INFO /home/samuel_ubuntu22/Vortex_UVM_GP/Vortex/sim/uvmsim/uvm_env/agents/host_agent/host_driver.svh(222) @ 4005000: uvm_test_top.env.m_host_agent.m_driver [HOST_DRV] Kernel launched at 0x0000000080000000
# UVM_INFO /home/samuel_ubuntu22/Vortex_UVM_GP/Vortex/sim/uvmsim/uvm_env/sequences/kernel_launch_vseq.svh(42) @ 4005000: uvm_test_top.env.m_virtual_sequencer@@vseq [kernel_launch_vseq] kernel_launch_vseq: waiting for completion (timeout=1500000 cycles)
# UVM_INFO /home/samuel_ubuntu22/Vortex_UVM_GP/Vortex/sim/uvmsim/uvm_env/agents/host_agent/host_sequences.svh(256) @ 4005000: uvm_test_top.env.m_host_agent.m_sequencer@@wait_seq [HOST_SEQ] Waiting for completion (timeout=1500000 cycles)
# UVM_INFO /home/samuel_ubuntu22/Vortex_UVM_GP/Vortex/sim/uvmsim/uvm_env/agents/host_agent/host_driver.svh(121) @ 4005000: uvm_test_top.env.m_host_agent.m_driver [HOST_DRV] Executing transaction:
# 
# ââ Host Transaction âââââââââââââââ
# â Operation: HOST_WAIT_DONE
# â Timeout:       1500000 cycles
# â Completed:      NO
# â [Monitored via status_vif.monitor_cb]
# âââââââââââââââââââââââââââââââââââ
# UVM_INFO /home/samuel_ubuntu22/Vortex_UVM_GP/Vortex/sim/uvmsim/uvm_env/agents/host_agent/host_driver.svh(228) @ 4005000: uvm_test_top.env.m_host_agent.m_driver [HOST_DRV] Waiting for completion (timeout: 1500000 cycles)
# [TB_TOP @ 4535000] DCR-write-timing assertion armed (startup config window closed)
# 
# [TB_STATUS @ 4575000] Execution STARTED
# [TB_STATUS @ 13855000] cyc=1000 mem=106 busy=1 idle=0
# [TB_PROBE_AXI @ 13855000] cyc=1000 per_cluster_busy=1 dut_busy=1 ebreak_detect=0 axi_idle=1 mem_idle=1
# [TB_PROBE_PIPELINE @ 13855000] cyc=1000 | ICACHE: req=1 ready=1 rsp=0 stall_cyc=3 | DCACHE: req=0 ready=1 rsp=0 stall_cyc=0 | PC=0x80003370 instr=0x05858593 ebreak_seen=0 exit_addr_seen=0
# [TB_STATUS @ 23855000] cyc=2000 mem=377 busy=1 idle=1
# [TB_PROBE_AXI @ 23855000] cyc=2000 per_cluster_busy=1 dut_busy=1 ebreak_detect=0 axi_idle=0 mem_idle=1
# [TB_PROBE_PIPELINE @ 23855000] cyc=2000 | ICACHE: req=0 ready=1 rsp=0 stall_cyc=3 | DCACHE: req=0 ready=1 rsp=0 stall_cyc=24 | PC=0x8000348c instr=0x001ea88b ebreak_seen=0 exit_addr_seen=0
# [TB_STATUS @ 33855000] cyc=3000 mem=574 busy=1 idle=6
# [TB_PROBE_AXI @ 33855000] cyc=3000 per_cluster_busy=1 dut_busy=1 ebreak_detect=0 axi_idle=1 mem_idle=1
# [TB_PROBE_PIPELINE @ 33855000] cyc=3000 | ICACHE: req=0 ready=1 rsp=0 stall_cyc=90 | DCACHE: req=0 ready=1 rsp=0 stall_cyc=24 | PC=0x80000360 instr=0xfece2223 ebreak_seen=0 exit_addr_seen=0
# [TB_STATUS @ 43855000] cyc=4000 mem=646 busy=1 idle=3
# [TB_PROBE_AXI @ 43855000] cyc=4000 per_cluster_busy=1 dut_busy=1 ebreak_detect=0 axi_idle=1 mem_idle=1
# [TB_PROBE_PIPELINE @ 43855000] cyc=4000 | ICACHE: req=0 ready=1 rsp=1 stall_cyc=90 | DCACHE: req=0 ready=1 rsp=0 stall_cyc=24 | PC=0x80003520 instr=0x007ed08b ebreak_seen=0 exit_addr_seen=0
# [TB_STATUS @ 53855000] cyc=5000 mem=718 busy=1 idle=3
# [TB_PROBE_AXI @ 53855000] cyc=5000 per_cluster_busy=1 dut_busy=1 ebreak_detect=0 axi_idle=1 mem_idle=1
# [TB_PROBE_PIPELINE @ 53855000] cyc=5000 | ICACHE: req=0 ready=1 rsp=0 stall_cyc=90 | DCACHE: req=0 ready=1 rsp=0 stall_cyc=24 | PC=0x80000360 instr=0x00a282b3 ebreak_seen=0 exit_addr_seen=0
# [TB_STATUS @ 63855000] cyc=6000 mem=798 busy=1 idle=3
# [TB_PROBE_AXI @ 63855000] cyc=6000 per_cluster_busy=1 dut_busy=1 ebreak_detect=0 axi_idle=1 mem_idle=1
# [TB_PROBE_PIPELINE @ 63855000] cyc=6000 | ICACHE: req=0 ready=1 rsp=0 stall_cyc=90 | DCACHE: req=0 ready=1 rsp=0 stall_cyc=24 | PC=0x80000360 instr=0xfc0e88e3 ebreak_seen=0 exit_addr_seen=0
# [TB_STATUS @ 73855000] cyc=7000 mem=870 busy=1 idle=2
# [TB_PROBE_AXI @ 73855000] cyc=7000 per_cluster_busy=1 dut_busy=1 ebreak_detect=0 axi_idle=0 mem_idle=1
# [TB_PROBE_PIPELINE @ 73855000] cyc=7000 | ICACHE: req=1 ready=1 rsp=0 stall_cyc=90 | DCACHE: req=0 ready=1 rsp=0 stall_cyc=24 | PC=0x80000360 instr=0xfc0e88e3 ebreak_seen=0 exit_addr_seen=0
# [TB_STATUS @ 83855000] cyc=8000 mem=950 busy=1 idle=8
# [TB_PROBE_AXI @ 83855000] cyc=8000 per_cluster_busy=1 dut_busy=1 ebreak_detect=0 axi_idle=1 mem_idle=1
# [TB_PROBE_PIPELINE @ 83855000] cyc=8000 | ICACHE: req=0 ready=1 rsp=0 stall_cyc=90 | DCACHE: req=0 ready=1 rsp=0 stall_cyc=24 | PC=0x80000360 instr=0xfc0e88e3 ebreak_seen=0 exit_addr_seen=0
# [TB_STATUS @ 93855000] cyc=9000 mem=1023 busy=1 idle=1
# [TB_PROBE_AXI @ 93855000] cyc=9000 per_cluster_busy=1 dut_busy=1 ebreak_detect=0 axi_idle=0 mem_idle=1
# [TB_PROBE_PIPELINE @ 93855000] cyc=9000 | ICACHE: req=0 ready=1 rsp=0 stall_cyc=90 | DCACHE: req=0 ready=1 rsp=0 stall_cyc=24 | PC=0x80000360 instr=0xfc0e88e3 ebreak_seen=0 exit_addr_seen=0
# [TB_STATUS @ 103855000] cyc=10000 mem=1102 busy=1 idle=4
# [TB_PROBE_AXI @ 103855000] cyc=10000 per_cluster_busy=1 dut_busy=1 ebreak_detect=0 axi_idle=1 mem_idle=1
# [TB_PROBE_PIPELINE @ 103855000] cyc=10000 | ICACHE: req=0 ready=1 rsp=0 stall_cyc=90 | DCACHE: req=0 ready=1 rsp=0 stall_cyc=24 | PC=0x80000360 instr=0xfc0e88e3 ebreak_seen=0 exit_addr_seen=0
# ** Warning: [STATUS_IF @ 103895000] Busy stuck high for >10000 cycles!
#    Time: 103895 ns Started: 3895 ns  Scope: vortex_tb_top.vif.status_if.assert_busy_eventually_idles File: /home/samuel_ubuntu22/Vortex_UVM_GP/Vortex/sim/uvmsim/tb/vortex_status_if.sv Line: 135
# [TB_STATUS @ 113855000] cyc=11000 mem=1176 busy=1 idle=0
# [TB_PROBE_AXI @ 113855000] cyc=11000 per_cluster_busy=1 dut_busy=1 ebreak_detect=0 axi_idle=0 mem_idle=1
# [TB_PROBE_PIPELINE @ 113855000] cyc=11000 | ICACHE: req=0 ready=1 rsp=0 stall_cyc=90 | DCACHE: req=0 ready=1 rsp=0 stall_cyc=24 | PC=0x80000360 instr=0xfc0e88e3 ebreak_seen=0 exit_addr_seen=0
# [TB_STATUS @ 123855000] cyc=12000 mem=1254 busy=1 idle=9
# [TB_PROBE_AXI @ 123855000] cyc=12000 per_cluster_busy=1 dut_busy=1 ebreak_detect=0 axi_idle=1 mem_idle=1
# [TB_PROBE_PIPELINE @ 123855000] cyc=12000 | ICACHE: req=0 ready=1 rsp=0 stall_cyc=90 | DCACHE: req=0 ready=1 rsp=0 stall_cyc=24 | PC=0x80000360 instr=0xfc0e88e3 ebreak_seen=0 exit_addr_seen=0
# [TB_STATUS @ 133855000] cyc=13000 mem=1329 busy=1 idle=3
# [TB_PROBE_AXI @ 133855000] cyc=13000 per_cluster_busy=1 dut_busy=1 ebreak_detect=0 axi_idle=0 mem_idle=1
# [TB_PROBE_PIPELINE @ 133855000] cyc=13000 | ICACHE: req=0 ready=1 rsp=1 stall_cyc=90 | DCACHE: req=1 ready=1 rsp=0 stall_cyc=24 | PC=0x8000350c instr=0x00c32c23 ebreak_seen=0 exit_addr_seen=0
# [TB_STATUS @ 143855000] cyc=14000 mem=1406 busy=1 idle=3
# [TB_PROBE_AXI @ 143855000] cyc=14000 per_cluster_busy=1 dut_busy=1 ebreak_detect=0 axi_idle=1 mem_idle=1
# [TB_PROBE_PIPELINE @ 143855000] cyc=14000 | ICACHE: req=0 ready=1 rsp=0 stall_cyc=90 | DCACHE: req=0 ready=1 rsp=0 stall_cyc=24 | PC=0x80000360 instr=0xfc0e88e3 ebreak_seen=0 exit_addr_seen=0
# [TB_STATUS @ 153855000] cyc=15000 mem=1482 busy=1 idle=1
# [TB_PROBE_AXI @ 153855000] cyc=15000 per_cluster_busy=1 dut_busy=1 ebreak_detect=0 axi_idle=0 mem_idle=1
# [TB_PROBE_PIPELINE @ 153855000] cyc=15000 | ICACHE: req=0 ready=1 rsp=0 stall_cyc=90 | DCACHE: req=0 ready=1 rsp=0 stall_cyc=24 | PC=0x80000360 instr=0xfc0e88e3 ebreak_seen=0 exit_addr_seen=0
# [TB_STATUS @ 163855000] cyc=16000 mem=1558 busy=1 idle=8
# [TB_PROBE_AXI @ 163855000] cyc=16000 per_cluster_busy=1 dut_busy=1 ebreak_detect=0 axi_idle=1 mem_idle=1
# [TB_PROBE_PIPELINE @ 163855000] cyc=16000 | ICACHE: req=0 ready=1 rsp=0 stall_cyc=90 | DCACHE: req=0 ready=1 rsp=0 stall_cyc=24 | PC=0x80000360 instr=0xfc0e88e3 ebreak_seen=0 exit_addr_seen=0
# [TB_STATUS @ 173855000] cyc=17000 mem=1635 busy=1 idle=1
# [TB_PROBE_AXI @ 173855000] cyc=17000 per_cluster_busy=1 dut_busy=1 ebreak_detect=0 axi_idle=1 mem_idle=1
# [TB_PROBE_PIPELINE @ 173855000] cyc=17000 | ICACHE: req=0 ready=1 rsp=0 stall_cyc=90 | DCACHE: req=0 ready=1 rsp=0 stall_cyc=24 | PC=0x80000360 instr=0xfc0e88e3 ebreak_seen=0 exit_addr_seen=0
# [TB_STATUS @ 183855000] cyc=18000 mem=1710 busy=1 idle=0
# [TB_PROBE_AXI @ 183855000] cyc=18000 per_cluster_busy=1 dut_busy=1 ebreak_detect=0 axi_idle=1 mem_idle=1
# [TB_PROBE_PIPELINE @ 183855000] cyc=18000 | ICACHE: req=0 ready=1 rsp=0 stall_cyc=90 | DCACHE: req=0 ready=1 rsp=0 stall_cyc=24 | PC=0x80000360 instr=0xfc0e88e3 ebreak_seen=0 exit_addr_seen=0
# [TB_STATUS @ 193855000] cyc=19000 mem=1787 busy=1 idle=2
# [TB_PROBE_AXI @ 193855000] cyc=19000 per_cluster_busy=1 dut_busy=1 ebreak_detect=0 axi_idle=0 mem_idle=1
# [TB_PROBE_PIPELINE @ 193855000] cyc=19000 | ICACHE: req=1 ready=1 rsp=0 stall_cyc=90 | DCACHE: req=0 ready=1 rsp=0 stall_cyc=24 | PC=0x80000360 instr=0xfc0e88e3 ebreak_seen=0 exit_addr_seen=0
# [TB_STATUS @ 203855000] cyc=20000 mem=1862 busy=1 idle=5
# [TB_PROBE_AXI @ 203855000] cyc=20000 per_cluster_busy=1 dut_busy=1 ebreak_detect=0 axi_idle=1 mem_idle=1
# [TB_PROBE_PIPELINE @ 203855000] cyc=20000 | ICACHE: req=0 ready=1 rsp=0 stall_cyc=90 | DCACHE: req=0 ready=1 rsp=0 stall_cyc=24 | PC=0x80000360 instr=0x00a282b3 ebreak_seen=0 exit_addr_seen=0
# [TB_STATUS @ 213855000] cyc=21000 mem=1940 busy=1 idle=1
# [TB_PROBE_AXI @ 213855000] cyc=21000 per_cluster_busy=1 dut_busy=1 ebreak_detect=0 axi_idle=0 mem_idle=1
# [TB_PROBE_PIPELINE @ 213855000] cyc=21000 | ICACHE: req=0 ready=1 rsp=0 stall_cyc=90 | DCACHE: req=0 ready=1 rsp=0 stall_cyc=24 | PC=0x80000360 instr=0xfc0e88e3 ebreak_seen=0 exit_addr_seen=0
# [TB_STATUS @ 223855000] cyc=22000 mem=2014 busy=1 idle=10
# [TB_PROBE_AXI @ 223855000] cyc=22000 per_cluster_busy=1 dut_busy=1 ebreak_detect=0 axi_idle=1 mem_idle=1
# [TB_PROBE_PIPELINE @ 223855000] cyc=22000 | ICACHE: req=0 ready=1 rsp=1 stall_cyc=90 | DCACHE: req=0 ready=1 rsp=0 stall_cyc=24 | PC=0x800034f8 instr=0x00c32223 ebreak_seen=0 exit_addr_seen=0
# [TB_STATUS @ 233855000] cyc=23000 mem=2093 busy=1 idle=2
# [TB_PROBE_AXI @ 233855000] cyc=23000 per_cluster_busy=1 dut_busy=1 ebreak_detect=0 axi_idle=0 mem_idle=1
# [TB_PROBE_PIPELINE @ 233855000] cyc=23000 | ICACHE: req=0 ready=1 rsp=0 stall_cyc=90 | DCACHE: req=0 ready=1 rsp=0 stall_cyc=24 | PC=0x80000360 instr=0xfc0e88e3 ebreak_seen=0 exit_addr_seen=0
# [TB_STATUS @ 243855000] cyc=24000 mem=2166 busy=1 idle=15
# [TB_PROBE_AXI @ 243855000] cyc=24000 per_cluster_busy=1 dut_busy=1 ebreak_detect=0 axi_idle=1 mem_idle=1
# [TB_PROBE_PIPELINE @ 243855000] cyc=24000 | ICACHE: req=0 ready=1 rsp=0 stall_cyc=90 | DCACHE: req=0 ready=1 rsp=0 stall_cyc=24 | PC=0x80000360 instr=0x00a282b3 ebreak_seen=0 exit_addr_seen=0
# [TB_STATUS @ 253855000] cyc=25000 mem=2246 busy=1 idle=3
# [TB_PROBE_AXI @ 253855000] cyc=25000 per_cluster_busy=1 dut_busy=1 ebreak_detect=0 axi_idle=1 mem_idle=1
# [TB_PROBE_PIPELINE @ 253855000] cyc=25000 | ICACHE: req=0 ready=1 rsp=1 stall_cyc=90 | DCACHE: req=0 ready=1 rsp=0 stall_cyc=24 | PC=0x80003520 instr=0x007ed08b ebreak_seen=0 exit_addr_seen=0
# [TB_STATUS @ 263855000] cyc=26000 mem=2318 busy=1 idle=3
# [TB_PROBE_AXI @ 263855000] cyc=26000 per_cluster_busy=1 dut_busy=1 ebreak_detect=0 axi_idle=1 mem_idle=1
# [TB_PROBE_PIPELINE @ 263855000] cyc=26000 | ICACHE: req=0 ready=1 rsp=0 stall_cyc=90 | DCACHE: req=0 ready=1 rsp=0 stall_cyc=24 | PC=0x80000360 instr=0x00a282b3 ebreak_seen=0 exit_addr_seen=0
# [TB_STATUS @ 273855000] cyc=27000 mem=2398 busy=1 idle=3
# [TB_PROBE_AXI @ 273855000] cyc=27000 per_cluster_busy=1 dut_busy=1 ebreak_detect=0 axi_idle=1 mem_idle=1
# [TB_PROBE_PIPELINE @ 273855000] cyc=27000 | ICACHE: req=0 ready=1 rsp=0 stall_cyc=90 | DCACHE: req=0 ready=1 rsp=0 stall_cyc=24 | PC=0x80000360 instr=0xfc0e88e3 ebreak_seen=0 exit_addr_seen=0
# [TB_STATUS @ 283855000] cyc=28000 mem=2470 busy=1 idle=2
# [TB_PROBE_AXI @ 283855000] cyc=28000 per_cluster_busy=1 dut_busy=1 ebreak_detect=0 axi_idle=0 mem_idle=1
# [TB_PROBE_PIPELINE @ 283855000] cyc=28000 | ICACHE: req=1 ready=1 rsp=0 stall_cyc=90 | DCACHE: req=0 ready=1 rsp=0 stall_cyc=24 | PC=0x80000360 instr=0xfc0e88e3 ebreak_seen=0 exit_addr_seen=0
# [TB_STATUS @ 293855000] cyc=29000 mem=2550 busy=1 idle=8
# [TB_PROBE_AXI @ 293855000] cyc=29000 per_cluster_busy=1 dut_busy=1 ebreak_detect=0 axi_idle=1 mem_idle=1
# [TB_PROBE_PIPELINE @ 293855000] cyc=29000 | ICACHE: req=0 ready=1 rsp=0 stall_cyc=90 | DCACHE: req=0 ready=1 rsp=0 stall_cyc=24 | PC=0x80000360 instr=0xfc0e88e3 ebreak_seen=0 exit_addr_seen=0
# [TB_STATUS @ 303855000] cyc=30000 mem=2623 busy=1 idle=1
# [TB_PROBE_AXI @ 303855000] cyc=30000 per_cluster_busy=1 dut_busy=1 ebreak_detect=0 axi_idle=0 mem_idle=1
# [TB_PROBE_PIPELINE @ 303855000] cyc=30000 | ICACHE: req=0 ready=1 rsp=0 stall_cyc=90 | DCACHE: req=0 ready=1 rsp=0 stall_cyc=24 | PC=0x80000360 instr=0xfc0e88e3 ebreak_seen=0 exit_addr_seen=0
# [TB_STATUS @ 313855000] cyc=31000 mem=2702 busy=1 idle=4
# [TB_PROBE_AXI @ 313855000] cyc=31000 per_cluster_busy=1 dut_busy=1 ebreak_detect=0 axi_idle=1 mem_idle=1
# [TB_PROBE_PIPELINE @ 313855000] cyc=31000 | ICACHE: req=0 ready=1 rsp=0 stall_cyc=90 | DCACHE: req=0 ready=1 rsp=0 stall_cyc=24 | PC=0x80000360 instr=0xfc0e88e3 ebreak_seen=0 exit_addr_seen=0
# [TB_STATUS @ 323855000] cyc=32000 mem=2776 busy=1 idle=0
# [TB_PROBE_AXI @ 323855000] cyc=32000 per_cluster_busy=1 dut_busy=1 ebreak_detect=0 axi_idle=0 mem_idle=1
# [TB_PROBE_PIPELINE @ 323855000] cyc=32000 | ICACHE: req=0 ready=1 rsp=0 stall_cyc=90 | DCACHE: req=0 ready=1 rsp=0 stall_cyc=24 | PC=0x80000360 instr=0xfc0e88e3 ebreak_seen=0 exit_addr_seen=0
# [TB_STATUS @ 333855000] cyc=33000 mem=2854 busy=1 idle=9
# [TB_PROBE_AXI @ 333855000] cyc=33000 per_cluster_busy=1 dut_busy=1 ebreak_detect=0 axi_idle=1 mem_idle=1
# [TB_PROBE_PIPELINE @ 333855000] cyc=33000 | ICACHE: req=0 ready=1 rsp=0 stall_cyc=90 | DCACHE: req=0 ready=1 rsp=0 stall_cyc=24 | PC=0x80000360 instr=0xfc0e88e3 ebreak_seen=0 exit_addr_seen=0
# [TB_STATUS @ 343855000] cyc=34000 mem=2929 busy=1 idle=3
# [TB_PROBE_AXI @ 343855000] cyc=34000 per_cluster_busy=1 dut_busy=1 ebreak_detect=0 axi_idle=0 mem_idle=1
# [TB_PROBE_PIPELINE @ 343855000] cyc=34000 | ICACHE: req=0 ready=1 rsp=1 stall_cyc=90 | DCACHE: req=1 ready=1 rsp=0 stall_cyc=24 | PC=0x8000350c instr=0x00c32c23 ebreak_seen=0 exit_addr_seen=0
# [TB_STATUS @ 353855000] cyc=35000 mem=3006 busy=1 idle=3
# [TB_PROBE_AXI @ 353855000] cyc=35000 per_cluster_busy=1 dut_busy=1 ebreak_detect=0 axi_idle=1 mem_idle=1
# [TB_PROBE_PIPELINE @ 353855000] cyc=35000 | ICACHE: req=0 ready=1 rsp=0 stall_cyc=90 | DCACHE: req=0 ready=1 rsp=0 stall_cyc=24 | PC=0x80000360 instr=0xfc0e88e3 ebreak_seen=0 exit_addr_seen=0
# [TB_STATUS @ 363855000] cyc=36000 mem=3082 busy=1 idle=1
# [TB_PROBE_AXI @ 363855000] cyc=36000 per_cluster_busy=1 dut_busy=1 ebreak_detect=0 axi_idle=0 mem_idle=1
# [TB_PROBE_PIPELINE @ 363855000] cyc=36000 | ICACHE: req=0 ready=1 rsp=0 stall_cyc=90 | DCACHE: req=0 ready=1 rsp=0 stall_cyc=24 | PC=0x80000360 instr=0xfc0e88e3 ebreak_seen=0 exit_addr_seen=0
# [TB_STATUS @ 373855000] cyc=37000 mem=3158 busy=1 idle=8
# [TB_PROBE_AXI @ 373855000] cyc=37000 per_cluster_busy=1 dut_busy=1 ebreak_detect=0 axi_idle=1 mem_idle=1
# [TB_PROBE_PIPELINE @ 373855000] cyc=37000 | ICACHE: req=0 ready=1 rsp=0 stall_cyc=90 | DCACHE: req=0 ready=1 rsp=0 stall_cyc=24 | PC=0x80000360 instr=0xfc0e88e3 ebreak_seen=0 exit_addr_seen=0
# [TB_STATUS @ 383855000] cyc=38000 mem=3235 busy=1 idle=1
# [TB_PROBE_AXI @ 383855000] cyc=38000 per_cluster_busy=1 dut_busy=1 ebreak_detect=0 axi_idle=1 mem_idle=1
# [TB_PROBE_PIPELINE @ 383855000] cyc=38000 | ICACHE: req=0 ready=1 rsp=0 stall_cyc=90 | DCACHE: req=0 ready=1 rsp=0 stall_cyc=24 | PC=0x80000360 instr=0xfc0e88e3 ebreak_seen=0 exit_addr_seen=0
# [TB_STATUS @ 393855000] cyc=39000 mem=3310 busy=1 idle=0
# [TB_PROBE_AXI @ 393855000] cyc=39000 per_cluster_busy=1 dut_busy=1 ebreak_detect=0 axi_idle=1 mem_idle=1
# [TB_PROBE_PIPELINE @ 393855000] cyc=39000 | ICACHE: req=0 ready=1 rsp=0 stall_cyc=90 | DCACHE: req=0 ready=1 rsp=0 stall_cyc=24 | PC=0x80000360 instr=0xfc0e88e3 ebreak_seen=0 exit_addr_seen=0
# [TB_STATUS @ 403855000] cyc=40000 mem=3387 busy=1 idle=2
# [TB_PROBE_AXI @ 403855000] cyc=40000 per_cluster_busy=1 dut_busy=1 ebreak_detect=0 axi_idle=0 mem_idle=1
# [TB_PROBE_PIPELINE @ 403855000] cyc=40000 | ICACHE: req=1 ready=1 rsp=0 stall_cyc=90 | DCACHE: req=0 ready=1 rsp=0 stall_cyc=24 | PC=0x80000360 instr=0xfc0e88e3 ebreak_seen=0 exit_addr_seen=0
# [TB_STATUS @ 413855000] cyc=41000 mem=3462 busy=1 idle=5
# [TB_PROBE_AXI @ 413855000] cyc=41000 per_cluster_busy=1 dut_busy=1 ebreak_detect=0 axi_idle=1 mem_idle=1
# [TB_PROBE_PIPELINE @ 413855000] cyc=41000 | ICACHE: req=0 ready=1 rsp=0 stall_cyc=90 | DCACHE: req=0 ready=1 rsp=0 stall_cyc=24 | PC=0x80000360 instr=0x00a282b3 ebreak_seen=0 exit_addr_seen=0
# [TB_STATUS @ 423855000] cyc=42000 mem=3540 busy=1 idle=1
# [TB_PROBE_AXI @ 423855000] cyc=42000 per_cluster_busy=1 dut_busy=1 ebreak_detect=0 axi_idle=0 mem_idle=1
# [TB_PROBE_PIPELINE @ 423855000] cyc=42000 | ICACHE: req=0 ready=1 rsp=0 stall_cyc=90 | DCACHE: req=0 ready=1 rsp=0 stall_cyc=24 | PC=0x80000360 instr=0xfc0e88e3 ebreak_seen=0 exit_addr_seen=0
# [TB_STATUS @ 433855000] cyc=43000 mem=3614 busy=1 idle=10
# [TB_PROBE_AXI @ 433855000] cyc=43000 per_cluster_busy=1 dut_busy=1 ebreak_detect=0 axi_idle=1 mem_idle=1
# [TB_PROBE_PIPELINE @ 433855000] cyc=43000 | ICACHE: req=0 ready=1 rsp=1 stall_cyc=90 | DCACHE: req=0 ready=1 rsp=0 stall_cyc=24 | PC=0x800034f8 instr=0x00c32223 ebreak_seen=0 exit_addr_seen=0
# [TB_STATUS @ 443855000] cyc=44000 mem=3693 busy=1 idle=2
# [TB_PROBE_AXI @ 443855000] cyc=44000 per_cluster_busy=1 dut_busy=1 ebreak_detect=0 axi_idle=0 mem_idle=1
# [TB_PROBE_PIPELINE @ 443855000] cyc=44000 | ICACHE: req=0 ready=1 rsp=0 stall_cyc=90 | DCACHE: req=0 ready=1 rsp=0 stall_cyc=24 | PC=0x80000360 instr=0xfc0e88e3 ebreak_seen=0 exit_addr_seen=0
# [TB_STATUS @ 453855000] cyc=45000 mem=3766 busy=1 idle=15
# [TB_PROBE_AXI @ 453855000] cyc=45000 per_cluster_busy=1 dut_busy=1 ebreak_detect=0 axi_idle=1 mem_idle=1
# [TB_PROBE_PIPELINE @ 453855000] cyc=45000 | ICACHE: req=0 ready=1 rsp=0 stall_cyc=90 | DCACHE: req=0 ready=1 rsp=0 stall_cyc=24 | PC=0x80000360 instr=0x00a282b3 ebreak_seen=0 exit_addr_seen=0
# [TB_STATUS @ 463855000] cyc=46000 mem=3846 busy=1 idle=3
# [TB_PROBE_AXI @ 463855000] cyc=46000 per_cluster_busy=1 dut_busy=1 ebreak_detect=0 axi_idle=1 mem_idle=1
# [TB_PROBE_PIPELINE @ 463855000] cyc=46000 | ICACHE: req=0 ready=1 rsp=1 stall_cyc=90 | DCACHE: req=0 ready=1 rsp=0 stall_cyc=24 | PC=0x80003520 instr=0x007ed08b ebreak_seen=0 exit_addr_seen=0
# [TB_STATUS @ 473855000] cyc=47000 mem=3918 busy=1 idle=3
# [TB_PROBE_AXI @ 473855000] cyc=47000 per_cluster_busy=1 dut_busy=1 ebreak_detect=0 axi_idle=1 mem_idle=1
# [TB_PROBE_PIPELINE @ 473855000] cyc=47000 | ICACHE: req=0 ready=1 rsp=0 stall_cyc=90 | DCACHE: req=0 ready=1 rsp=0 stall_cyc=24 | PC=0x80000360 instr=0x00a282b3 ebreak_seen=0 exit_addr_seen=0
# [TB_STATUS @ 483855000] cyc=48000 mem=3998 busy=1 idle=3
# [TB_PROBE_AXI @ 483855000] cyc=48000 per_cluster_busy=1 dut_busy=1 ebreak_detect=0 axi_idle=1 mem_idle=1
# [TB_PROBE_PIPELINE @ 483855000] cyc=48000 | ICACHE: req=0 ready=1 rsp=0 stall_cyc=90 | DCACHE: req=0 ready=1 rsp=0 stall_cyc=24 | PC=0x80000360 instr=0xfc0e88e3 ebreak_seen=0 exit_addr_seen=0
# [TB_STATUS @ 493855000] cyc=49000 mem=4070 busy=1 idle=2
# [TB_PROBE_AXI @ 493855000] cyc=49000 per_cluster_busy=1 dut_busy=1 ebreak_detect=0 axi_idle=0 mem_idle=1
# [TB_PROBE_PIPELINE @ 493855000] cyc=49000 | ICACHE: req=1 ready=1 rsp=0 stall_cyc=90 | DCACHE: req=0 ready=1 rsp=0 stall_cyc=24 | PC=0x80000360 instr=0xfc0e88e3 ebreak_seen=0 exit_addr_seen=0
# [TB_STATUS @ 503855000] cyc=50000 mem=4150 busy=1 idle=8
# [TB_PROBE_AXI @ 503855000] cyc=50000 per_cluster_busy=1 dut_busy=1 ebreak_detect=0 axi_idle=1 mem_idle=1
# [TB_PROBE_PIPELINE @ 503855000] cyc=50000 | ICACHE: req=0 ready=1 rsp=0 stall_cyc=90 | DCACHE: req=0 ready=1 rsp=0 stall_cyc=24 | PC=0x80000360 instr=0xfc0e88e3 ebreak_seen=0 exit_addr_seen=0
# [TB_STATUS @ 513855000] cyc=51000 mem=4223 busy=1 idle=1
# [TB_PROBE_AXI @ 513855000] cyc=51000 per_cluster_busy=1 dut_busy=1 ebreak_detect=0 axi_idle=0 mem_idle=1
# [TB_PROBE_PIPELINE @ 513855000] cyc=51000 | ICACHE: req=0 ready=1 rsp=0 stall_cyc=90 | DCACHE: req=0 ready=1 rsp=0 stall_cyc=24 | PC=0x80000360 instr=0xfc0e88e3 ebreak_seen=0 exit_addr_seen=0
# [TB_STATUS @ 523855000] cyc=52000 mem=4302 busy=1 idle=4
# [TB_PROBE_AXI @ 523855000] cyc=52000 per_cluster_busy=1 dut_busy=1 ebreak_detect=0 axi_idle=1 mem_idle=1
# [TB_PROBE_PIPELINE @ 523855000] cyc=52000 | ICACHE: req=0 ready=1 rsp=0 stall_cyc=90 | DCACHE: req=0 ready=1 rsp=0 stall_cyc=24 | PC=0x80000360 instr=0xfc0e88e3 ebreak_seen=0 exit_addr_seen=0
# [TB_STATUS @ 533855000] cyc=53000 mem=4376 busy=1 idle=0
# [TB_PROBE_AXI @ 533855000] cyc=53000 per_cluster_busy=1 dut_busy=1 ebreak_detect=0 axi_idle=0 mem_idle=1
# [TB_PROBE_PIPELINE @ 533855000] cyc=53000 | ICACHE: req=0 ready=1 rsp=0 stall_cyc=90 | DCACHE: req=0 ready=1 rsp=0 stall_cyc=24 | PC=0x80000360 instr=0xfc0e88e3 ebreak_seen=0 exit_addr_seen=0
# [TB_STATUS @ 543855000] cyc=54000 mem=4454 busy=1 idle=9
# [TB_PROBE_AXI @ 543855000] cyc=54000 per_cluster_busy=1 dut_busy=1 ebreak_detect=0 axi_idle=1 mem_idle=1
# [TB_PROBE_PIPELINE @ 543855000] cyc=54000 | ICACHE: req=0 ready=1 rsp=0 stall_cyc=90 | DCACHE: req=0 ready=1 rsp=0 stall_cyc=24 | PC=0x80000360 instr=0xfc0e88e3 ebreak_seen=0 exit_addr_seen=0
# [TB_STATUS @ 553855000] cyc=55000 mem=4529 busy=1 idle=3
# [TB_PROBE_AXI @ 553855000] cyc=55000 per_cluster_busy=1 dut_busy=1 ebreak_detect=0 axi_idle=0 mem_idle=1
# [TB_PROBE_PIPELINE @ 553855000] cyc=55000 | ICACHE: req=0 ready=1 rsp=1 stall_cyc=90 | DCACHE: req=1 ready=1 rsp=0 stall_cyc=24 | PC=0x8000350c instr=0x00c32c23 ebreak_seen=0 exit_addr_seen=0
# [TB_STATUS @ 563855000] cyc=56000 mem=4606 busy=1 idle=3
# [TB_PROBE_AXI @ 563855000] cyc=56000 per_cluster_busy=1 dut_busy=1 ebreak_detect=0 axi_idle=1 mem_idle=1
# [TB_PROBE_PIPELINE @ 563855000] cyc=56000 | ICACHE: req=0 ready=1 rsp=0 stall_cyc=90 | DCACHE: req=0 ready=1 rsp=0 stall_cyc=24 | PC=0x80000360 instr=0xfc0e88e3 ebreak_seen=0 exit_addr_seen=0
# [TB_STATUS @ 573855000] cyc=57000 mem=4682 busy=1 idle=1
# [TB_PROBE_AXI @ 573855000] cyc=57000 per_cluster_busy=1 dut_busy=1 ebreak_detect=0 axi_idle=0 mem_idle=1
# [TB_PROBE_PIPELINE @ 573855000] cyc=57000 | ICACHE: req=0 ready=1 rsp=0 stall_cyc=90 | DCACHE: req=0 ready=1 rsp=0 stall_cyc=24 | PC=0x80000360 instr=0xfc0e88e3 ebreak_seen=0 exit_addr_seen=0
# [TB_STATUS @ 583855000] cyc=58000 mem=4724 busy=1 idle=2
# [TB_PROBE_AXI @ 583855000] cyc=58000 per_cluster_busy=1 dut_busy=1 ebreak_detect=0 axi_idle=1 mem_idle=1
# [TB_PROBE_PIPELINE @ 583855000] cyc=58000 | ICACHE: req=1 ready=1 rsp=0 stall_cyc=90 | DCACHE: req=0 ready=1 rsp=0 stall_cyc=24 | PC=0x80000360 instr=0x00c5c7b3 ebreak_seen=0 exit_addr_seen=0
# [TB_STATUS @ 593855000] cyc=59000 mem=4739 busy=1 idle=2
# [TB_PROBE_AXI @ 593855000] cyc=59000 per_cluster_busy=1 dut_busy=1 ebreak_detect=0 axi_idle=0 mem_idle=1
# [TB_PROBE_PIPELINE @ 593855000] cyc=59000 | ICACHE: req=0 ready=1 rsp=0 stall_cyc=90 | DCACHE: req=0 ready=1 rsp=0 stall_cyc=24 | PC=0x80000360 instr=0x00c5c7b3 ebreak_seen=0 exit_addr_seen=0
# [TB_STATUS @ 603855000] cyc=60000 mem=4755 busy=1 idle=0
# [TB_PROBE_AXI @ 603855000] cyc=60000 per_cluster_busy=1 dut_busy=1 ebreak_detect=0 axi_idle=1 mem_idle=1
# [TB_PROBE_PIPELINE @ 603855000] cyc=60000 | ICACHE: req=0 ready=1 rsp=0 stall_cyc=90 | DCACHE: req=0 ready=1 rsp=0 stall_cyc=24 | PC=0x80000360 instr=0x00c5c7b3 ebreak_seen=0 exit_addr_seen=0
# [TB_STATUS @ 613855000] cyc=61000 mem=4770 busy=1 idle=1
# [TB_PROBE_AXI @ 613855000] cyc=61000 per_cluster_busy=1 dut_busy=1 ebreak_detect=0 axi_idle=1 mem_idle=1
# [TB_PROBE_PIPELINE @ 613855000] cyc=61000 | ICACHE: req=0 ready=1 rsp=0 stall_cyc=90 | DCACHE: req=0 ready=1 rsp=0 stall_cyc=24 | PC=0x80000360 instr=0x00c5c7b3 ebreak_seen=0 exit_addr_seen=0
# [TB_STATUS @ 623855000] cyc=62000 mem=4785 busy=1 idle=0
# [TB_PROBE_AXI @ 623855000] cyc=62000 per_cluster_busy=1 dut_busy=1 ebreak_detect=0 axi_idle=1 mem_idle=1
# [TB_PROBE_PIPELINE @ 623855000] cyc=62000 | ICACHE: req=0 ready=1 rsp=0 stall_cyc=90 | DCACHE: req=0 ready=1 rsp=0 stall_cyc=24 | PC=0x80000360 instr=0x00c5c7b3 ebreak_seen=0 exit_addr_seen=0
# [TB_STATUS @ 633855000] cyc=63000 mem=4800 busy=1 idle=10
# [TB_PROBE_AXI @ 633855000] cyc=63000 per_cluster_busy=1 dut_busy=1 ebreak_detect=0 axi_idle=1 mem_idle=1
# [TB_PROBE_PIPELINE @ 633855000] cyc=63000 | ICACHE: req=0 ready=1 rsp=0 stall_cyc=90 | DCACHE: req=0 ready=1 rsp=0 stall_cyc=24 | PC=0x80000360 instr=0x00c5c7b3 ebreak_seen=0 exit_addr_seen=0
# [TB_STATUS @ 643855000] cyc=64000 mem=4815 busy=1 idle=7
# [TB_PROBE_AXI @ 643855000] cyc=64000 per_cluster_busy=1 dut_busy=1 ebreak_detect=0 axi_idle=1 mem_idle=1
# [TB_PROBE_PIPELINE @ 643855000] cyc=64000 | ICACHE: req=1 ready=1 rsp=0 stall_cyc=90 | DCACHE: req=0 ready=1 rsp=0 stall_cyc=24 | PC=0x80000360 instr=0x00c5c7b3 ebreak_seen=0 exit_addr_seen=0
# [TB_STATUS @ 653855000] cyc=65000 mem=4830 busy=1 idle=0
# [TB_PROBE_AXI @ 653855000] cyc=65000 per_cluster_busy=1 dut_busy=1 ebreak_detect=0 axi_idle=1 mem_idle=1
# [TB_PROBE_PIPELINE @ 653855000] cyc=65000 | ICACHE: req=0 ready=1 rsp=0 stall_cyc=90 | DCACHE: req=0 ready=1 rsp=0 stall_cyc=24 | PC=0x80000360 instr=0x00c5c7b3 ebreak_seen=0 exit_addr_seen=0
# [TB_STATUS @ 663855000] cyc=66000 mem=4846 busy=1 idle=0
# [TB_PROBE_AXI @ 663855000] cyc=66000 per_cluster_busy=1 dut_busy=1 ebreak_detect=0 axi_idle=1 mem_idle=1
# [TB_PROBE_PIPELINE @ 663855000] cyc=66000 | ICACHE: req=0 ready=1 rsp=0 stall_cyc=90 | DCACHE: req=0 ready=1 rsp=0 stall_cyc=24 | PC=0x80000360 instr=0x00c5c7b3 ebreak_seen=0 exit_addr_seen=0
# [TB_STATUS @ 673855000] cyc=67000 mem=4861 busy=1 idle=4
# [TB_PROBE_AXI @ 673855000] cyc=67000 per_cluster_busy=1 dut_busy=1 ebreak_detect=0 axi_idle=1 mem_idle=1
# [TB_PROBE_PIPELINE @ 673855000] cyc=67000 | ICACHE: req=0 ready=1 rsp=0 stall_cyc=90 | DCACHE: req=0 ready=1 rsp=0 stall_cyc=24 | PC=0x80000360 instr=0x00c5c7b3 ebreak_seen=0 exit_addr_seen=0
# [TB_STATUS @ 683855000] cyc=68000 mem=4876 busy=1 idle=5
# [TB_PROBE_AXI @ 683855000] cyc=68000 per_cluster_busy=1 dut_busy=1 ebreak_detect=0 axi_idle=1 mem_idle=1
# [TB_PROBE_PIPELINE @ 683855000] cyc=68000 | ICACHE: req=0 ready=1 rsp=0 stall_cyc=90 | DCACHE: req=0 ready=1 rsp=0 stall_cyc=24 | PC=0x80000360 instr=0x00c5c7b3 ebreak_seen=0 exit_addr_seen=0
# [TB_STATUS @ 693855000] cyc=69000 mem=4891 busy=1 idle=4
# [TB_PROBE_AXI @ 693855000] cyc=69000 per_cluster_busy=1 dut_busy=1 ebreak_detect=0 axi_idle=1 mem_idle=1
# [TB_PROBE_PIPELINE @ 693855000] cyc=69000 | ICACHE: req=0 ready=1 rsp=0 stall_cyc=90 | DCACHE: req=0 ready=1 rsp=0 stall_cyc=24 | PC=0x80000360 instr=0x00c5c7b3 ebreak_seen=0 exit_addr_seen=0
# [TB_STATUS @ 703855000] cyc=70000 mem=4906 busy=1 idle=1
# [TB_PROBE_AXI @ 703855000] cyc=70000 per_cluster_busy=1 dut_busy=1 ebreak_detect=0 axi_idle=1 mem_idle=1
# [TB_PROBE_PIPELINE @ 703855000] cyc=70000 | ICACHE: req=1 ready=1 rsp=0 stall_cyc=90 | DCACHE: req=0 ready=1 rsp=0 stall_cyc=24 | PC=0x80000360 instr=0x00c5c7b3 ebreak_seen=0 exit_addr_seen=0
# [TB_STATUS @ 713855000] cyc=71000 mem=4921 busy=1 idle=11
# [TB_PROBE_AXI @ 713855000] cyc=71000 per_cluster_busy=1 dut_busy=1 ebreak_detect=0 axi_idle=1 mem_idle=1
# [TB_PROBE_PIPELINE @ 713855000] cyc=71000 | ICACHE: req=0 ready=1 rsp=0 stall_cyc=90 | DCACHE: req=0 ready=1 rsp=0 stall_cyc=24 | PC=0x80000360 instr=0x00c5c7b3 ebreak_seen=0 exit_addr_seen=0
# [TB_STATUS @ 723855000] cyc=72000 mem=4936 busy=1 idle=0
# [TB_PROBE_AXI @ 723855000] cyc=72000 per_cluster_busy=1 dut_busy=1 ebreak_detect=0 axi_idle=0 mem_idle=1
# [TB_PROBE_PIPELINE @ 723855000] cyc=72000 | ICACHE: req=0 ready=1 rsp=0 stall_cyc=90 | DCACHE: req=0 ready=1 rsp=0 stall_cyc=24 | PC=0x80000360 instr=0x00c5c7b3 ebreak_seen=0 exit_addr_seen=0
# [TB_STATUS @ 733855000] cyc=73000 mem=4952 busy=1 idle=4
# [TB_PROBE_AXI @ 733855000] cyc=73000 per_cluster_busy=1 dut_busy=1 ebreak_detect=0 axi_idle=1 mem_idle=1
# [TB_PROBE_PIPELINE @ 733855000] cyc=73000 | ICACHE: req=1 ready=1 rsp=0 stall_cyc=90 | DCACHE: req=0 ready=1 rsp=0 stall_cyc=24 | PC=0x80000360 instr=0x00c5c7b3 ebreak_seen=0 exit_addr_seen=0
# [TB_STATUS @ 743855000] cyc=74000 mem=4967 busy=1 idle=8
# [TB_PROBE_AXI @ 743855000] cyc=74000 per_cluster_busy=1 dut_busy=1 ebreak_detect=0 axi_idle=1 mem_idle=1
# [TB_PROBE_PIPELINE @ 743855000] cyc=74000 | ICACHE: req=0 ready=1 rsp=0 stall_cyc=90 | DCACHE: req=0 ready=1 rsp=0 stall_cyc=24 | PC=0x80000360 instr=0x00c5c7b3 ebreak_seen=0 exit_addr_seen=0
# [TB_STATUS @ 753855000] cyc=75000 mem=4982 busy=1 idle=9
# [TB_PROBE_AXI @ 753855000] cyc=75000 per_cluster_busy=1 dut_busy=1 ebreak_detect=0 axi_idle=1 mem_idle=1
# [TB_PROBE_PIPELINE @ 753855000] cyc=75000 | ICACHE: req=0 ready=1 rsp=0 stall_cyc=90 | DCACHE: req=0 ready=1 rsp=0 stall_cyc=24 | PC=0x80000360 instr=0x00c5c7b3 ebreak_seen=0 exit_addr_seen=0
# [TB_STATUS @ 763855000] cyc=76000 mem=4997 busy=1 idle=8
# [TB_PROBE_AXI @ 763855000] cyc=76000 per_cluster_busy=1 dut_busy=1 ebreak_detect=0 axi_idle=1 mem_idle=1
# [TB_PROBE_PIPELINE @ 763855000] cyc=76000 | ICACHE: req=0 ready=1 rsp=0 stall_cyc=90 | DCACHE: req=0 ready=1 rsp=0 stall_cyc=24 | PC=0x80000360 instr=0x00c5c7b3 ebreak_seen=0 exit_addr_seen=0
# [TB_STATUS @ 773855000] cyc=77000 mem=5012 busy=1 idle=5
# [TB_PROBE_AXI @ 773855000] cyc=77000 per_cluster_busy=1 dut_busy=1 ebreak_detect=0 axi_idle=1 mem_idle=1
# [TB_PROBE_PIPELINE @ 773855000] cyc=77000 | ICACHE: req=0 ready=1 rsp=0 stall_cyc=90 | DCACHE: req=0 ready=1 rsp=0 stall_cyc=24 | PC=0x80000360 instr=0x00c5c7b3 ebreak_seen=0 exit_addr_seen=0
# [TB_STATUS @ 783855000] cyc=78000 mem=5027 busy=1 idle=15
# [TB_PROBE_AXI @ 783855000] cyc=78000 per_cluster_busy=1 dut_busy=1 ebreak_detect=0 axi_idle=1 mem_idle=1
# [TB_PROBE_PIPELINE @ 783855000] cyc=78000 | ICACHE: req=0 ready=1 rsp=0 stall_cyc=90 | DCACHE: req=0 ready=1 rsp=0 stall_cyc=24 | PC=0x80000360 instr=0x00c5c7b3 ebreak_seen=0 exit_addr_seen=0
# [TB_STATUS @ 793855000] cyc=79000 mem=5042 busy=1 idle=4
# [TB_PROBE_AXI @ 793855000] cyc=79000 per_cluster_busy=1 dut_busy=1 ebreak_detect=0 axi_idle=0 mem_idle=1
# [TB_PROBE_PIPELINE @ 793855000] cyc=79000 | ICACHE: req=1 ready=1 rsp=0 stall_cyc=90 | DCACHE: req=0 ready=1 rsp=0 stall_cyc=24 | PC=0x80000360 instr=0x00c5c7b3 ebreak_seen=0 exit_addr_seen=0
# [TB_STATUS @ 803855000] cyc=80000 mem=5058 busy=1 idle=2
# [TB_PROBE_AXI @ 803855000] cyc=80000 per_cluster_busy=1 dut_busy=1 ebreak_detect=0 axi_idle=1 mem_idle=1
# [TB_PROBE_PIPELINE @ 803855000] cyc=80000 | ICACHE: req=0 ready=1 rsp=0 stall_cyc=90 | DCACHE: req=0 ready=1 rsp=0 stall_cyc=24 | PC=0x80000360 instr=0x00c5c7b3 ebreak_seen=0 exit_addr_seen=0
# [TB_STATUS @ 813855000] cyc=81000 mem=5073 busy=1 idle=3
# [TB_PROBE_AXI @ 813855000] cyc=81000 per_cluster_busy=1 dut_busy=1 ebreak_detect=0 axi_idle=1 mem_idle=1
# [TB_PROBE_PIPELINE @ 813855000] cyc=81000 | ICACHE: req=0 ready=1 rsp=0 stall_cyc=90 | DCACHE: req=0 ready=1 rsp=0 stall_cyc=24 | PC=0x80000360 instr=0x00c5c7b3 ebreak_seen=0 exit_addr_seen=0
# [TB_STATUS @ 823855000] cyc=82000 mem=5088 busy=1 idle=2
# [TB_PROBE_AXI @ 823855000] cyc=82000 per_cluster_busy=1 dut_busy=1 ebreak_detect=0 axi_idle=1 mem_idle=1
# [TB_PROBE_PIPELINE @ 823855000] cyc=82000 | ICACHE: req=0 ready=1 rsp=1 stall_cyc=90 | DCACHE: req=0 ready=1 rsp=0 stall_cyc=24 | PC=0x800001b0 instr=0xfe0784e3 ebreak_seen=0 exit_addr_seen=0
# [TB_STATUS @ 833855000] cyc=83000 mem=5103 busy=1 idle=12
# [TB_PROBE_AXI @ 833855000] cyc=83000 per_cluster_busy=1 dut_busy=1 ebreak_detect=0 axi_idle=1 mem_idle=1
# [TB_PROBE_PIPELINE @ 833855000] cyc=83000 | ICACHE: req=0 ready=1 rsp=0 stall_cyc=90 | DCACHE: req=0 ready=1 rsp=0 stall_cyc=24 | PC=0x80000360 instr=0x00c5c7b3 ebreak_seen=0 exit_addr_seen=0
# [TB_STATUS @ 843855000] cyc=84000 mem=5118 busy=1 idle=9
# [TB_PROBE_AXI @ 843855000] cyc=84000 per_cluster_busy=1 dut_busy=1 ebreak_detect=0 axi_idle=1 mem_idle=1
# [TB_PROBE_PIPELINE @ 843855000] cyc=84000 | ICACHE: req=0 ready=1 rsp=0 stall_cyc=90 | DCACHE: req=0 ready=1 rsp=0 stall_cyc=24 | PC=0x80000360 instr=0x00c5c7b3 ebreak_seen=0 exit_addr_seen=0
# [TB_STATUS @ 853855000] cyc=85000 mem=5133 busy=1 idle=2
# [TB_PROBE_AXI @ 853855000] cyc=85000 per_cluster_busy=1 dut_busy=1 ebreak_detect=0 axi_idle=1 mem_idle=1
# [TB_PROBE_PIPELINE @ 853855000] cyc=85000 | ICACHE: req=1 ready=1 rsp=0 stall_cyc=90 | DCACHE: req=0 ready=1 rsp=0 stall_cyc=24 | PC=0x80000360 instr=0x00c5c7b3 ebreak_seen=0 exit_addr_seen=0
# [TB_STATUS @ 863855000] cyc=86000 mem=5149 busy=1 idle=2
# [TB_PROBE_AXI @ 863855000] cyc=86000 per_cluster_busy=1 dut_busy=1 ebreak_detect=0 axi_idle=1 mem_idle=1
# [TB_PROBE_PIPELINE @ 863855000] cyc=86000 | ICACHE: req=0 ready=1 rsp=0 stall_cyc=90 | DCACHE: req=0 ready=1 rsp=0 stall_cyc=24 | PC=0x80000360 instr=0x00c5c7b3 ebreak_seen=0 exit_addr_seen=0
# [TB_STATUS @ 873855000] cyc=87000 mem=5164 busy=1 idle=6
# [TB_PROBE_AXI @ 873855000] cyc=87000 per_cluster_busy=1 dut_busy=1 ebreak_detect=0 axi_idle=1 mem_idle=1
# [TB_PROBE_PIPELINE @ 873855000] cyc=87000 | ICACHE: req=0 ready=1 rsp=0 stall_cyc=90 | DCACHE: req=0 ready=1 rsp=0 stall_cyc=24 | PC=0x80000360 instr=0x00c5c7b3 ebreak_seen=0 exit_addr_seen=0
# [TB_STATUS @ 883855000] cyc=88000 mem=5179 busy=1 idle=7
# [TB_PROBE_AXI @ 883855000] cyc=88000 per_cluster_busy=1 dut_busy=1 ebreak_detect=0 axi_idle=1 mem_idle=1
# [TB_PROBE_PIPELINE @ 883855000] cyc=88000 | ICACHE: req=0 ready=1 rsp=0 stall_cyc=90 | DCACHE: req=0 ready=1 rsp=0 stall_cyc=24 | PC=0x80000360 instr=0x00c5c7b3 ebreak_seen=0 exit_addr_seen=0
# [TB_STATUS @ 893855000] cyc=89000 mem=5194 busy=1 idle=6
# [TB_PROBE_AXI @ 893855000] cyc=89000 per_cluster_busy=1 dut_busy=1 ebreak_detect=0 axi_idle=1 mem_idle=1
# [TB_PROBE_PIPELINE @ 893855000] cyc=89000 | ICACHE: req=0 ready=1 rsp=0 stall_cyc=90 | DCACHE: req=0 ready=1 rsp=0 stall_cyc=24 | PC=0x80000360 instr=0x00c5c7b3 ebreak_seen=0 exit_addr_seen=0
# [TB_STATUS @ 903855000] cyc=90000 mem=5209 busy=1 idle=3
# [TB_PROBE_AXI @ 903855000] cyc=90000 per_cluster_busy=1 dut_busy=1 ebreak_detect=0 axi_idle=1 mem_idle=1
# [TB_PROBE_PIPELINE @ 903855000] cyc=90000 | ICACHE: req=0 ready=1 rsp=0 stall_cyc=90 | DCACHE: req=0 ready=1 rsp=0 stall_cyc=24 | PC=0x80000360 instr=0x00c5c7b3 ebreak_seen=0 exit_addr_seen=0
# [TB_STATUS @ 913855000] cyc=91000 mem=5224 busy=1 idle=13
# [TB_PROBE_AXI @ 913855000] cyc=91000 per_cluster_busy=1 dut_busy=1 ebreak_detect=0 axi_idle=1 mem_idle=1
# [TB_PROBE_PIPELINE @ 913855000] cyc=91000 | ICACHE: req=1 ready=1 rsp=0 stall_cyc=90 | DCACHE: req=0 ready=1 rsp=0 stall_cyc=24 | PC=0x80000360 instr=0x00c5c7b3 ebreak_seen=0 exit_addr_seen=0
# [TB_STATUS @ 923855000] cyc=92000 mem=5239 busy=1 idle=2
# [TB_PROBE_AXI @ 923855000] cyc=92000 per_cluster_busy=1 dut_busy=1 ebreak_detect=0 axi_idle=0 mem_idle=1
# [TB_PROBE_PIPELINE @ 923855000] cyc=92000 | ICACHE: req=0 ready=1 rsp=0 stall_cyc=90 | DCACHE: req=0 ready=1 rsp=0 stall_cyc=24 | PC=0x80000360 instr=0x00c5c7b3 ebreak_seen=0 exit_addr_seen=0
# [TB_STATUS @ 933855000] cyc=93000 mem=5255 busy=1 idle=0
# [TB_PROBE_AXI @ 933855000] cyc=93000 per_cluster_busy=1 dut_busy=1 ebreak_detect=0 axi_idle=1 mem_idle=1
# [TB_PROBE_PIPELINE @ 933855000] cyc=93000 | ICACHE: req=0 ready=1 rsp=0 stall_cyc=90 | DCACHE: req=0 ready=1 rsp=0 stall_cyc=24 | PC=0x80000360 instr=0x00c5c7b3 ebreak_seen=0 exit_addr_seen=0
# [TB_STATUS @ 943855000] cyc=94000 mem=5270 busy=1 idle=1
# [TB_PROBE_AXI @ 943855000] cyc=94000 per_cluster_busy=1 dut_busy=1 ebreak_detect=0 axi_idle=1 mem_idle=1
# [TB_PROBE_PIPELINE @ 943855000] cyc=94000 | ICACHE: req=0 ready=1 rsp=0 stall_cyc=90 | DCACHE: req=0 ready=1 rsp=0 stall_cyc=24 | PC=0x80000360 instr=0x00c5c7b3 ebreak_seen=0 exit_addr_seen=0
# [TB_STATUS @ 953855000] cyc=95000 mem=5285 busy=1 idle=0
# [TB_PROBE_AXI @ 953855000] cyc=95000 per_cluster_busy=1 dut_busy=1 ebreak_detect=0 axi_idle=1 mem_idle=1
# [TB_PROBE_PIPELINE @ 953855000] cyc=95000 | ICACHE: req=0 ready=1 rsp=0 stall_cyc=90 | DCACHE: req=0 ready=1 rsp=0 stall_cyc=24 | PC=0x80000360 instr=0x00c5c7b3 ebreak_seen=0 exit_addr_seen=0
# [TB_STATUS @ 963855000] cyc=96000 mem=5300 busy=1 idle=10
# [TB_PROBE_AXI @ 963855000] cyc=96000 per_cluster_busy=1 dut_busy=1 ebreak_detect=0 axi_idle=1 mem_idle=1
# [TB_PROBE_PIPELINE @ 963855000] cyc=96000 | ICACHE: req=0 ready=1 rsp=0 stall_cyc=90 | DCACHE: req=0 ready=1 rsp=0 stall_cyc=24 | PC=0x80000360 instr=0x00c5c7b3 ebreak_seen=0 exit_addr_seen=0
# [TB_STATUS @ 973855000] cyc=97000 mem=5315 busy=1 idle=7
# [TB_PROBE_AXI @ 973855000] cyc=97000 per_cluster_busy=1 dut_busy=1 ebreak_detect=0 axi_idle=1 mem_idle=1
# [TB_PROBE_PIPELINE @ 973855000] cyc=97000 | ICACHE: req=1 ready=1 rsp=0 stall_cyc=90 | DCACHE: req=0 ready=1 rsp=0 stall_cyc=24 | PC=0x80000360 instr=0x00c5c7b3 ebreak_seen=0 exit_addr_seen=0
# [TB_STATUS @ 983855000] cyc=98000 mem=5330 busy=1 idle=0
# [TB_PROBE_AXI @ 983855000] cyc=98000 per_cluster_busy=1 dut_busy=1 ebreak_detect=0 axi_idle=1 mem_idle=1
# [TB_PROBE_PIPELINE @ 983855000] cyc=98000 | ICACHE: req=0 ready=1 rsp=0 stall_cyc=90 | DCACHE: req=0 ready=1 rsp=0 stall_cyc=24 | PC=0x80000360 instr=0x00c5c7b3 ebreak_seen=0 exit_addr_seen=0
# [TB_STATUS @ 993855000] cyc=99000 mem=5346 busy=1 idle=0
# [TB_PROBE_AXI @ 993855000] cyc=99000 per_cluster_busy=1 dut_busy=1 ebreak_detect=0 axi_idle=1 mem_idle=1
# [TB_PROBE_PIPELINE @ 993855000] cyc=99000 | ICACHE: req=0 ready=1 rsp=0 stall_cyc=90 | DCACHE: req=0 ready=1 rsp=0 stall_cyc=24 | PC=0x80000360 instr=0x00c5c7b3 ebreak_seen=0 exit_addr_seen=0
# [TB_TOP @ 1003845000] Progress: 100000 cycles
# [TB_STATUS @ 1003855000] cyc=100000 mem=5361 busy=1 idle=4
# [TB_PROBE_AXI @ 1003855000] cyc=100000 per_cluster_busy=1 dut_busy=1 ebreak_detect=0 axi_idle=1 mem_idle=1
# [TB_PROBE_PIPELINE @ 1003855000] cyc=100000 | ICACHE: req=0 ready=1 rsp=0 stall_cyc=90 | DCACHE: req=0 ready=1 rsp=0 stall_cyc=24 | PC=0x80000360 instr=0x00c5c7b3 ebreak_seen=0 exit_addr_seen=0
# [TB_STATUS @ 1013855000] cyc=101000 mem=5376 busy=1 idle=5
# [TB_PROBE_AXI @ 1013855000] cyc=101000 per_cluster_busy=1 dut_busy=1 ebreak_detect=0 axi_idle=1 mem_idle=1
# [TB_PROBE_PIPELINE @ 1013855000] cyc=101000 | ICACHE: req=0 ready=1 rsp=0 stall_cyc=90 | DCACHE: req=0 ready=1 rsp=0 stall_cyc=24 | PC=0x80000360 instr=0x00c5c7b3 ebreak_seen=0 exit_addr_seen=0
# [TB_STATUS @ 1023855000] cyc=102000 mem=5391 busy=1 idle=4
# [TB_PROBE_AXI @ 1023855000] cyc=102000 per_cluster_busy=1 dut_busy=1 ebreak_detect=0 axi_idle=1 mem_idle=1
# [TB_PROBE_PIPELINE @ 1023855000] cyc=102000 | ICACHE: req=0 ready=1 rsp=0 stall_cyc=90 | DCACHE: req=0 ready=1 rsp=0 stall_cyc=24 | PC=0x80000360 instr=0x00c5c7b3 ebreak_seen=0 exit_addr_seen=0
# [TB_STATUS @ 1033855000] cyc=103000 mem=5406 busy=1 idle=1
# [TB_PROBE_AXI @ 1033855000] cyc=103000 per_cluster_busy=1 dut_busy=1 ebreak_detect=0 axi_idle=1 mem_idle=1
# [TB_PROBE_PIPELINE @ 1033855000] cyc=103000 | ICACHE: req=1 ready=1 rsp=0 stall_cyc=90 | DCACHE: req=0 ready=1 rsp=0 stall_cyc=24 | PC=0x80000360 instr=0x00c5c7b3 ebreak_seen=0 exit_addr_seen=0
# [TB_STATUS @ 1043855000] cyc=104000 mem=5421 busy=1 idle=11
# [TB_PROBE_AXI @ 1043855000] cyc=104000 per_cluster_busy=1 dut_busy=1 ebreak_detect=0 axi_idle=1 mem_idle=1
# [TB_PROBE_PIPELINE @ 1043855000] cyc=104000 | ICACHE: req=0 ready=1 rsp=0 stall_cyc=90 | DCACHE: req=0 ready=1 rsp=0 stall_cyc=24 | PC=0x80000360 instr=0x00c5c7b3 ebreak_seen=0 exit_addr_seen=0
# [TB_STATUS @ 1053855000] cyc=105000 mem=5436 busy=1 idle=0
# [TB_PROBE_AXI @ 1053855000] cyc=105000 per_cluster_busy=1 dut_busy=1 ebreak_detect=0 axi_idle=0 mem_idle=1
# [TB_PROBE_PIPELINE @ 1053855000] cyc=105000 | ICACHE: req=0 ready=1 rsp=0 stall_cyc=90 | DCACHE: req=0 ready=1 rsp=0 stall_cyc=24 | PC=0x80000360 instr=0x00c5c7b3 ebreak_seen=0 exit_addr_seen=0
# [TB_STATUS @ 1063855000] cyc=106000 mem=5452 busy=1 idle=4
# [TB_PROBE_AXI @ 1063855000] cyc=106000 per_cluster_busy=1 dut_busy=1 ebreak_detect=0 axi_idle=1 mem_idle=1
# [TB_PROBE_PIPELINE @ 1063855000] cyc=106000 | ICACHE: req=1 ready=1 rsp=0 stall_cyc=90 | DCACHE: req=0 ready=1 rsp=0 stall_cyc=24 | PC=0x80000360 instr=0x00c5c7b3 ebreak_seen=0 exit_addr_seen=0
# [TB_STATUS @ 1073855000] cyc=107000 mem=5467 busy=1 idle=8
# [TB_PROBE_AXI @ 1073855000] cyc=107000 per_cluster_busy=1 dut_busy=1 ebreak_detect=0 axi_idle=1 mem_idle=1
# [TB_PROBE_PIPELINE @ 1073855000] cyc=107000 | ICACHE: req=0 ready=1 rsp=0 stall_cyc=90 | DCACHE: req=0 ready=1 rsp=0 stall_cyc=24 | PC=0x80000360 instr=0x00c5c7b3 ebreak_seen=0 exit_addr_seen=0
# [TB_STATUS @ 1083855000] cyc=108000 mem=5482 busy=1 idle=9
# [TB_PROBE_AXI @ 1083855000] cyc=108000 per_cluster_busy=1 dut_busy=1 ebreak_detect=0 axi_idle=1 mem_idle=1
# [TB_PROBE_PIPELINE @ 1083855000] cyc=108000 | ICACHE: req=0 ready=1 rsp=0 stall_cyc=90 | DCACHE: req=0 ready=1 rsp=0 stall_cyc=24 | PC=0x80000360 instr=0x00c5c7b3 ebreak_seen=0 exit_addr_seen=0
# [TB_STATUS @ 1093855000] cyc=109000 mem=5497 busy=1 idle=8
# [TB_PROBE_AXI @ 1093855000] cyc=109000 per_cluster_busy=1 dut_busy=1 ebreak_detect=0 axi_idle=1 mem_idle=1
# [TB_PROBE_PIPELINE @ 1093855000] cyc=109000 | ICACHE: req=0 ready=1 rsp=0 stall_cyc=90 | DCACHE: req=0 ready=1 rsp=0 stall_cyc=24 | PC=0x80000360 instr=0x00c5c7b3 ebreak_seen=0 exit_addr_seen=0
# [TB_STATUS @ 1103855000] cyc=110000 mem=5512 busy=1 idle=5
# [TB_PROBE_AXI @ 1103855000] cyc=110000 per_cluster_busy=1 dut_busy=1 ebreak_detect=0 axi_idle=1 mem_idle=1
# [TB_PROBE_PIPELINE @ 1103855000] cyc=110000 | ICACHE: req=0 ready=1 rsp=0 stall_cyc=90 | DCACHE: req=0 ready=1 rsp=0 stall_cyc=24 | PC=0x80000360 instr=0x00c5c7b3 ebreak_seen=0 exit_addr_seen=0
# [TB_STATUS @ 1113855000] cyc=111000 mem=5527 busy=1 idle=15
# [TB_PROBE_AXI @ 1113855000] cyc=111000 per_cluster_busy=1 dut_busy=1 ebreak_detect=0 axi_idle=1 mem_idle=1
# [TB_PROBE_PIPELINE @ 1113855000] cyc=111000 | ICACHE: req=0 ready=1 rsp=0 stall_cyc=90 | DCACHE: req=0 ready=1 rsp=0 stall_cyc=24 | PC=0x80000360 instr=0x00c5c7b3 ebreak_seen=0 exit_addr_seen=0
# [TB_STATUS @ 1123855000] cyc=112000 mem=5542 busy=1 idle=4
# [TB_PROBE_AXI @ 1123855000] cyc=112000 per_cluster_busy=1 dut_busy=1 ebreak_detect=0 axi_idle=0 mem_idle=1
# [TB_PROBE_PIPELINE @ 1123855000] cyc=112000 | ICACHE: req=1 ready=1 rsp=0 stall_cyc=90 | DCACHE: req=0 ready=1 rsp=0 stall_cyc=24 | PC=0x80000360 instr=0x00c5c7b3 ebreak_seen=0 exit_addr_seen=0
# [TB_STATUS @ 1133855000] cyc=113000 mem=5558 busy=1 idle=2
# [TB_PROBE_AXI @ 1133855000] cyc=113000 per_cluster_busy=1 dut_busy=1 ebreak_detect=0 axi_idle=1 mem_idle=1
# [TB_PROBE_PIPELINE @ 1133855000] cyc=113000 | ICACHE: req=0 ready=1 rsp=0 stall_cyc=90 | DCACHE: req=0 ready=1 rsp=0 stall_cyc=24 | PC=0x80000360 instr=0x00c5c7b3 ebreak_seen=0 exit_addr_seen=0
# [TB_STATUS @ 1143855000] cyc=114000 mem=5573 busy=1 idle=3
# [TB_PROBE_AXI @ 1143855000] cyc=114000 per_cluster_busy=1 dut_busy=1 ebreak_detect=0 axi_idle=1 mem_idle=1
# [TB_PROBE_PIPELINE @ 1143855000] cyc=114000 | ICACHE: req=0 ready=1 rsp=0 stall_cyc=90 | DCACHE: req=0 ready=1 rsp=0 stall_cyc=24 | PC=0x80000360 instr=0x00c5c7b3 ebreak_seen=0 exit_addr_seen=0
# [TB_STATUS @ 1153855000] cyc=115000 mem=5588 busy=1 idle=2
# [TB_PROBE_AXI @ 1153855000] cyc=115000 per_cluster_busy=1 dut_busy=1 ebreak_detect=0 axi_idle=1 mem_idle=1
# [TB_PROBE_PIPELINE @ 1153855000] cyc=115000 | ICACHE: req=0 ready=1 rsp=1 stall_cyc=90 | DCACHE: req=0 ready=1 rsp=0 stall_cyc=24 | PC=0x800001b0 instr=0xfe0784e3 ebreak_seen=0 exit_addr_seen=0
# [TB_STATUS @ 1163855000] cyc=116000 mem=5603 busy=1 idle=12
# [TB_PROBE_AXI @ 1163855000] cyc=116000 per_cluster_busy=1 dut_busy=1 ebreak_detect=0 axi_idle=1 mem_idle=1
# [TB_PROBE_PIPELINE @ 1163855000] cyc=116000 | ICACHE: req=0 ready=1 rsp=0 stall_cyc=90 | DCACHE: req=0 ready=1 rsp=0 stall_cyc=24 | PC=0x80000360 instr=0x00c5c7b3 ebreak_seen=0 exit_addr_seen=0
# [TB_STATUS @ 1173855000] cyc=117000 mem=5618 busy=1 idle=9
# [TB_PROBE_AXI @ 1173855000] cyc=117000 per_cluster_busy=1 dut_busy=1 ebreak_detect=0 axi_idle=1 mem_idle=1
# [TB_PROBE_PIPELINE @ 1173855000] cyc=117000 | ICACHE: req=0 ready=1 rsp=0 stall_cyc=90 | DCACHE: req=0 ready=1 rsp=0 stall_cyc=24 | PC=0x80000360 instr=0x00c5c7b3 ebreak_seen=0 exit_addr_seen=0
# [TB_STATUS @ 1183855000] cyc=118000 mem=5633 busy=1 idle=2
# [TB_PROBE_AXI @ 1183855000] cyc=118000 per_cluster_busy=1 dut_busy=1 ebreak_detect=0 axi_idle=1 mem_idle=1
# [TB_PROBE_PIPELINE @ 1183855000] cyc=118000 | ICACHE: req=1 ready=1 rsp=0 stall_cyc=90 | DCACHE: req=0 ready=1 rsp=0 stall_cyc=24 | PC=0x80000360 instr=0x00c5c7b3 ebreak_seen=0 exit_addr_seen=0
# [TB_STATUS @ 1193855000] cyc=119000 mem=5649 busy=1 idle=2
# [TB_PROBE_AXI @ 1193855000] cyc=119000 per_cluster_busy=1 dut_busy=1 ebreak_detect=0 axi_idle=1 mem_idle=1
# [TB_PROBE_PIPELINE @ 1193855000] cyc=119000 | ICACHE: req=0 ready=1 rsp=0 stall_cyc=90 | DCACHE: req=0 ready=1 rsp=0 stall_cyc=24 | PC=0x80000360 instr=0x00c5c7b3 ebreak_seen=0 exit_addr_seen=0
# [TB_STATUS @ 1203855000] cyc=120000 mem=5664 busy=1 idle=6
# [TB_PROBE_AXI @ 1203855000] cyc=120000 per_cluster_busy=1 dut_busy=1 ebreak_detect=0 axi_idle=1 mem_idle=1
# [TB_PROBE_PIPELINE @ 1203855000] cyc=120000 | ICACHE: req=0 ready=1 rsp=0 stall_cyc=90 | DCACHE: req=0 ready=1 rsp=0 stall_cyc=24 | PC=0x80000360 instr=0x00c5c7b3 ebreak_seen=0 exit_addr_seen=0
# [TB_STATUS @ 1213855000] cyc=121000 mem=5679 busy=1 idle=7
# [TB_PROBE_AXI @ 1213855000] cyc=121000 per_cluster_busy=1 dut_busy=1 ebreak_detect=0 axi_idle=1 mem_idle=1
# [TB_PROBE_PIPELINE @ 1213855000] cyc=121000 | ICACHE: req=0 ready=1 rsp=0 stall_cyc=90 | DCACHE: req=0 ready=1 rsp=0 stall_cyc=24 | PC=0x80000360 instr=0x00c5c7b3 ebreak_seen=0 exit_addr_seen=0
# [TB_STATUS @ 1223855000] cyc=122000 mem=5694 busy=1 idle=6
# [TB_PROBE_AXI @ 1223855000] cyc=122000 per_cluster_busy=1 dut_busy=1 ebreak_detect=0 axi_idle=1 mem_idle=1
# [TB_PROBE_PIPELINE @ 1223855000] cyc=122000 | ICACHE: req=0 ready=1 rsp=0 stall_cyc=90 | DCACHE: req=0 ready=1 rsp=0 stall_cyc=24 | PC=0x80000360 instr=0x00c5c7b3 ebreak_seen=0 exit_addr_seen=0
# [TB_STATUS @ 1233855000] cyc=123000 mem=5709 busy=1 idle=3
# [TB_PROBE_AXI @ 1233855000] cyc=123000 per_cluster_busy=1 dut_busy=1 ebreak_detect=0 axi_idle=1 mem_idle=1
# [TB_PROBE_PIPELINE @ 1233855000] cyc=123000 | ICACHE: req=0 ready=1 rsp=0 stall_cyc=90 | DCACHE: req=0 ready=1 rsp=0 stall_cyc=24 | PC=0x80000360 instr=0x00c5c7b3 ebreak_seen=0 exit_addr_seen=0
# [TB_STATUS @ 1243855000] cyc=124000 mem=5724 busy=1 idle=13
# [TB_PROBE_AXI @ 1243855000] cyc=124000 per_cluster_busy=1 dut_busy=1 ebreak_detect=0 axi_idle=1 mem_idle=1
# [TB_PROBE_PIPELINE @ 1243855000] cyc=124000 | ICACHE: req=1 ready=1 rsp=0 stall_cyc=90 | DCACHE: req=0 ready=1 rsp=0 stall_cyc=24 | PC=0x80000360 instr=0x00c5c7b3 ebreak_seen=0 exit_addr_seen=0
# [TB_STATUS @ 1253855000] cyc=125000 mem=5739 busy=1 idle=2
# [TB_PROBE_AXI @ 1253855000] cyc=125000 per_cluster_busy=1 dut_busy=1 ebreak_detect=0 axi_idle=0 mem_idle=1
# [TB_PROBE_PIPELINE @ 1253855000] cyc=125000 | ICACHE: req=0 ready=1 rsp=0 stall_cyc=90 | DCACHE: req=0 ready=1 rsp=0 stall_cyc=24 | PC=0x80000360 instr=0x00c5c7b3 ebreak_seen=0 exit_addr_seen=0
# [TB_STATUS @ 1263855000] cyc=126000 mem=5755 busy=1 idle=0
# [TB_PROBE_AXI @ 1263855000] cyc=126000 per_cluster_busy=1 dut_busy=1 ebreak_detect=0 axi_idle=1 mem_idle=1
# [TB_PROBE_PIPELINE @ 1263855000] cyc=126000 | ICACHE: req=0 ready=1 rsp=0 stall_cyc=90 | DCACHE: req=0 ready=1 rsp=0 stall_cyc=24 | PC=0x80000360 instr=0x00c5c7b3 ebreak_seen=0 exit_addr_seen=0
# [TB_STATUS @ 1273855000] cyc=127000 mem=5770 busy=1 idle=1
# [TB_PROBE_AXI @ 1273855000] cyc=127000 per_cluster_busy=1 dut_busy=1 ebreak_detect=0 axi_idle=1 mem_idle=1
# [TB_PROBE_PIPELINE @ 1273855000] cyc=127000 | ICACHE: req=0 ready=1 rsp=0 stall_cyc=90 | DCACHE: req=0 ready=1 rsp=0 stall_cyc=24 | PC=0x80000360 instr=0x00c5c7b3 ebreak_seen=0 exit_addr_seen=0
# [TB_STATUS @ 1283855000] cyc=128000 mem=5785 busy=1 idle=0
# [TB_PROBE_AXI @ 1283855000] cyc=128000 per_cluster_busy=1 dut_busy=1 ebreak_detect=0 axi_idle=1 mem_idle=1
# [TB_PROBE_PIPELINE @ 1283855000] cyc=128000 | ICACHE: req=0 ready=1 rsp=0 stall_cyc=90 | DCACHE: req=0 ready=1 rsp=0 stall_cyc=24 | PC=0x80000360 instr=0x00c5c7b3 ebreak_seen=0 exit_addr_seen=0
# [TB_STATUS @ 1293855000] cyc=129000 mem=5800 busy=1 idle=10
# [TB_PROBE_AXI @ 1293855000] cyc=129000 per_cluster_busy=1 dut_busy=1 ebreak_detect=0 axi_idle=1 mem_idle=1
# [TB_PROBE_PIPELINE @ 1293855000] cyc=129000 | ICACHE: req=0 ready=1 rsp=0 stall_cyc=90 | DCACHE: req=0 ready=1 rsp=0 stall_cyc=24 | PC=0x80000360 instr=0x00c5c7b3 ebreak_seen=0 exit_addr_seen=0
# [TB_STATUS @ 1303855000] cyc=130000 mem=5815 busy=1 idle=7
# [TB_PROBE_AXI @ 1303855000] cyc=130000 per_cluster_busy=1 dut_busy=1 ebreak_detect=0 axi_idle=1 mem_idle=1
# [TB_PROBE_PIPELINE @ 1303855000] cyc=130000 | ICACHE: req=1 ready=1 rsp=0 stall_cyc=90 | DCACHE: req=0 ready=1 rsp=0 stall_cyc=24 | PC=0x80000360 instr=0x00c5c7b3 ebreak_seen=0 exit_addr_seen=0
# [TB_STATUS @ 1313855000] cyc=131000 mem=5830 busy=1 idle=0
# [TB_PROBE_AXI @ 1313855000] cyc=131000 per_cluster_busy=1 dut_busy=1 ebreak_detect=0 axi_idle=1 mem_idle=1
# [TB_PROBE_PIPELINE @ 1313855000] cyc=131000 | ICACHE: req=0 ready=1 rsp=0 stall_cyc=90 | DCACHE: req=0 ready=1 rsp=0 stall_cyc=24 | PC=0x80000360 instr=0x00c5c7b3 ebreak_seen=0 exit_addr_seen=0
# [TB_STATUS @ 1323855000] cyc=132000 mem=5846 busy=1 idle=0
# [TB_PROBE_AXI @ 1323855000] cyc=132000 per_cluster_busy=1 dut_busy=1 ebreak_detect=0 axi_idle=1 mem_idle=1
# [TB_PROBE_PIPELINE @ 1323855000] cyc=132000 | ICACHE: req=0 ready=1 rsp=0 stall_cyc=90 | DCACHE: req=0 ready=1 rsp=0 stall_cyc=24 | PC=0x80000360 instr=0x00c5c7b3 ebreak_seen=0 exit_addr_seen=0
# [TB_STATUS @ 1333855000] cyc=133000 mem=5861 busy=1 idle=4
# [TB_PROBE_AXI @ 1333855000] cyc=133000 per_cluster_busy=1 dut_busy=1 ebreak_detect=0 axi_idle=1 mem_idle=1
# [TB_PROBE_PIPELINE @ 1333855000] cyc=133000 | ICACHE: req=0 ready=1 rsp=0 stall_cyc=90 | DCACHE: req=0 ready=1 rsp=0 stall_cyc=24 | PC=0x80000360 instr=0x00c5c7b3 ebreak_seen=0 exit_addr_seen=0
# [TB_STATUS @ 1343855000] cyc=134000 mem=5876 busy=1 idle=5
# [TB_PROBE_AXI @ 1343855000] cyc=134000 per_cluster_busy=1 dut_busy=1 ebreak_detect=0 axi_idle=1 mem_idle=1
# [TB_PROBE_PIPELINE @ 1343855000] cyc=134000 | ICACHE: req=0 ready=1 rsp=0 stall_cyc=90 | DCACHE: req=0 ready=1 rsp=0 stall_cyc=24 | PC=0x80000360 instr=0x00c5c7b3 ebreak_seen=0 exit_addr_seen=0
# [TB_STATUS @ 1353855000] cyc=135000 mem=5891 busy=1 idle=4
# [TB_PROBE_AXI @ 1353855000] cyc=135000 per_cluster_busy=1 dut_busy=1 ebreak_detect=0 axi_idle=1 mem_idle=1
# [TB_PROBE_PIPELINE @ 1353855000] cyc=135000 | ICACHE: req=0 ready=1 rsp=0 stall_cyc=90 | DCACHE: req=0 ready=1 rsp=0 stall_cyc=24 | PC=0x80000360 instr=0x00c5c7b3 ebreak_seen=0 exit_addr_seen=0
# [TB_STATUS @ 1363855000] cyc=136000 mem=5906 busy=1 idle=1
# [TB_PROBE_AXI @ 1363855000] cyc=136000 per_cluster_busy=1 dut_busy=1 ebreak_detect=0 axi_idle=1 mem_idle=1
# [TB_PROBE_PIPELINE @ 1363855000] cyc=136000 | ICACHE: req=1 ready=1 rsp=0 stall_cyc=90 | DCACHE: req=0 ready=1 rsp=0 stall_cyc=24 | PC=0x80000360 instr=0x00c5c7b3 ebreak_seen=0 exit_addr_seen=0
# [TB_STATUS @ 1373855000] cyc=137000 mem=5921 busy=1 idle=11
# [TB_PROBE_AXI @ 1373855000] cyc=137000 per_cluster_busy=1 dut_busy=1 ebreak_detect=0 axi_idle=1 mem_idle=1
# [TB_PROBE_PIPELINE @ 1373855000] cyc=137000 | ICACHE: req=0 ready=1 rsp=0 stall_cyc=90 | DCACHE: req=0 ready=1 rsp=0 stall_cyc=24 | PC=0x80000360 instr=0x00c5c7b3 ebreak_seen=0 exit_addr_seen=0
# [TB_STATUS @ 1383855000] cyc=138000 mem=5936 busy=1 idle=0
# [TB_PROBE_AXI @ 1383855000] cyc=138000 per_cluster_busy=1 dut_busy=1 ebreak_detect=0 axi_idle=0 mem_idle=1
# [TB_PROBE_PIPELINE @ 1383855000] cyc=138000 | ICACHE: req=0 ready=1 rsp=0 stall_cyc=90 | DCACHE: req=0 ready=1 rsp=0 stall_cyc=24 | PC=0x80000360 instr=0x00c5c7b3 ebreak_seen=0 exit_addr_seen=0
# [TB_STATUS @ 1393855000] cyc=139000 mem=5952 busy=1 idle=4
# [TB_PROBE_AXI @ 1393855000] cyc=139000 per_cluster_busy=1 dut_busy=1 ebreak_detect=0 axi_idle=1 mem_idle=1
# [TB_PROBE_PIPELINE @ 1393855000] cyc=139000 | ICACHE: req=1 ready=1 rsp=0 stall_cyc=90 | DCACHE: req=0 ready=1 rsp=0 stall_cyc=24 | PC=0x80000360 instr=0x00c5c7b3 ebreak_seen=0 exit_addr_seen=0
# [TB_STATUS @ 1403855000] cyc=140000 mem=5967 busy=1 idle=8
# [TB_PROBE_AXI @ 1403855000] cyc=140000 per_cluster_busy=1 dut_busy=1 ebreak_detect=0 axi_idle=1 mem_idle=1
# [TB_PROBE_PIPELINE @ 1403855000] cyc=140000 | ICACHE: req=0 ready=1 rsp=0 stall_cyc=90 | DCACHE: req=0 ready=1 rsp=0 stall_cyc=24 | PC=0x80000360 instr=0x00c5c7b3 ebreak_seen=0 exit_addr_seen=0
# [TB_STATUS @ 1413855000] cyc=141000 mem=5982 busy=1 idle=9
# [TB_PROBE_AXI @ 1413855000] cyc=141000 per_cluster_busy=1 dut_busy=1 ebreak_detect=0 axi_idle=1 mem_idle=1
# [TB_PROBE_PIPELINE @ 1413855000] cyc=141000 | ICACHE: req=0 ready=1 rsp=0 stall_cyc=90 | DCACHE: req=0 ready=1 rsp=0 stall_cyc=24 | PC=0x80000360 instr=0x00c5c7b3 ebreak_seen=0 exit_addr_seen=0
# [TB_STATUS @ 1423855000] cyc=142000 mem=5997 busy=1 idle=8
# [TB_PROBE_AXI @ 1423855000] cyc=142000 per_cluster_busy=1 dut_busy=1 ebreak_detect=0 axi_idle=1 mem_idle=1
# [TB_PROBE_PIPELINE @ 1423855000] cyc=142000 | ICACHE: req=0 ready=1 rsp=0 stall_cyc=90 | DCACHE: req=0 ready=1 rsp=0 stall_cyc=24 | PC=0x80000360 instr=0x00c5c7b3 ebreak_seen=0 exit_addr_seen=0
# [TB_STATUS @ 1433855000] cyc=143000 mem=6012 busy=1 idle=5
# [TB_PROBE_AXI @ 1433855000] cyc=143000 per_cluster_busy=1 dut_busy=1 ebreak_detect=0 axi_idle=1 mem_idle=1
# [TB_PROBE_PIPELINE @ 1433855000] cyc=143000 | ICACHE: req=0 ready=1 rsp=0 stall_cyc=90 | DCACHE: req=0 ready=1 rsp=0 stall_cyc=24 | PC=0x80000360 instr=0x00c5c7b3 ebreak_seen=0 exit_addr_seen=0
# [TB_STATUS @ 1443855000] cyc=144000 mem=6027 busy=1 idle=15
# [TB_PROBE_AXI @ 1443855000] cyc=144000 per_cluster_busy=1 dut_busy=1 ebreak_detect=0 axi_idle=1 mem_idle=1
# [TB_PROBE_PIPELINE @ 1443855000] cyc=144000 | ICACHE: req=0 ready=1 rsp=0 stall_cyc=90 | DCACHE: req=0 ready=1 rsp=0 stall_cyc=24 | PC=0x80000360 instr=0x00c5c7b3 ebreak_seen=0 exit_addr_seen=0
# [TB_STATUS @ 1453855000] cyc=145000 mem=6042 busy=1 idle=4
# [TB_PROBE_AXI @ 1453855000] cyc=145000 per_cluster_busy=1 dut_busy=1 ebreak_detect=0 axi_idle=0 mem_idle=1
# [TB_PROBE_PIPELINE @ 1453855000] cyc=145000 | ICACHE: req=1 ready=1 rsp=0 stall_cyc=90 | DCACHE: req=0 ready=1 rsp=0 stall_cyc=24 | PC=0x80000360 instr=0x00c5c7b3 ebreak_seen=0 exit_addr_seen=0
# [TB_STATUS @ 1463855000] cyc=146000 mem=6058 busy=1 idle=2
# [TB_PROBE_AXI @ 1463855000] cyc=146000 per_cluster_busy=1 dut_busy=1 ebreak_detect=0 axi_idle=1 mem_idle=1
# [TB_PROBE_PIPELINE @ 1463855000] cyc=146000 | ICACHE: req=0 ready=1 rsp=0 stall_cyc=90 | DCACHE: req=0 ready=1 rsp=0 stall_cyc=24 | PC=0x80000360 instr=0x00c5c7b3 ebreak_seen=0 exit_addr_seen=0
# [TB_STATUS @ 1473855000] cyc=147000 mem=6073 busy=1 idle=3
# [TB_PROBE_AXI @ 1473855000] cyc=147000 per_cluster_busy=1 dut_busy=1 ebreak_detect=0 axi_idle=1 mem_idle=1
# [TB_PROBE_PIPELINE @ 1473855000] cyc=147000 | ICACHE: req=0 ready=1 rsp=0 stall_cyc=90 | DCACHE: req=0 ready=1 rsp=0 stall_cyc=24 | PC=0x80000360 instr=0x00c5c7b3 ebreak_seen=0 exit_addr_seen=0
# [TB_STATUS @ 1483855000] cyc=148000 mem=6088 busy=1 idle=2
# [TB_PROBE_AXI @ 1483855000] cyc=148000 per_cluster_busy=1 dut_busy=1 ebreak_detect=0 axi_idle=1 mem_idle=1
# [TB_PROBE_PIPELINE @ 1483855000] cyc=148000 | ICACHE: req=0 ready=1 rsp=1 stall_cyc=90 | DCACHE: req=0 ready=1 rsp=0 stall_cyc=24 | PC=0x800001b0 instr=0xfe0784e3 ebreak_seen=0 exit_addr_seen=0
# [TB_STATUS @ 1493855000] cyc=149000 mem=6103 busy=1 idle=12
# [TB_PROBE_AXI @ 1493855000] cyc=149000 per_cluster_busy=1 dut_busy=1 ebreak_detect=0 axi_idle=1 mem_idle=1
# [TB_PROBE_PIPELINE @ 1493855000] cyc=149000 | ICACHE: req=0 ready=1 rsp=0 stall_cyc=90 | DCACHE: req=0 ready=1 rsp=0 stall_cyc=24 | PC=0x80000360 instr=0x00c5c7b3 ebreak_seen=0 exit_addr_seen=0
# [TB_STATUS @ 1503855000] cyc=150000 mem=6118 busy=1 idle=9
# [TB_PROBE_AXI @ 1503855000] cyc=150000 per_cluster_busy=1 dut_busy=1 ebreak_detect=0 axi_idle=1 mem_idle=1
# [TB_PROBE_PIPELINE @ 1503855000] cyc=150000 | ICACHE: req=0 ready=1 rsp=0 stall_cyc=90 | DCACHE: req=0 ready=1 rsp=0 stall_cyc=24 | PC=0x80000360 instr=0x00c5c7b3 ebreak_seen=0 exit_addr_seen=0
# [TB_STATUS @ 1513855000] cyc=151000 mem=6133 busy=1 idle=2
# [TB_PROBE_AXI @ 1513855000] cyc=151000 per_cluster_busy=1 dut_busy=1 ebreak_detect=0 axi_idle=1 mem_idle=1
# [TB_PROBE_PIPELINE @ 1513855000] cyc=151000 | ICACHE: req=1 ready=1 rsp=0 stall_cyc=90 | DCACHE: req=0 ready=1 rsp=0 stall_cyc=24 | PC=0x80000360 instr=0x00c5c7b3 ebreak_seen=0 exit_addr_seen=0
# [TB_STATUS @ 1523855000] cyc=152000 mem=6149 busy=1 idle=2
# [TB_PROBE_AXI @ 1523855000] cyc=152000 per_cluster_busy=1 dut_busy=1 ebreak_detect=0 axi_idle=1 mem_idle=1
# [TB_PROBE_PIPELINE @ 1523855000] cyc=152000 | ICACHE: req=0 ready=1 rsp=0 stall_cyc=90 | DCACHE: req=0 ready=1 rsp=0 stall_cyc=24 | PC=0x80000360 instr=0x00c5c7b3 ebreak_seen=0 exit_addr_seen=0
# [TB_STATUS @ 1533855000] cyc=153000 mem=6164 busy=1 idle=6
# [TB_PROBE_AXI @ 1533855000] cyc=153000 per_cluster_busy=1 dut_busy=1 ebreak_detect=0 axi_idle=1 mem_idle=1
# [TB_PROBE_PIPELINE @ 1533855000] cyc=153000 | ICACHE: req=0 ready=1 rsp=0 stall_cyc=90 | DCACHE: req=0 ready=1 rsp=0 stall_cyc=24 | PC=0x80000360 instr=0x00c5c7b3 ebreak_seen=0 exit_addr_seen=0
# [TB_STATUS @ 1543855000] cyc=154000 mem=6179 busy=1 idle=7
# [TB_PROBE_AXI @ 1543855000] cyc=154000 per_cluster_busy=1 dut_busy=1 ebreak_detect=0 axi_idle=1 mem_idle=1
# [TB_PROBE_PIPELINE @ 1543855000] cyc=154000 | ICACHE: req=0 ready=1 rsp=0 stall_cyc=90 | DCACHE: req=0 ready=1 rsp=0 stall_cyc=24 | PC=0x80000360 instr=0x00c5c7b3 ebreak_seen=0 exit_addr_seen=0
# [TB_STATUS @ 1553855000] cyc=155000 mem=6194 busy=1 idle=6
# [TB_PROBE_AXI @ 1553855000] cyc=155000 per_cluster_busy=1 dut_busy=1 ebreak_detect=0 axi_idle=1 mem_idle=1
# [TB_PROBE_PIPELINE @ 1553855000] cyc=155000 | ICACHE: req=0 ready=1 rsp=0 stall_cyc=90 | DCACHE: req=0 ready=1 rsp=0 stall_cyc=24 | PC=0x80000360 instr=0x00c5c7b3 ebreak_seen=0 exit_addr_seen=0
# [TB_STATUS @ 1563855000] cyc=156000 mem=6209 busy=1 idle=3
# [TB_PROBE_AXI @ 1563855000] cyc=156000 per_cluster_busy=1 dut_busy=1 ebreak_detect=0 axi_idle=1 mem_idle=1
# [TB_PROBE_PIPELINE @ 1563855000] cyc=156000 | ICACHE: req=0 ready=1 rsp=0 stall_cyc=90 | DCACHE: req=0 ready=1 rsp=0 stall_cyc=24 | PC=0x80000360 instr=0x00c5c7b3 ebreak_seen=0 exit_addr_seen=0
# [TB_STATUS @ 1573855000] cyc=157000 mem=6224 busy=1 idle=13
# [TB_PROBE_AXI @ 1573855000] cyc=157000 per_cluster_busy=1 dut_busy=1 ebreak_detect=0 axi_idle=1 mem_idle=1
# [TB_PROBE_PIPELINE @ 1573855000] cyc=157000 | ICACHE: req=1 ready=1 rsp=0 stall_cyc=90 | DCACHE: req=0 ready=1 rsp=0 stall_cyc=24 | PC=0x80000360 instr=0x00c5c7b3 ebreak_seen=0 exit_addr_seen=0
# [TB_STATUS @ 1583855000] cyc=158000 mem=6239 busy=1 idle=2
# [TB_PROBE_AXI @ 1583855000] cyc=158000 per_cluster_busy=1 dut_busy=1 ebreak_detect=0 axi_idle=0 mem_idle=1
# [TB_PROBE_PIPELINE @ 1583855000] cyc=158000 | ICACHE: req=0 ready=1 rsp=0 stall_cyc=90 | DCACHE: req=0 ready=1 rsp=0 stall_cyc=24 | PC=0x80000360 instr=0x00c5c7b3 ebreak_seen=0 exit_addr_seen=0
# [TB_STATUS @ 1593855000] cyc=159000 mem=6255 busy=1 idle=0
# [TB_PROBE_AXI @ 1593855000] cyc=159000 per_cluster_busy=1 dut_busy=1 ebreak_detect=0 axi_idle=1 mem_idle=1
# [TB_PROBE_PIPELINE @ 1593855000] cyc=159000 | ICACHE: req=0 ready=1 rsp=0 stall_cyc=90 | DCACHE: req=0 ready=1 rsp=0 stall_cyc=24 | PC=0x80000360 instr=0x00c5c7b3 ebreak_seen=0 exit_addr_seen=0
# [TB_STATUS @ 1603855000] cyc=160000 mem=6270 busy=1 idle=1
# [TB_PROBE_AXI @ 1603855000] cyc=160000 per_cluster_busy=1 dut_busy=1 ebreak_detect=0 axi_idle=1 mem_idle=1
# [TB_PROBE_PIPELINE @ 1603855000] cyc=160000 | ICACHE: req=0 ready=1 rsp=0 stall_cyc=90 | DCACHE: req=0 ready=1 rsp=0 stall_cyc=24 | PC=0x80000360 instr=0x00c5c7b3 ebreak_seen=0 exit_addr_seen=0
# [TB_STATUS @ 1613855000] cyc=161000 mem=6285 busy=1 idle=0
# [TB_PROBE_AXI @ 1613855000] cyc=161000 per_cluster_busy=1 dut_busy=1 ebreak_detect=0 axi_idle=1 mem_idle=1
# [TB_PROBE_PIPELINE @ 1613855000] cyc=161000 | ICACHE: req=0 ready=1 rsp=0 stall_cyc=90 | DCACHE: req=0 ready=1 rsp=0 stall_cyc=24 | PC=0x80000360 instr=0x00c5c7b3 ebreak_seen=0 exit_addr_seen=0
# [TB_STATUS @ 1623855000] cyc=162000 mem=6300 busy=1 idle=10
# [TB_PROBE_AXI @ 1623855000] cyc=162000 per_cluster_busy=1 dut_busy=1 ebreak_detect=0 axi_idle=1 mem_idle=1
# [TB_PROBE_PIPELINE @ 1623855000] cyc=162000 | ICACHE: req=0 ready=1 rsp=0 stall_cyc=90 | DCACHE: req=0 ready=1 rsp=0 stall_cyc=24 | PC=0x80000360 instr=0x00c5c7b3 ebreak_seen=0 exit_addr_seen=0
# [TB_STATUS @ 1633855000] cyc=163000 mem=6315 busy=1 idle=7
# [TB_PROBE_AXI @ 1633855000] cyc=163000 per_cluster_busy=1 dut_busy=1 ebreak_detect=0 axi_idle=1 mem_idle=1
# [TB_PROBE_PIPELINE @ 1633855000] cyc=163000 | ICACHE: req=1 ready=1 rsp=0 stall_cyc=90 | DCACHE: req=0 ready=1 rsp=0 stall_cyc=24 | PC=0x80000360 instr=0x00c5c7b3 ebreak_seen=0 exit_addr_seen=0
# [TB_STATUS @ 1643855000] cyc=164000 mem=6330 busy=1 idle=0
# [TB_PROBE_AXI @ 1643855000] cyc=164000 per_cluster_busy=1 dut_busy=1 ebreak_detect=0 axi_idle=1 mem_idle=1
# [TB_PROBE_PIPELINE @ 1643855000] cyc=164000 | ICACHE: req=0 ready=1 rsp=0 stall_cyc=90 | DCACHE: req=0 ready=1 rsp=0 stall_cyc=24 | PC=0x80000360 instr=0x00c5c7b3 ebreak_seen=0 exit_addr_seen=0
# [TB_STATUS @ 1653855000] cyc=165000 mem=6346 busy=1 idle=0
# [TB_PROBE_AXI @ 1653855000] cyc=165000 per_cluster_busy=1 dut_busy=1 ebreak_detect=0 axi_idle=1 mem_idle=1
# [TB_PROBE_PIPELINE @ 1653855000] cyc=165000 | ICACHE: req=0 ready=1 rsp=0 stall_cyc=90 | DCACHE: req=0 ready=1 rsp=0 stall_cyc=24 | PC=0x80000360 instr=0x00c5c7b3 ebreak_seen=0 exit_addr_seen=0
# [TB_STATUS @ 1663855000] cyc=166000 mem=6361 busy=1 idle=4
# [TB_PROBE_AXI @ 1663855000] cyc=166000 per_cluster_busy=1 dut_busy=1 ebreak_detect=0 axi_idle=1 mem_idle=1
# [TB_PROBE_PIPELINE @ 1663855000] cyc=166000 | ICACHE: req=0 ready=1 rsp=0 stall_cyc=90 | DCACHE: req=0 ready=1 rsp=0 stall_cyc=24 | PC=0x80000360 instr=0x00c5c7b3 ebreak_seen=0 exit_addr_seen=0
# [TB_STATUS @ 1673855000] cyc=167000 mem=6376 busy=1 idle=5
# [TB_PROBE_AXI @ 1673855000] cyc=167000 per_cluster_busy=1 dut_busy=1 ebreak_detect=0 axi_idle=1 mem_idle=1
# [TB_PROBE_PIPELINE @ 1673855000] cyc=167000 | ICACHE: req=0 ready=1 rsp=0 stall_cyc=90 | DCACHE: req=0 ready=1 rsp=0 stall_cyc=24 | PC=0x80000360 instr=0x00c5c7b3 ebreak_seen=0 exit_addr_seen=0
# [TB_STATUS @ 1683855000] cyc=168000 mem=6391 busy=1 idle=4
# [TB_PROBE_AXI @ 1683855000] cyc=168000 per_cluster_busy=1 dut_busy=1 ebreak_detect=0 axi_idle=1 mem_idle=1
# [TB_PROBE_PIPELINE @ 1683855000] cyc=168000 | ICACHE: req=0 ready=1 rsp=0 stall_cyc=90 | DCACHE: req=0 ready=1 rsp=0 stall_cyc=24 | PC=0x80000360 instr=0x00c5c7b3 ebreak_seen=0 exit_addr_seen=0
# [TB_STATUS @ 1693855000] cyc=169000 mem=6406 busy=1 idle=1
# [TB_PROBE_AXI @ 1693855000] cyc=169000 per_cluster_busy=1 dut_busy=1 ebreak_detect=0 axi_idle=1 mem_idle=1
# [TB_PROBE_PIPELINE @ 1693855000] cyc=169000 | ICACHE: req=1 ready=1 rsp=0 stall_cyc=90 | DCACHE: req=0 ready=1 rsp=0 stall_cyc=24 | PC=0x80000360 instr=0x00c5c7b3 ebreak_seen=0 exit_addr_seen=0
# [TB_STATUS @ 1703855000] cyc=170000 mem=6421 busy=1 idle=11
# [TB_PROBE_AXI @ 1703855000] cyc=170000 per_cluster_busy=1 dut_busy=1 ebreak_detect=0 axi_idle=1 mem_idle=1
# [TB_PROBE_PIPELINE @ 1703855000] cyc=170000 | ICACHE: req=0 ready=1 rsp=0 stall_cyc=90 | DCACHE: req=0 ready=1 rsp=0 stall_cyc=24 | PC=0x80000360 instr=0x00c5c7b3 ebreak_seen=0 exit_addr_seen=0
# [TB_STATUS @ 1713855000] cyc=171000 mem=6436 busy=1 idle=0
# [TB_PROBE_AXI @ 1713855000] cyc=171000 per_cluster_busy=1 dut_busy=1 ebreak_detect=0 axi_idle=0 mem_idle=1
# [TB_PROBE_PIPELINE @ 1713855000] cyc=171000 | ICACHE: req=0 ready=1 rsp=0 stall_cyc=90 | DCACHE: req=0 ready=1 rsp=0 stall_cyc=24 | PC=0x80000360 instr=0x00c5c7b3 ebreak_seen=0 exit_addr_seen=0
# [TB_STATUS @ 1723855000] cyc=172000 mem=6452 busy=1 idle=4
# [TB_PROBE_AXI @ 1723855000] cyc=172000 per_cluster_busy=1 dut_busy=1 ebreak_detect=0 axi_idle=1 mem_idle=1
# [TB_PROBE_PIPELINE @ 1723855000] cyc=172000 | ICACHE: req=1 ready=1 rsp=0 stall_cyc=90 | DCACHE: req=0 ready=1 rsp=0 stall_cyc=24 | PC=0x80000360 instr=0x00c5c7b3 ebreak_seen=0 exit_addr_seen=0
# [TB_STATUS @ 1733855000] cyc=173000 mem=6467 busy=1 idle=8
# [TB_PROBE_AXI @ 1733855000] cyc=173000 per_cluster_busy=1 dut_busy=1 ebreak_detect=0 axi_idle=1 mem_idle=1
# [TB_PROBE_PIPELINE @ 1733855000] cyc=173000 | ICACHE: req=0 ready=1 rsp=0 stall_cyc=90 | DCACHE: req=0 ready=1 rsp=0 stall_cyc=24 | PC=0x80000360 instr=0x00c5c7b3 ebreak_seen=0 exit_addr_seen=0
# [TB_STATUS @ 1743855000] cyc=174000 mem=6482 busy=1 idle=9
# [TB_PROBE_AXI @ 1743855000] cyc=174000 per_cluster_busy=1 dut_busy=1 ebreak_detect=0 axi_idle=1 mem_idle=1
# [TB_PROBE_PIPELINE @ 1743855000] cyc=174000 | ICACHE: req=0 ready=1 rsp=0 stall_cyc=90 | DCACHE: req=0 ready=1 rsp=0 stall_cyc=24 | PC=0x80000360 instr=0x00c5c7b3 ebreak_seen=0 exit_addr_seen=0
# [TB_STATUS @ 1753855000] cyc=175000 mem=6497 busy=1 idle=8
# [TB_PROBE_AXI @ 1753855000] cyc=175000 per_cluster_busy=1 dut_busy=1 ebreak_detect=0 axi_idle=1 mem_idle=1
# [TB_PROBE_PIPELINE @ 1753855000] cyc=175000 | ICACHE: req=0 ready=1 rsp=0 stall_cyc=90 | DCACHE: req=0 ready=1 rsp=0 stall_cyc=24 | PC=0x80000360 instr=0x00c5c7b3 ebreak_seen=0 exit_addr_seen=0
# [TB_STATUS @ 1763855000] cyc=176000 mem=6512 busy=1 idle=5
# [TB_PROBE_AXI @ 1763855000] cyc=176000 per_cluster_busy=1 dut_busy=1 ebreak_detect=0 axi_idle=1 mem_idle=1
# [TB_PROBE_PIPELINE @ 1763855000] cyc=176000 | ICACHE: req=0 ready=1 rsp=0 stall_cyc=90 | DCACHE: req=0 ready=1 rsp=0 stall_cyc=24 | PC=0x80000360 instr=0x00c5c7b3 ebreak_seen=0 exit_addr_seen=0
# [TB_STATUS @ 1773855000] cyc=177000 mem=6527 busy=1 idle=15
# [TB_PROBE_AXI @ 1773855000] cyc=177000 per_cluster_busy=1 dut_busy=1 ebreak_detect=0 axi_idle=1 mem_idle=1
# [TB_PROBE_PIPELINE @ 1773855000] cyc=177000 | ICACHE: req=0 ready=1 rsp=0 stall_cyc=90 | DCACHE: req=0 ready=1 rsp=0 stall_cyc=24 | PC=0x80000360 instr=0x00c5c7b3 ebreak_seen=0 exit_addr_seen=0
# [TB_STATUS @ 1783855000] cyc=178000 mem=6542 busy=1 idle=4
# [TB_PROBE_AXI @ 1783855000] cyc=178000 per_cluster_busy=1 dut_busy=1 ebreak_detect=0 axi_idle=0 mem_idle=1
# [TB_PROBE_PIPELINE @ 1783855000] cyc=178000 | ICACHE: req=1 ready=1 rsp=0 stall_cyc=90 | DCACHE: req=0 ready=1 rsp=0 stall_cyc=24 | PC=0x80000360 instr=0x00c5c7b3 ebreak_seen=0 exit_addr_seen=0
# [TB_STATUS @ 1793855000] cyc=179000 mem=6558 busy=1 idle=2
# [TB_PROBE_AXI @ 1793855000] cyc=179000 per_cluster_busy=1 dut_busy=1 ebreak_detect=0 axi_idle=1 mem_idle=1
# [TB_PROBE_PIPELINE @ 1793855000] cyc=179000 | ICACHE: req=0 ready=1 rsp=0 stall_cyc=90 | DCACHE: req=0 ready=1 rsp=0 stall_cyc=24 | PC=0x80000360 instr=0x00c5c7b3 ebreak_seen=0 exit_addr_seen=0
# [TB_STATUS @ 1803855000] cyc=180000 mem=6573 busy=1 idle=3
# [TB_PROBE_AXI @ 1803855000] cyc=180000 per_cluster_busy=1 dut_busy=1 ebreak_detect=0 axi_idle=1 mem_idle=1
# [TB_PROBE_PIPELINE @ 1803855000] cyc=180000 | ICACHE: req=0 ready=1 rsp=0 stall_cyc=90 | DCACHE: req=0 ready=1 rsp=0 stall_cyc=24 | PC=0x80000360 instr=0x00c5c7b3 ebreak_seen=0 exit_addr_seen=0
# [TB_STATUS @ 1813855000] cyc=181000 mem=6588 busy=1 idle=2
# [TB_PROBE_AXI @ 1813855000] cyc=181000 per_cluster_busy=1 dut_busy=1 ebreak_detect=0 axi_idle=1 mem_idle=1
# [TB_PROBE_PIPELINE @ 1813855000] cyc=181000 | ICACHE: req=0 ready=1 rsp=1 stall_cyc=90 | DCACHE: req=0 ready=1 rsp=0 stall_cyc=24 | PC=0x800001b0 instr=0xfe0784e3 ebreak_seen=0 exit_addr_seen=0
# [TB_STATUS @ 1823855000] cyc=182000 mem=6603 busy=1 idle=12
# [TB_PROBE_AXI @ 1823855000] cyc=182000 per_cluster_busy=1 dut_busy=1 ebreak_detect=0 axi_idle=1 mem_idle=1
# [TB_PROBE_PIPELINE @ 1823855000] cyc=182000 | ICACHE: req=0 ready=1 rsp=0 stall_cyc=90 | DCACHE: req=0 ready=1 rsp=0 stall_cyc=24 | PC=0x80000360 instr=0x00c5c7b3 ebreak_seen=0 exit_addr_seen=0
# [TB_STATUS @ 1833855000] cyc=183000 mem=6618 busy=1 idle=9
# [TB_PROBE_AXI @ 1833855000] cyc=183000 per_cluster_busy=1 dut_busy=1 ebreak_detect=0 axi_idle=1 mem_idle=1
# [TB_PROBE_PIPELINE @ 1833855000] cyc=183000 | ICACHE: req=0 ready=1 rsp=0 stall_cyc=90 | DCACHE: req=0 ready=1 rsp=0 stall_cyc=24 | PC=0x80000360 instr=0x00c5c7b3 ebreak_seen=0 exit_addr_seen=0
# [TB_STATUS @ 1843855000] cyc=184000 mem=6633 busy=1 idle=2
# [TB_PROBE_AXI @ 1843855000] cyc=184000 per_cluster_busy=1 dut_busy=1 ebreak_detect=0 axi_idle=1 mem_idle=1
# [TB_PROBE_PIPELINE @ 1843855000] cyc=184000 | ICACHE: req=1 ready=1 rsp=0 stall_cyc=90 | DCACHE: req=0 ready=1 rsp=0 stall_cyc=24 | PC=0x80000360 instr=0x00c5c7b3 ebreak_seen=0 exit_addr_seen=0
# [TB_STATUS @ 1853855000] cyc=185000 mem=6649 busy=1 idle=2
# [TB_PROBE_AXI @ 1853855000] cyc=185000 per_cluster_busy=1 dut_busy=1 ebreak_detect=0 axi_idle=1 mem_idle=1
# [TB_PROBE_PIPELINE @ 1853855000] cyc=185000 | ICACHE: req=0 ready=1 rsp=0 stall_cyc=90 | DCACHE: req=0 ready=1 rsp=0 stall_cyc=24 | PC=0x80000360 instr=0x00c5c7b3 ebreak_seen=0 exit_addr_seen=0
# [TB_STATUS @ 1863855000] cyc=186000 mem=6664 busy=1 idle=6
# [TB_PROBE_AXI @ 1863855000] cyc=186000 per_cluster_busy=1 dut_busy=1 ebreak_detect=0 axi_idle=1 mem_idle=1
# [TB_PROBE_PIPELINE @ 1863855000] cyc=186000 | ICACHE: req=0 ready=1 rsp=0 stall_cyc=90 | DCACHE: req=0 ready=1 rsp=0 stall_cyc=24 | PC=0x80000360 instr=0x00c5c7b3 ebreak_seen=0 exit_addr_seen=0
# [TB_STATUS @ 1873855000] cyc=187000 mem=6679 busy=1 idle=7
# [TB_PROBE_AXI @ 1873855000] cyc=187000 per_cluster_busy=1 dut_busy=1 ebreak_detect=0 axi_idle=1 mem_idle=1
# [TB_PROBE_PIPELINE @ 1873855000] cyc=187000 | ICACHE: req=0 ready=1 rsp=0 stall_cyc=90 | DCACHE: req=0 ready=1 rsp=0 stall_cyc=24 | PC=0x80000360 instr=0x00c5c7b3 ebreak_seen=0 exit_addr_seen=0
# [TB_STATUS @ 1883855000] cyc=188000 mem=6694 busy=1 idle=6
# [TB_PROBE_AXI @ 1883855000] cyc=188000 per_cluster_busy=1 dut_busy=1 ebreak_detect=0 axi_idle=1 mem_idle=1
# [TB_PROBE_PIPELINE @ 1883855000] cyc=188000 | ICACHE: req=0 ready=1 rsp=0 stall_cyc=90 | DCACHE: req=0 ready=1 rsp=0 stall_cyc=24 | PC=0x80000360 instr=0x00c5c7b3 ebreak_seen=0 exit_addr_seen=0
# [TB_STATUS @ 1893855000] cyc=189000 mem=6709 busy=1 idle=3
# [TB_PROBE_AXI @ 1893855000] cyc=189000 per_cluster_busy=1 dut_busy=1 ebreak_detect=0 axi_idle=1 mem_idle=1
# [TB_PROBE_PIPELINE @ 1893855000] cyc=189000 | ICACHE: req=0 ready=1 rsp=0 stall_cyc=90 | DCACHE: req=0 ready=1 rsp=0 stall_cyc=24 | PC=0x80000360 instr=0x00c5c7b3 ebreak_seen=0 exit_addr_seen=0
# [TB_STATUS @ 1903855000] cyc=190000 mem=6724 busy=1 idle=13
# [TB_PROBE_AXI @ 1903855000] cyc=190000 per_cluster_busy=1 dut_busy=1 ebreak_detect=0 axi_idle=1 mem_idle=1
# [TB_PROBE_PIPELINE @ 1903855000] cyc=190000 | ICACHE: req=1 ready=1 rsp=0 stall_cyc=90 | DCACHE: req=0 ready=1 rsp=0 stall_cyc=24 | PC=0x80000360 instr=0x00c5c7b3 ebreak_seen=0 exit_addr_seen=0
# [TB_STATUS @ 1913855000] cyc=191000 mem=6739 busy=1 idle=2
# [TB_PROBE_AXI @ 1913855000] cyc=191000 per_cluster_busy=1 dut_busy=1 ebreak_detect=0 axi_idle=0 mem_idle=1
# [TB_PROBE_PIPELINE @ 1913855000] cyc=191000 | ICACHE: req=0 ready=1 rsp=0 stall_cyc=90 | DCACHE: req=0 ready=1 rsp=0 stall_cyc=24 | PC=0x80000360 instr=0x00c5c7b3 ebreak_seen=0 exit_addr_seen=0
# [TB_STATUS @ 1923855000] cyc=192000 mem=6755 busy=1 idle=0
# [TB_PROBE_AXI @ 1923855000] cyc=192000 per_cluster_busy=1 dut_busy=1 ebreak_detect=0 axi_idle=1 mem_idle=1
# [TB_PROBE_PIPELINE @ 1923855000] cyc=192000 | ICACHE: req=0 ready=1 rsp=0 stall_cyc=90 | DCACHE: req=0 ready=1 rsp=0 stall_cyc=24 | PC=0x80000360 instr=0x00c5c7b3 ebreak_seen=0 exit_addr_seen=0
# [TB_STATUS @ 1933855000] cyc=193000 mem=6770 busy=1 idle=1
# [TB_PROBE_AXI @ 1933855000] cyc=193000 per_cluster_busy=1 dut_busy=1 ebreak_detect=0 axi_idle=1 mem_idle=1
# [TB_PROBE_PIPELINE @ 1933855000] cyc=193000 | ICACHE: req=0 ready=1 rsp=0 stall_cyc=90 | DCACHE: req=0 ready=1 rsp=0 stall_cyc=24 | PC=0x80000360 instr=0x00c5c7b3 ebreak_seen=0 exit_addr_seen=0
# [TB_STATUS @ 1943855000] cyc=194000 mem=6785 busy=1 idle=0
# [TB_PROBE_AXI @ 1943855000] cyc=194000 per_cluster_busy=1 dut_busy=1 ebreak_detect=0 axi_idle=1 mem_idle=1
# [TB_PROBE_PIPELINE @ 1943855000] cyc=194000 | ICACHE: req=0 ready=1 rsp=0 stall_cyc=90 | DCACHE: req=0 ready=1 rsp=0 stall_cyc=24 | PC=0x80000360 instr=0x00c5c7b3 ebreak_seen=0 exit_addr_seen=0
# [TB_STATUS @ 1953855000] cyc=195000 mem=6800 busy=1 idle=10
# [TB_PROBE_AXI @ 1953855000] cyc=195000 per_cluster_busy=1 dut_busy=1 ebreak_detect=0 axi_idle=1 mem_idle=1
# [TB_PROBE_PIPELINE @ 1953855000] cyc=195000 | ICACHE: req=0 ready=1 rsp=0 stall_cyc=90 | DCACHE: req=0 ready=1 rsp=0 stall_cyc=24 | PC=0x80000360 instr=0x00c5c7b3 ebreak_seen=0 exit_addr_seen=0
# [TB_STATUS @ 1963855000] cyc=196000 mem=6816 busy=1 idle=8
# [TB_PROBE_AXI @ 1963855000] cyc=196000 per_cluster_busy=1 dut_busy=1 ebreak_detect=0 axi_idle=1 mem_idle=1
# [TB_PROBE_PIPELINE @ 1963855000] cyc=196000 | ICACHE: req=0 ready=1 rsp=0 stall_cyc=90 | DCACHE: req=0 ready=1 rsp=0 stall_cyc=24 | PC=0x80000360 instr=0x00912823 ebreak_seen=0 exit_addr_seen=0
# [TB_STATUS @ 1973855000] cyc=197000 mem=6832 busy=1 idle=0
# [TB_PROBE_AXI @ 1973855000] cyc=197000 per_cluster_busy=1 dut_busy=1 ebreak_detect=0 axi_idle=1 mem_idle=1
# [TB_PROBE_PIPELINE @ 1973855000] cyc=197000 | ICACHE: req=0 ready=1 rsp=0 stall_cyc=90 | DCACHE: req=0 ready=1 rsp=0 stall_cyc=24 | PC=0x80000360 instr=0x00912823 ebreak_seen=0 exit_addr_seen=0
# [TB_STATUS @ 1983855000] cyc=198000 mem=6848 busy=1 idle=5
# [TB_PROBE_AXI @ 1983855000] cyc=198000 per_cluster_busy=1 dut_busy=1 ebreak_detect=0 axi_idle=1 mem_idle=1
# [TB_PROBE_PIPELINE @ 1983855000] cyc=198000 | ICACHE: req=0 ready=1 rsp=0 stall_cyc=90 | DCACHE: req=0 ready=1 rsp=0 stall_cyc=24 | PC=0x80000360 instr=0x00912823 ebreak_seen=0 exit_addr_seen=0
# [TB_STATUS @ 1993855000] cyc=199000 mem=6864 busy=1 idle=8
# [TB_PROBE_AXI @ 1993855000] cyc=199000 per_cluster_busy=1 dut_busy=1 ebreak_detect=0 axi_idle=1 mem_idle=1
# [TB_PROBE_PIPELINE @ 1993855000] cyc=199000 | ICACHE: req=0 ready=1 rsp=0 stall_cyc=90 | DCACHE: req=0 ready=1 rsp=0 stall_cyc=24 | PC=0x80000360 instr=0x00912823 ebreak_seen=0 exit_addr_seen=0
# [TB_TOP @ 2003845000] Progress: 200000 cycles
# [TB_STATUS @ 2003855000] cyc=200000 mem=6880 busy=1 idle=0
# [TB_PROBE_AXI @ 2003855000] cyc=200000 per_cluster_busy=1 dut_busy=1 ebreak_detect=0 axi_idle=1 mem_idle=1
# [TB_PROBE_PIPELINE @ 2003855000] cyc=200000 | ICACHE: req=0 ready=1 rsp=0 stall_cyc=90 | DCACHE: req=0 ready=1 rsp=0 stall_cyc=24 | PC=0x80000360 instr=0x00912823 ebreak_seen=0 exit_addr_seen=0
# [TB_STATUS @ 2013855000] cyc=201000 mem=6896 busy=1 idle=1
# [TB_PROBE_AXI @ 2013855000] cyc=201000 per_cluster_busy=1 dut_busy=1 ebreak_detect=0 axi_idle=1 mem_idle=1
# [TB_PROBE_PIPELINE @ 2013855000] cyc=201000 | ICACHE: req=0 ready=1 rsp=0 stall_cyc=90 | DCACHE: req=0 ready=1 rsp=0 stall_cyc=24 | PC=0x80000360 instr=0x00912823 ebreak_seen=0 exit_addr_seen=0
# [TB_STATUS @ 2023855000] cyc=202000 mem=6911 busy=1 idle=2
# [TB_PROBE_AXI @ 2023855000] cyc=202000 per_cluster_busy=1 dut_busy=1 ebreak_detect=0 axi_idle=0 mem_idle=1
# [TB_PROBE_PIPELINE @ 2023855000] cyc=202000 | ICACHE: req=0 ready=1 rsp=0 stall_cyc=90 | DCACHE: req=0 ready=1 rsp=0 stall_cyc=24 | PC=0x80000360 instr=0x00912823 ebreak_seen=0 exit_addr_seen=0
# [TB_STATUS @ 2033855000] cyc=203000 mem=6927 busy=1 idle=15
# [TB_PROBE_AXI @ 2033855000] cyc=203000 per_cluster_busy=1 dut_busy=1 ebreak_detect=0 axi_idle=1 mem_idle=1
# [TB_PROBE_PIPELINE @ 2033855000] cyc=203000 | ICACHE: req=0 ready=1 rsp=0 stall_cyc=90 | DCACHE: req=0 ready=1 rsp=0 stall_cyc=24 | PC=0x80000360 instr=0x00912823 ebreak_seen=0 exit_addr_seen=0
# [TB_STATUS @ 2043855000] cyc=204000 mem=6943 busy=1 idle=7
# [TB_PROBE_AXI @ 2043855000] cyc=204000 per_cluster_busy=1 dut_busy=1 ebreak_detect=0 axi_idle=1 mem_idle=1
# [TB_PROBE_PIPELINE @ 2043855000] cyc=204000 | ICACHE: req=1 ready=1 rsp=0 stall_cyc=90 | DCACHE: req=0 ready=1 rsp=0 stall_cyc=24 | PC=0x80000360 instr=0x00912823 ebreak_seen=0 exit_addr_seen=0
# [TB_STATUS @ 2053855000] cyc=205000 mem=6959 busy=1 idle=12
# [TB_PROBE_AXI @ 2053855000] cyc=205000 per_cluster_busy=1 dut_busy=1 ebreak_detect=0 axi_idle=1 mem_idle=1
# [TB_PROBE_PIPELINE @ 2053855000] cyc=205000 | ICACHE: req=0 ready=1 rsp=0 stall_cyc=90 | DCACHE: req=0 ready=1 rsp=0 stall_cyc=24 | PC=0x80000360 instr=0x00912823 ebreak_seen=0 exit_addr_seen=0
# [TB_STATUS @ 2063855000] cyc=206000 mem=6975 busy=1 idle=4
# [TB_PROBE_AXI @ 2063855000] cyc=206000 per_cluster_busy=1 dut_busy=1 ebreak_detect=0 axi_idle=1 mem_idle=1
# [TB_PROBE_PIPELINE @ 2063855000] cyc=206000 | ICACHE: req=0 ready=1 rsp=0 stall_cyc=90 | DCACHE: req=0 ready=1 rsp=0 stall_cyc=24 | PC=0x80000360 instr=0x00912823 ebreak_seen=0 exit_addr_seen=0
# [TB_STATUS @ 2073855000] cyc=207000 mem=6991 busy=1 idle=7
# [TB_PROBE_AXI @ 2073855000] cyc=207000 per_cluster_busy=1 dut_busy=1 ebreak_detect=0 axi_idle=1 mem_idle=1
# [TB_PROBE_PIPELINE @ 2073855000] cyc=207000 | ICACHE: req=0 ready=1 rsp=0 stall_cyc=90 | DCACHE: req=0 ready=1 rsp=0 stall_cyc=24 | PC=0x80000360 instr=0x00912823 ebreak_seen=0 exit_addr_seen=0
# [TB_STATUS @ 2083855000] cyc=208000 mem=7007 busy=1 idle=8
# [TB_PROBE_AXI @ 2083855000] cyc=208000 per_cluster_busy=1 dut_busy=1 ebreak_detect=0 axi_idle=1 mem_idle=1
# [TB_PROBE_PIPELINE @ 2083855000] cyc=208000 | ICACHE: req=0 ready=1 rsp=0 stall_cyc=90 | DCACHE: req=0 ready=1 rsp=0 stall_cyc=24 | PC=0x80000360 instr=0x00912823 ebreak_seen=0 exit_addr_seen=0
# [TB_STATUS @ 2093855000] cyc=209000 mem=7023 busy=1 idle=0
# [TB_PROBE_AXI @ 2093855000] cyc=209000 per_cluster_busy=1 dut_busy=1 ebreak_detect=0 axi_idle=1 mem_idle=1
# [TB_PROBE_PIPELINE @ 2093855000] cyc=209000 | ICACHE: req=0 ready=1 rsp=0 stall_cyc=90 | DCACHE: req=0 ready=1 rsp=0 stall_cyc=24 | PC=0x80000360 instr=0x00912823 ebreak_seen=0 exit_addr_seen=0
# [TB_STATUS @ 2103855000] cyc=210000 mem=7038 busy=1 idle=1
# [TB_PROBE_AXI @ 2103855000] cyc=210000 per_cluster_busy=1 dut_busy=1 ebreak_detect=0 axi_idle=0 mem_idle=1
# [TB_PROBE_PIPELINE @ 2103855000] cyc=210000 | ICACHE: req=0 ready=1 rsp=1 stall_cyc=90 | DCACHE: req=0 ready=1 rsp=0 stall_cyc=24 | PC=0x800001d0 instr=0x0016b693 ebreak_seen=0 exit_addr_seen=0
# [TB_STATUS @ 2113855000] cyc=211000 mem=7054 busy=1 idle=14
# [TB_PROBE_AXI @ 2113855000] cyc=211000 per_cluster_busy=1 dut_busy=1 ebreak_detect=0 axi_idle=1 mem_idle=1
# [TB_PROBE_PIPELINE @ 2113855000] cyc=211000 | ICACHE: req=0 ready=1 rsp=0 stall_cyc=90 | DCACHE: req=0 ready=1 rsp=0 stall_cyc=24 | PC=0x80000360 instr=0x00912823 ebreak_seen=0 exit_addr_seen=0
# [TB_STATUS @ 2123855000] cyc=212000 mem=7070 busy=1 idle=6
# [TB_PROBE_AXI @ 2123855000] cyc=212000 per_cluster_busy=1 dut_busy=1 ebreak_detect=0 axi_idle=1 mem_idle=1
# [TB_PROBE_PIPELINE @ 2123855000] cyc=212000 | ICACHE: req=0 ready=1 rsp=0 stall_cyc=90 | DCACHE: req=0 ready=1 rsp=0 stall_cyc=24 | PC=0x80000360 instr=0x00912823 ebreak_seen=0 exit_addr_seen=0
# [TB_STATUS @ 2133855000] cyc=213000 mem=7086 busy=1 idle=11
# [TB_PROBE_AXI @ 2133855000] cyc=213000 per_cluster_busy=1 dut_busy=1 ebreak_detect=0 axi_idle=1 mem_idle=1
# [TB_PROBE_PIPELINE @ 2133855000] cyc=213000 | ICACHE: req=0 ready=1 rsp=0 stall_cyc=90 | DCACHE: req=0 ready=1 rsp=0 stall_cyc=24 | PC=0x80000360 instr=0x00912823 ebreak_seen=0 exit_addr_seen=0
# [TB_STATUS @ 2143855000] cyc=214000 mem=7102 busy=1 idle=3
# [TB_PROBE_AXI @ 2143855000] cyc=214000 per_cluster_busy=1 dut_busy=1 ebreak_detect=0 axi_idle=1 mem_idle=1
# [TB_PROBE_PIPELINE @ 2143855000] cyc=214000 | ICACHE: req=0 ready=1 rsp=0 stall_cyc=90 | DCACHE: req=0 ready=1 rsp=0 stall_cyc=24 | PC=0x80000360 instr=0x00912823 ebreak_seen=0 exit_addr_seen=0
# [TB_STATUS @ 2153855000] cyc=215000 mem=7118 busy=1 idle=6
# [TB_PROBE_AXI @ 2153855000] cyc=215000 per_cluster_busy=1 dut_busy=1 ebreak_detect=0 axi_idle=1 mem_idle=1
# [TB_PROBE_PIPELINE @ 2153855000] cyc=215000 | ICACHE: req=0 ready=1 rsp=0 stall_cyc=90 | DCACHE: req=0 ready=1 rsp=0 stall_cyc=24 | PC=0x80000360 instr=0x00912823 ebreak_seen=0 exit_addr_seen=0
# [TB_STATUS @ 2163855000] cyc=216000 mem=7134 busy=1 idle=7
# [TB_PROBE_AXI @ 2163855000] cyc=216000 per_cluster_busy=1 dut_busy=1 ebreak_detect=0 axi_idle=1 mem_idle=1
# [TB_PROBE_PIPELINE @ 2163855000] cyc=216000 | ICACHE: req=0 ready=1 rsp=0 stall_cyc=90 | DCACHE: req=0 ready=1 rsp=0 stall_cyc=24 | PC=0x80000360 instr=0x00912823 ebreak_seen=0 exit_addr_seen=0
# [TB_STATUS @ 2173855000] cyc=217000 mem=7150 busy=1 idle=3
# [TB_PROBE_AXI @ 2173855000] cyc=217000 per_cluster_busy=1 dut_busy=1 ebreak_detect=0 axi_idle=1 mem_idle=1
# [TB_PROBE_PIPELINE @ 2173855000] cyc=217000 | ICACHE: req=0 ready=1 rsp=0 stall_cyc=90 | DCACHE: req=0 ready=1 rsp=0 stall_cyc=24 | PC=0x80000360 instr=0x00912823 ebreak_seen=0 exit_addr_seen=0
# [TB_STATUS @ 2183855000] cyc=218000 mem=7165 busy=1 idle=0
# [TB_PROBE_AXI @ 2183855000] cyc=218000 per_cluster_busy=1 dut_busy=1 ebreak_detect=0 axi_idle=0 mem_idle=1
# [TB_PROBE_PIPELINE @ 2183855000] cyc=218000 | ICACHE: req=0 ready=1 rsp=0 stall_cyc=90 | DCACHE: req=0 ready=1 rsp=0 stall_cyc=24 | PC=0x80000360 instr=0x00912823 ebreak_seen=0 exit_addr_seen=0
# [TB_STATUS @ 2193855000] cyc=219000 mem=7181 busy=1 idle=13
# [TB_PROBE_AXI @ 2193855000] cyc=219000 per_cluster_busy=1 dut_busy=1 ebreak_detect=0 axi_idle=1 mem_idle=1
# [TB_PROBE_PIPELINE @ 2193855000] cyc=219000 | ICACHE: req=1 ready=1 rsp=0 stall_cyc=90 | DCACHE: req=0 ready=1 rsp=0 stall_cyc=24 | PC=0x80000360 instr=0x00912823 ebreak_seen=0 exit_addr_seen=0
# [TB_STATUS @ 2203855000] cyc=220000 mem=7197 busy=1 idle=5
# [TB_PROBE_AXI @ 2203855000] cyc=220000 per_cluster_busy=1 dut_busy=1 ebreak_detect=0 axi_idle=1 mem_idle=1
# [TB_PROBE_PIPELINE @ 2203855000] cyc=220000 | ICACHE: req=0 ready=1 rsp=0 stall_cyc=90 | DCACHE: req=0 ready=1 rsp=0 stall_cyc=24 | PC=0x80000360 instr=0x00912823 ebreak_seen=0 exit_addr_seen=0
# [TB_STATUS @ 2213855000] cyc=221000 mem=7213 busy=1 idle=10
# [TB_PROBE_AXI @ 2213855000] cyc=221000 per_cluster_busy=1 dut_busy=1 ebreak_detect=0 axi_idle=1 mem_idle=1
# [TB_PROBE_PIPELINE @ 2213855000] cyc=221000 | ICACHE: req=0 ready=1 rsp=0 stall_cyc=90 | DCACHE: req=0 ready=1 rsp=0 stall_cyc=24 | PC=0x80000360 instr=0x00912823 ebreak_seen=0 exit_addr_seen=0
# [TB_STATUS @ 2223855000] cyc=222000 mem=7229 busy=1 idle=2
# [TB_PROBE_AXI @ 2223855000] cyc=222000 per_cluster_busy=1 dut_busy=1 ebreak_detect=0 axi_idle=1 mem_idle=1
# [TB_PROBE_PIPELINE @ 2223855000] cyc=222000 | ICACHE: req=0 ready=1 rsp=1 stall_cyc=90 | DCACHE: req=0 ready=1 rsp=0 stall_cyc=24 | PC=0x800001d8 instr=0xfe0686e3 ebreak_seen=0 exit_addr_seen=0
# [TB_STATUS @ 2233855000] cyc=223000 mem=7245 busy=1 idle=5
# [TB_PROBE_AXI @ 2233855000] cyc=223000 per_cluster_busy=1 dut_busy=1 ebreak_detect=0 axi_idle=1 mem_idle=1
# [TB_PROBE_PIPELINE @ 2233855000] cyc=223000 | ICACHE: req=0 ready=1 rsp=0 stall_cyc=90 | DCACHE: req=0 ready=1 rsp=0 stall_cyc=24 | PC=0x80000360 instr=0x00912823 ebreak_seen=0 exit_addr_seen=0
# [TB_STATUS @ 2243855000] cyc=224000 mem=7261 busy=1 idle=6
# [TB_PROBE_AXI @ 2243855000] cyc=224000 per_cluster_busy=1 dut_busy=1 ebreak_detect=0 axi_idle=1 mem_idle=1
# [TB_PROBE_PIPELINE @ 2243855000] cyc=224000 | ICACHE: req=0 ready=1 rsp=0 stall_cyc=90 | DCACHE: req=0 ready=1 rsp=0 stall_cyc=24 | PC=0x80000360 instr=0x00912823 ebreak_seen=0 exit_addr_seen=0
# [TB_STATUS @ 2253855000] cyc=225000 mem=7277 busy=1 idle=3
# [TB_PROBE_AXI @ 2253855000] cyc=225000 per_cluster_busy=1 dut_busy=1 ebreak_detect=0 axi_idle=1 mem_idle=1
# [TB_PROBE_PIPELINE @ 2253855000] cyc=225000 | ICACHE: req=0 ready=1 rsp=1 stall_cyc=90 | DCACHE: req=0 ready=1 rsp=0 stall_cyc=24 | PC=0x800001d4 instr=0x00c6d08b ebreak_seen=0 exit_addr_seen=0
# [TB_STATUS @ 2263855000] cyc=226000 mem=7292 busy=1 idle=3
# [TB_PROBE_AXI @ 2263855000] cyc=226000 per_cluster_busy=1 dut_busy=1 ebreak_detect=0 axi_idle=1 mem_idle=1
# [TB_PROBE_PIPELINE @ 2263855000] cyc=226000 | ICACHE: req=0 ready=1 rsp=0 stall_cyc=90 | DCACHE: req=0 ready=1 rsp=0 stall_cyc=24 | PC=0x80000360 instr=0x00912823 ebreak_seen=0 exit_addr_seen=0
# [TB_STATUS @ 2273855000] cyc=227000 mem=7308 busy=1 idle=12
# [TB_PROBE_AXI @ 2273855000] cyc=227000 per_cluster_busy=1 dut_busy=1 ebreak_detect=0 axi_idle=1 mem_idle=1
# [TB_PROBE_PIPELINE @ 2273855000] cyc=227000 | ICACHE: req=0 ready=1 rsp=0 stall_cyc=90 | DCACHE: req=0 ready=1 rsp=0 stall_cyc=24 | PC=0x80000360 instr=0x00912823 ebreak_seen=0 exit_addr_seen=0
# [TB_STATUS @ 2283855000] cyc=228000 mem=7324 busy=1 idle=4
# [TB_PROBE_AXI @ 2283855000] cyc=228000 per_cluster_busy=1 dut_busy=1 ebreak_detect=0 axi_idle=1 mem_idle=1
# [TB_PROBE_PIPELINE @ 2283855000] cyc=228000 | ICACHE: req=0 ready=1 rsp=1 stall_cyc=90 | DCACHE: req=0 ready=1 rsp=0 stall_cyc=24 | PC=0x800001c4 instr=0x0005a023 ebreak_seen=0 exit_addr_seen=0
# [TB_STATUS @ 2293855000] cyc=229000 mem=7340 busy=1 idle=9
# [TB_PROBE_AXI @ 2293855000] cyc=229000 per_cluster_busy=1 dut_busy=1 ebreak_detect=0 axi_idle=1 mem_idle=1
# [TB_PROBE_PIPELINE @ 2293855000] cyc=229000 | ICACHE: req=0 ready=1 rsp=0 stall_cyc=90 | DCACHE: req=0 ready=1 rsp=0 stall_cyc=24 | PC=0x80000360 instr=0x00912823 ebreak_seen=0 exit_addr_seen=0
# [TB_STATUS @ 2303855000] cyc=230000 mem=7356 busy=1 idle=1
# [TB_PROBE_AXI @ 2303855000] cyc=230000 per_cluster_busy=1 dut_busy=1 ebreak_detect=0 axi_idle=1 mem_idle=1
# [TB_PROBE_PIPELINE @ 2303855000] cyc=230000 | ICACHE: req=0 ready=1 rsp=0 stall_cyc=90 | DCACHE: req=0 ready=1 rsp=0 stall_cyc=24 | PC=0x80000360 instr=0x00912823 ebreak_seen=0 exit_addr_seen=0
# [TB_STATUS @ 2313855000] cyc=231000 mem=7372 busy=1 idle=4
# [TB_PROBE_AXI @ 2313855000] cyc=231000 per_cluster_busy=1 dut_busy=1 ebreak_detect=0 axi_idle=1 mem_idle=1
# [TB_PROBE_PIPELINE @ 2313855000] cyc=231000 | ICACHE: req=0 ready=1 rsp=0 stall_cyc=90 | DCACHE: req=0 ready=1 rsp=0 stall_cyc=24 | PC=0x80000360 instr=0x00912823 ebreak_seen=0 exit_addr_seen=0
# [TB_STATUS @ 2323855000] cyc=232000 mem=7388 busy=1 idle=5
# [TB_PROBE_AXI @ 2323855000] cyc=232000 per_cluster_busy=1 dut_busy=1 ebreak_detect=0 axi_idle=1 mem_idle=1
# [TB_PROBE_PIPELINE @ 2323855000] cyc=232000 | ICACHE: req=0 ready=1 rsp=0 stall_cyc=90 | DCACHE: req=0 ready=1 rsp=0 stall_cyc=24 | PC=0x80000360 instr=0x00912823 ebreak_seen=0 exit_addr_seen=0
# [TB_STATUS @ 2333855000] cyc=233000 mem=7404 busy=1 idle=1
# [TB_PROBE_AXI @ 2333855000] cyc=233000 per_cluster_busy=1 dut_busy=1 ebreak_detect=0 axi_idle=1 mem_idle=1
# [TB_PROBE_PIPELINE @ 2333855000] cyc=233000 | ICACHE: req=0 ready=1 rsp=0 stall_cyc=90 | DCACHE: req=0 ready=1 rsp=0 stall_cyc=24 | PC=0x80000360 instr=0x00912823 ebreak_seen=0 exit_addr_seen=0
# [TB_STATUS @ 2343855000] cyc=234000 mem=7419 busy=1 idle=2
# [TB_PROBE_AXI @ 2343855000] cyc=234000 per_cluster_busy=1 dut_busy=1 ebreak_detect=0 axi_idle=1 mem_idle=1
# [TB_PROBE_PIPELINE @ 2343855000] cyc=234000 | ICACHE: req=1 ready=1 rsp=0 stall_cyc=90 | DCACHE: req=0 ready=1 rsp=0 stall_cyc=24 | PC=0x80000360 instr=0x00912823 ebreak_seen=0 exit_addr_seen=0
# [TB_STATUS @ 2353855000] cyc=235000 mem=7435 busy=1 idle=11
# [TB_PROBE_AXI @ 2353855000] cyc=235000 per_cluster_busy=1 dut_busy=1 ebreak_detect=0 axi_idle=1 mem_idle=1
# [TB_PROBE_PIPELINE @ 2353855000] cyc=235000 | ICACHE: req=0 ready=1 rsp=0 stall_cyc=90 | DCACHE: req=0 ready=1 rsp=0 stall_cyc=24 | PC=0x80000360 instr=0x00912823 ebreak_seen=0 exit_addr_seen=0
# [TB_STATUS @ 2363855000] cyc=236000 mem=7451 busy=1 idle=3
# [TB_PROBE_AXI @ 2363855000] cyc=236000 per_cluster_busy=1 dut_busy=1 ebreak_detect=0 axi_idle=1 mem_idle=1
# [TB_PROBE_PIPELINE @ 2363855000] cyc=236000 | ICACHE: req=0 ready=1 rsp=0 stall_cyc=90 | DCACHE: req=0 ready=1 rsp=0 stall_cyc=24 | PC=0x80000360 instr=0x00912823 ebreak_seen=0 exit_addr_seen=0
# [TB_STATUS @ 2373855000] cyc=237000 mem=7467 busy=1 idle=8
# [TB_PROBE_AXI @ 2373855000] cyc=237000 per_cluster_busy=1 dut_busy=1 ebreak_detect=0 axi_idle=1 mem_idle=1
# [TB_PROBE_PIPELINE @ 2373855000] cyc=237000 | ICACHE: req=0 ready=1 rsp=0 stall_cyc=90 | DCACHE: req=0 ready=1 rsp=0 stall_cyc=24 | PC=0x80000360 instr=0x00912823 ebreak_seen=0 exit_addr_seen=0
# [TB_STATUS @ 2383855000] cyc=238000 mem=7483 busy=1 idle=0
# [TB_PROBE_AXI @ 2383855000] cyc=238000 per_cluster_busy=1 dut_busy=1 ebreak_detect=0 axi_idle=1 mem_idle=1
# [TB_PROBE_PIPELINE @ 2383855000] cyc=238000 | ICACHE: req=0 ready=1 rsp=0 stall_cyc=90 | DCACHE: req=0 ready=1 rsp=0 stall_cyc=24 | PC=0x80000360 instr=0x00912823 ebreak_seen=0 exit_addr_seen=0
# [TB_STATUS @ 2393855000] cyc=239000 mem=7499 busy=1 idle=3
# [TB_PROBE_AXI @ 2393855000] cyc=239000 per_cluster_busy=1 dut_busy=1 ebreak_detect=0 axi_idle=1 mem_idle=1
# [TB_PROBE_PIPELINE @ 2393855000] cyc=239000 | ICACHE: req=0 ready=1 rsp=0 stall_cyc=90 | DCACHE: req=0 ready=1 rsp=0 stall_cyc=24 | PC=0x80000360 instr=0x00912823 ebreak_seen=0 exit_addr_seen=0
# [TB_STATUS @ 2403855000] cyc=240000 mem=7515 busy=1 idle=4
# [TB_PROBE_AXI @ 2403855000] cyc=240000 per_cluster_busy=1 dut_busy=1 ebreak_detect=0 axi_idle=1 mem_idle=1
# [TB_PROBE_PIPELINE @ 2403855000] cyc=240000 | ICACHE: req=0 ready=1 rsp=0 stall_cyc=90 | DCACHE: req=0 ready=1 rsp=0 stall_cyc=24 | PC=0x80000360 instr=0x00912823 ebreak_seen=0 exit_addr_seen=0
# [TB_STATUS @ 2413855000] cyc=241000 mem=7531 busy=1 idle=1
# [TB_PROBE_AXI @ 2413855000] cyc=241000 per_cluster_busy=1 dut_busy=1 ebreak_detect=0 axi_idle=1 mem_idle=1
# [TB_PROBE_PIPELINE @ 2413855000] cyc=241000 | ICACHE: req=0 ready=1 rsp=0 stall_cyc=90 | DCACHE: req=0 ready=1 rsp=0 stall_cyc=24 | PC=0x80000360 instr=0x00912823 ebreak_seen=0 exit_addr_seen=0
# [TB_STATUS @ 2423855000] cyc=242000 mem=7546 busy=1 idle=1
# [TB_PROBE_AXI @ 2423855000] cyc=242000 per_cluster_busy=1 dut_busy=1 ebreak_detect=0 axi_idle=1 mem_idle=1
# [TB_PROBE_PIPELINE @ 2423855000] cyc=242000 | ICACHE: req=0 ready=1 rsp=0 stall_cyc=90 | DCACHE: req=0 ready=1 rsp=0 stall_cyc=24 | PC=0x80000360 instr=0x00912823 ebreak_seen=0 exit_addr_seen=0
# [TB_STATUS @ 2433855000] cyc=243000 mem=7562 busy=1 idle=10
# [TB_PROBE_AXI @ 2433855000] cyc=243000 per_cluster_busy=1 dut_busy=1 ebreak_detect=0 axi_idle=1 mem_idle=1
# [TB_PROBE_PIPELINE @ 2433855000] cyc=243000 | ICACHE: req=0 ready=1 rsp=1 stall_cyc=90 | DCACHE: req=0 ready=1 rsp=0 stall_cyc=24 | PC=0x800001c8 instr=0x00458593 ebreak_seen=0 exit_addr_seen=0
# [TB_STATUS @ 2443855000] cyc=244000 mem=7578 busy=1 idle=2
# [TB_PROBE_AXI @ 2443855000] cyc=244000 per_cluster_busy=1 dut_busy=1 ebreak_detect=0 axi_idle=1 mem_idle=1
# [TB_PROBE_PIPELINE @ 2443855000] cyc=244000 | ICACHE: req=0 ready=1 rsp=0 stall_cyc=90 | DCACHE: req=0 ready=1 rsp=0 stall_cyc=24 | PC=0x80000360 instr=0x00912823 ebreak_seen=0 exit_addr_seen=0
# [TB_STATUS @ 2453855000] cyc=245000 mem=7594 busy=1 idle=7
# [TB_PROBE_AXI @ 2453855000] cyc=245000 per_cluster_busy=1 dut_busy=1 ebreak_detect=0 axi_idle=1 mem_idle=1
# [TB_PROBE_PIPELINE @ 2453855000] cyc=245000 | ICACHE: req=0 ready=1 rsp=0 stall_cyc=90 | DCACHE: req=0 ready=1 rsp=0 stall_cyc=24 | PC=0x80000360 instr=0x00912823 ebreak_seen=0 exit_addr_seen=0
# [TB_STATUS @ 2463855000] cyc=246000 mem=7610 busy=1 idle=10
# [TB_PROBE_AXI @ 2463855000] cyc=246000 per_cluster_busy=1 dut_busy=1 ebreak_detect=0 axi_idle=1 mem_idle=1
# [TB_PROBE_PIPELINE @ 2463855000] cyc=246000 | ICACHE: req=1 ready=1 rsp=0 stall_cyc=90 | DCACHE: req=0 ready=1 rsp=0 stall_cyc=24 | PC=0x80000360 instr=0x00912823 ebreak_seen=0 exit_addr_seen=0
# [TB_STATUS @ 2473855000] cyc=247000 mem=7626 busy=1 idle=2
# [TB_PROBE_AXI @ 2473855000] cyc=247000 per_cluster_busy=1 dut_busy=1 ebreak_detect=0 axi_idle=1 mem_idle=1
# [TB_PROBE_PIPELINE @ 2473855000] cyc=247000 | ICACHE: req=0 ready=1 rsp=0 stall_cyc=90 | DCACHE: req=0 ready=1 rsp=0 stall_cyc=24 | PC=0x80000360 instr=0x00912823 ebreak_seen=0 exit_addr_seen=0
# [TB_STATUS @ 2483855000] cyc=248000 mem=7642 busy=1 idle=3
# [TB_PROBE_AXI @ 2483855000] cyc=248000 per_cluster_busy=1 dut_busy=1 ebreak_detect=0 axi_idle=1 mem_idle=1
# [TB_PROBE_PIPELINE @ 2483855000] cyc=248000 | ICACHE: req=0 ready=1 rsp=0 stall_cyc=90 | DCACHE: req=0 ready=1 rsp=0 stall_cyc=24 | PC=0x80000360 instr=0x00912823 ebreak_seen=0 exit_addr_seen=0
# [TB_STATUS @ 2493855000] cyc=249000 mem=7657 busy=1 idle=4
# [TB_PROBE_AXI @ 2493855000] cyc=249000 per_cluster_busy=1 dut_busy=1 ebreak_detect=0 axi_idle=0 mem_idle=1
# [TB_PROBE_PIPELINE @ 2493855000] cyc=249000 | ICACHE: req=1 ready=1 rsp=0 stall_cyc=90 | DCACHE: req=0 ready=1 rsp=0 stall_cyc=24 | PC=0x80000360 instr=0x00912823 ebreak_seen=0 exit_addr_seen=0
# [TB_STATUS @ 2503855000] cyc=250000 mem=7673 busy=1 idle=0
# [TB_PROBE_AXI @ 2503855000] cyc=250000 per_cluster_busy=1 dut_busy=1 ebreak_detect=0 axi_idle=1 mem_idle=1
# [TB_PROBE_PIPELINE @ 2503855000] cyc=250000 | ICACHE: req=0 ready=1 rsp=0 stall_cyc=90 | DCACHE: req=0 ready=1 rsp=0 stall_cyc=24 | PC=0x80000360 instr=0x00912823 ebreak_seen=0 exit_addr_seen=0
# [TB_STATUS @ 2513855000] cyc=251000 mem=7689 busy=1 idle=9
# [TB_PROBE_AXI @ 2513855000] cyc=251000 per_cluster_busy=1 dut_busy=1 ebreak_detect=0 axi_idle=1 mem_idle=1
# [TB_PROBE_PIPELINE @ 2513855000] cyc=251000 | ICACHE: req=0 ready=1 rsp=0 stall_cyc=90 | DCACHE: req=0 ready=1 rsp=0 stall_cyc=24 | PC=0x80000360 instr=0x00912823 ebreak_seen=0 exit_addr_seen=0
# [TB_STATUS @ 2523855000] cyc=252000 mem=7705 busy=1 idle=1
# [TB_PROBE_AXI @ 2523855000] cyc=252000 per_cluster_busy=1 dut_busy=1 ebreak_detect=0 axi_idle=1 mem_idle=1
# [TB_PROBE_PIPELINE @ 2523855000] cyc=252000 | ICACHE: req=1 ready=1 rsp=0 stall_cyc=90 | DCACHE: req=0 ready=1 rsp=0 stall_cyc=24 | PC=0x80000360 instr=0x00912823 ebreak_seen=0 exit_addr_seen=0
# [TB_STATUS @ 2533855000] cyc=253000 mem=7721 busy=1 idle=6
# [TB_PROBE_AXI @ 2533855000] cyc=253000 per_cluster_busy=1 dut_busy=1 ebreak_detect=0 axi_idle=1 mem_idle=1
# [TB_PROBE_PIPELINE @ 2533855000] cyc=253000 | ICACHE: req=0 ready=1 rsp=0 stall_cyc=90 | DCACHE: req=0 ready=1 rsp=0 stall_cyc=24 | PC=0x80000360 instr=0x00912823 ebreak_seen=0 exit_addr_seen=0
# [TB_STATUS @ 2543855000] cyc=254000 mem=7737 busy=1 idle=9
# [TB_PROBE_AXI @ 2543855000] cyc=254000 per_cluster_busy=1 dut_busy=1 ebreak_detect=0 axi_idle=1 mem_idle=1
# [TB_PROBE_PIPELINE @ 2543855000] cyc=254000 | ICACHE: req=0 ready=1 rsp=0 stall_cyc=90 | DCACHE: req=0 ready=1 rsp=0 stall_cyc=24 | PC=0x80000360 instr=0x00912823 ebreak_seen=0 exit_addr_seen=0
# [TB_STATUS @ 2553855000] cyc=255000 mem=7753 busy=1 idle=1
# [TB_PROBE_AXI @ 2553855000] cyc=255000 per_cluster_busy=1 dut_busy=1 ebreak_detect=0 axi_idle=1 mem_idle=1
# [TB_PROBE_PIPELINE @ 2553855000] cyc=255000 | ICACHE: req=0 ready=1 rsp=0 stall_cyc=90 | DCACHE: req=0 ready=1 rsp=0 stall_cyc=24 | PC=0x80000360 instr=0x00912823 ebreak_seen=0 exit_addr_seen=0
# [TB_STATUS @ 2563855000] cyc=256000 mem=7769 busy=1 idle=2
# [TB_PROBE_AXI @ 2563855000] cyc=256000 per_cluster_busy=1 dut_busy=1 ebreak_detect=0 axi_idle=1 mem_idle=1
# [TB_PROBE_PIPELINE @ 2563855000] cyc=256000 | ICACHE: req=0 ready=1 rsp=0 stall_cyc=90 | DCACHE: req=0 ready=1 rsp=0 stall_cyc=24 | PC=0x80000360 instr=0x00912823 ebreak_seen=0 exit_addr_seen=0
# [TB_STATUS @ 2573855000] cyc=257000 mem=7784 busy=1 idle=3
# [TB_PROBE_AXI @ 2573855000] cyc=257000 per_cluster_busy=1 dut_busy=1 ebreak_detect=0 axi_idle=0 mem_idle=1
# [TB_PROBE_PIPELINE @ 2573855000] cyc=257000 | ICACHE: req=0 ready=1 rsp=0 stall_cyc=90 | DCACHE: req=0 ready=1 rsp=0 stall_cyc=24 | PC=0x80000360 instr=0x00912823 ebreak_seen=0 exit_addr_seen=0
# [TB_STATUS @ 2583855000] cyc=258000 mem=7800 busy=1 idle=16
# [TB_PROBE_AXI @ 2583855000] cyc=258000 per_cluster_busy=1 dut_busy=1 ebreak_detect=0 axi_idle=1 mem_idle=1
# [TB_PROBE_PIPELINE @ 2583855000] cyc=258000 | ICACHE: req=0 ready=1 rsp=1 stall_cyc=90 | DCACHE: req=1 ready=1 rsp=0 stall_cyc=24 | PC=0x800001cc instr=0x00a5c6b3 ebreak_seen=0 exit_addr_seen=0
# [TB_STATUS @ 2593855000] cyc=259000 mem=7816 busy=1 idle=8
# [TB_PROBE_AXI @ 2593855000] cyc=259000 per_cluster_busy=1 dut_busy=1 ebreak_detect=0 axi_idle=1 mem_idle=1
# [TB_PROBE_PIPELINE @ 2593855000] cyc=259000 | ICACHE: req=0 ready=1 rsp=0 stall_cyc=90 | DCACHE: req=0 ready=1 rsp=0 stall_cyc=24 | PC=0x80000360 instr=0x00912823 ebreak_seen=0 exit_addr_seen=0
# [TB_STATUS @ 2603855000] cyc=260000 mem=7832 busy=1 idle=0
# [TB_PROBE_AXI @ 2603855000] cyc=260000 per_cluster_busy=1 dut_busy=1 ebreak_detect=0 axi_idle=1 mem_idle=1
# [TB_PROBE_PIPELINE @ 2603855000] cyc=260000 | ICACHE: req=0 ready=1 rsp=0 stall_cyc=90 | DCACHE: req=0 ready=1 rsp=0 stall_cyc=24 | PC=0x80000360 instr=0x00912823 ebreak_seen=0 exit_addr_seen=0
# [TB_STATUS @ 2613855000] cyc=261000 mem=7848 busy=1 idle=5
# [TB_PROBE_AXI @ 2613855000] cyc=261000 per_cluster_busy=1 dut_busy=1 ebreak_detect=0 axi_idle=1 mem_idle=1
# [TB_PROBE_PIPELINE @ 2613855000] cyc=261000 | ICACHE: req=0 ready=1 rsp=0 stall_cyc=90 | DCACHE: req=0 ready=1 rsp=0 stall_cyc=24 | PC=0x80000360 instr=0x00912823 ebreak_seen=0 exit_addr_seen=0
# [TB_STATUS @ 2623855000] cyc=262000 mem=7864 busy=1 idle=8
# [TB_PROBE_AXI @ 2623855000] cyc=262000 per_cluster_busy=1 dut_busy=1 ebreak_detect=0 axi_idle=1 mem_idle=1
# [TB_PROBE_PIPELINE @ 2623855000] cyc=262000 | ICACHE: req=0 ready=1 rsp=0 stall_cyc=90 | DCACHE: req=0 ready=1 rsp=0 stall_cyc=24 | PC=0x80000360 instr=0x00912823 ebreak_seen=0 exit_addr_seen=0
# [TB_STATUS @ 2633855000] cyc=263000 mem=7880 busy=1 idle=0
# [TB_PROBE_AXI @ 2633855000] cyc=263000 per_cluster_busy=1 dut_busy=1 ebreak_detect=0 axi_idle=1 mem_idle=1
# [TB_PROBE_PIPELINE @ 2633855000] cyc=263000 | ICACHE: req=0 ready=1 rsp=0 stall_cyc=90 | DCACHE: req=0 ready=1 rsp=0 stall_cyc=24 | PC=0x80000360 instr=0x00912823 ebreak_seen=0 exit_addr_seen=0
# [TB_STATUS @ 2643855000] cyc=264000 mem=7896 busy=1 idle=1
# [TB_PROBE_AXI @ 2643855000] cyc=264000 per_cluster_busy=1 dut_busy=1 ebreak_detect=0 axi_idle=1 mem_idle=1
# [TB_PROBE_PIPELINE @ 2643855000] cyc=264000 | ICACHE: req=0 ready=1 rsp=0 stall_cyc=90 | DCACHE: req=0 ready=1 rsp=0 stall_cyc=24 | PC=0x80000360 instr=0x00912823 ebreak_seen=0 exit_addr_seen=0
# [TB_STATUS @ 2653855000] cyc=265000 mem=7911 busy=1 idle=2
# [TB_PROBE_AXI @ 2653855000] cyc=265000 per_cluster_busy=1 dut_busy=1 ebreak_detect=0 axi_idle=0 mem_idle=1
# [TB_PROBE_PIPELINE @ 2653855000] cyc=265000 | ICACHE: req=0 ready=1 rsp=0 stall_cyc=90 | DCACHE: req=0 ready=1 rsp=0 stall_cyc=24 | PC=0x80000360 instr=0x00912823 ebreak_seen=0 exit_addr_seen=0
# [TB_STATUS @ 2663855000] cyc=266000 mem=7927 busy=1 idle=15
# [TB_PROBE_AXI @ 2663855000] cyc=266000 per_cluster_busy=1 dut_busy=1 ebreak_detect=0 axi_idle=1 mem_idle=1
# [TB_PROBE_PIPELINE @ 2663855000] cyc=266000 | ICACHE: req=0 ready=1 rsp=0 stall_cyc=90 | DCACHE: req=0 ready=1 rsp=0 stall_cyc=24 | PC=0x80000360 instr=0x00912823 ebreak_seen=0 exit_addr_seen=0
# [TB_STATUS @ 2673855000] cyc=267000 mem=7943 busy=1 idle=7
# [TB_PROBE_AXI @ 2673855000] cyc=267000 per_cluster_busy=1 dut_busy=1 ebreak_detect=0 axi_idle=1 mem_idle=1
# [TB_PROBE_PIPELINE @ 2673855000] cyc=267000 | ICACHE: req=1 ready=1 rsp=0 stall_cyc=90 | DCACHE: req=0 ready=1 rsp=0 stall_cyc=24 | PC=0x80000360 instr=0x00912823 ebreak_seen=0 exit_addr_seen=0
# [TB_STATUS @ 2683855000] cyc=268000 mem=7959 busy=1 idle=12
# [TB_PROBE_AXI @ 2683855000] cyc=268000 per_cluster_busy=1 dut_busy=1 ebreak_detect=0 axi_idle=1 mem_idle=1
# [TB_PROBE_PIPELINE @ 2683855000] cyc=268000 | ICACHE: req=0 ready=1 rsp=0 stall_cyc=90 | DCACHE: req=0 ready=1 rsp=0 stall_cyc=24 | PC=0x80000360 instr=0x00912823 ebreak_seen=0 exit_addr_seen=0
# [TB_STATUS @ 2693855000] cyc=269000 mem=7975 busy=1 idle=4
# [TB_PROBE_AXI @ 2693855000] cyc=269000 per_cluster_busy=1 dut_busy=1 ebreak_detect=0 axi_idle=1 mem_idle=1
# [TB_PROBE_PIPELINE @ 2693855000] cyc=269000 | ICACHE: req=0 ready=1 rsp=0 stall_cyc=90 | DCACHE: req=0 ready=1 rsp=0 stall_cyc=24 | PC=0x80000360 instr=0x00912823 ebreak_seen=0 exit_addr_seen=0
# [TB_STATUS @ 2703855000] cyc=270000 mem=7991 busy=1 idle=7
# [TB_PROBE_AXI @ 2703855000] cyc=270000 per_cluster_busy=1 dut_busy=1 ebreak_detect=0 axi_idle=1 mem_idle=1
# [TB_PROBE_PIPELINE @ 2703855000] cyc=270000 | ICACHE: req=0 ready=1 rsp=0 stall_cyc=90 | DCACHE: req=0 ready=1 rsp=0 stall_cyc=24 | PC=0x80000360 instr=0x00912823 ebreak_seen=0 exit_addr_seen=0
# [TB_STATUS @ 2713855000] cyc=271000 mem=8007 busy=1 idle=8
# [TB_PROBE_AXI @ 2713855000] cyc=271000 per_cluster_busy=1 dut_busy=1 ebreak_detect=0 axi_idle=1 mem_idle=1
# [TB_PROBE_PIPELINE @ 2713855000] cyc=271000 | ICACHE: req=0 ready=1 rsp=0 stall_cyc=90 | DCACHE: req=0 ready=1 rsp=0 stall_cyc=24 | PC=0x80000360 instr=0x00912823 ebreak_seen=0 exit_addr_seen=0
# [TB_STATUS @ 2723855000] cyc=272000 mem=8023 busy=1 idle=0
# [TB_PROBE_AXI @ 2723855000] cyc=272000 per_cluster_busy=1 dut_busy=1 ebreak_detect=0 axi_idle=1 mem_idle=1
# [TB_PROBE_PIPELINE @ 2723855000] cyc=272000 | ICACHE: req=0 ready=1 rsp=0 stall_cyc=90 | DCACHE: req=0 ready=1 rsp=0 stall_cyc=24 | PC=0x80000360 instr=0x00912823 ebreak_seen=0 exit_addr_seen=0
# [TB_STATUS @ 2733855000] cyc=273000 mem=8038 busy=1 idle=1
# [TB_PROBE_AXI @ 2733855000] cyc=273000 per_cluster_busy=1 dut_busy=1 ebreak_detect=0 axi_idle=0 mem_idle=1
# [TB_PROBE_PIPELINE @ 2733855000] cyc=273000 | ICACHE: req=0 ready=1 rsp=1 stall_cyc=90 | DCACHE: req=0 ready=1 rsp=0 stall_cyc=24 | PC=0x800001d0 instr=0x0016b693 ebreak_seen=0 exit_addr_seen=0
# [TB_STATUS @ 2743855000] cyc=274000 mem=8054 busy=1 idle=14
# [TB_PROBE_AXI @ 2743855000] cyc=274000 per_cluster_busy=1 dut_busy=1 ebreak_detect=0 axi_idle=1 mem_idle=1
# [TB_PROBE_PIPELINE @ 2743855000] cyc=274000 | ICACHE: req=0 ready=1 rsp=0 stall_cyc=90 | DCACHE: req=0 ready=1 rsp=0 stall_cyc=24 | PC=0x80000360 instr=0x00912823 ebreak_seen=0 exit_addr_seen=0
# [TB_STATUS @ 2753855000] cyc=275000 mem=8070 busy=1 idle=6
# [TB_PROBE_AXI @ 2753855000] cyc=275000 per_cluster_busy=1 dut_busy=1 ebreak_detect=0 axi_idle=1 mem_idle=1
# [TB_PROBE_PIPELINE @ 2753855000] cyc=275000 | ICACHE: req=0 ready=1 rsp=0 stall_cyc=90 | DCACHE: req=0 ready=1 rsp=0 stall_cyc=24 | PC=0x80000360 instr=0x00912823 ebreak_seen=0 exit_addr_seen=0
# [TB_STATUS @ 2763855000] cyc=276000 mem=8086 busy=1 idle=11
# [TB_PROBE_AXI @ 2763855000] cyc=276000 per_cluster_busy=1 dut_busy=1 ebreak_detect=0 axi_idle=1 mem_idle=1
# [TB_PROBE_PIPELINE @ 2763855000] cyc=276000 | ICACHE: req=0 ready=1 rsp=0 stall_cyc=90 | DCACHE: req=0 ready=1 rsp=0 stall_cyc=24 | PC=0x80000360 instr=0x00912823 ebreak_seen=0 exit_addr_seen=0
# [TB_STATUS @ 2773855000] cyc=277000 mem=8102 busy=1 idle=3
# [TB_PROBE_AXI @ 2773855000] cyc=277000 per_cluster_busy=1 dut_busy=1 ebreak_detect=0 axi_idle=1 mem_idle=1
# [TB_PROBE_PIPELINE @ 2773855000] cyc=277000 | ICACHE: req=0 ready=1 rsp=0 stall_cyc=90 | DCACHE: req=0 ready=1 rsp=0 stall_cyc=24 | PC=0x80000360 instr=0x00912823 ebreak_seen=0 exit_addr_seen=0
# [TB_STATUS @ 2783855000] cyc=278000 mem=8118 busy=1 idle=6
# [TB_PROBE_AXI @ 2783855000] cyc=278000 per_cluster_busy=1 dut_busy=1 ebreak_detect=0 axi_idle=1 mem_idle=1
# [TB_PROBE_PIPELINE @ 2783855000] cyc=278000 | ICACHE: req=0 ready=1 rsp=0 stall_cyc=90 | DCACHE: req=0 ready=1 rsp=0 stall_cyc=24 | PC=0x80000360 instr=0x00912823 ebreak_seen=0 exit_addr_seen=0
# [TB_STATUS @ 2793855000] cyc=279000 mem=8134 busy=1 idle=7
# [TB_PROBE_AXI @ 2793855000] cyc=279000 per_cluster_busy=1 dut_busy=1 ebreak_detect=0 axi_idle=1 mem_idle=1
# [TB_PROBE_PIPELINE @ 2793855000] cyc=279000 | ICACHE: req=0 ready=1 rsp=0 stall_cyc=90 | DCACHE: req=0 ready=1 rsp=0 stall_cyc=24 | PC=0x80000360 instr=0x00912823 ebreak_seen=0 exit_addr_seen=0
# [TB_STATUS @ 2803855000] cyc=280000 mem=8150 busy=1 idle=3
# [TB_PROBE_AXI @ 2803855000] cyc=280000 per_cluster_busy=1 dut_busy=1 ebreak_detect=0 axi_idle=1 mem_idle=1
# [TB_PROBE_PIPELINE @ 2803855000] cyc=280000 | ICACHE: req=0 ready=1 rsp=0 stall_cyc=90 | DCACHE: req=0 ready=1 rsp=0 stall_cyc=24 | PC=0x80000360 instr=0x00912823 ebreak_seen=0 exit_addr_seen=0
# [TB_STATUS @ 2813855000] cyc=281000 mem=8165 busy=1 idle=0
# [TB_PROBE_AXI @ 2813855000] cyc=281000 per_cluster_busy=1 dut_busy=1 ebreak_detect=0 axi_idle=0 mem_idle=1
# [TB_PROBE_PIPELINE @ 2813855000] cyc=281000 | ICACHE: req=0 ready=1 rsp=0 stall_cyc=90 | DCACHE: req=0 ready=1 rsp=0 stall_cyc=24 | PC=0x80000360 instr=0x00912823 ebreak_seen=0 exit_addr_seen=0
# [TB_STATUS @ 2823855000] cyc=282000 mem=8181 busy=1 idle=13
# [TB_PROBE_AXI @ 2823855000] cyc=282000 per_cluster_busy=1 dut_busy=1 ebreak_detect=0 axi_idle=1 mem_idle=1
# [TB_PROBE_PIPELINE @ 2823855000] cyc=282000 | ICACHE: req=1 ready=1 rsp=0 stall_cyc=90 | DCACHE: req=0 ready=1 rsp=0 stall_cyc=24 | PC=0x80000360 instr=0x00912823 ebreak_seen=0 exit_addr_seen=0
# [TB_STATUS @ 2833855000] cyc=283000 mem=8197 busy=1 idle=5
# [TB_PROBE_AXI @ 2833855000] cyc=283000 per_cluster_busy=1 dut_busy=1 ebreak_detect=0 axi_idle=1 mem_idle=1
# [TB_PROBE_PIPELINE @ 2833855000] cyc=283000 | ICACHE: req=0 ready=1 rsp=0 stall_cyc=90 | DCACHE: req=0 ready=1 rsp=0 stall_cyc=24 | PC=0x80000360 instr=0x00912823 ebreak_seen=0 exit_addr_seen=0
# [TB_STATUS @ 2843855000] cyc=284000 mem=8213 busy=1 idle=10
# [TB_PROBE_AXI @ 2843855000] cyc=284000 per_cluster_busy=1 dut_busy=1 ebreak_detect=0 axi_idle=1 mem_idle=1
# [TB_PROBE_PIPELINE @ 2843855000] cyc=284000 | ICACHE: req=0 ready=1 rsp=0 stall_cyc=90 | DCACHE: req=0 ready=1 rsp=0 stall_cyc=24 | PC=0x80000360 instr=0x00912823 ebreak_seen=0 exit_addr_seen=0
# [TB_STATUS @ 2853855000] cyc=285000 mem=8229 busy=1 idle=2
# [TB_PROBE_AXI @ 2853855000] cyc=285000 per_cluster_busy=1 dut_busy=1 ebreak_detect=0 axi_idle=1 mem_idle=1
# [TB_PROBE_PIPELINE @ 2853855000] cyc=285000 | ICACHE: req=0 ready=1 rsp=1 stall_cyc=90 | DCACHE: req=0 ready=1 rsp=0 stall_cyc=24 | PC=0x800001d8 instr=0xfe0686e3 ebreak_seen=0 exit_addr_seen=0
# [TB_STATUS @ 2863855000] cyc=286000 mem=8245 busy=1 idle=5
# [TB_PROBE_AXI @ 2863855000] cyc=286000 per_cluster_busy=1 dut_busy=1 ebreak_detect=0 axi_idle=1 mem_idle=1
# [TB_PROBE_PIPELINE @ 2863855000] cyc=286000 | ICACHE: req=0 ready=1 rsp=0 stall_cyc=90 | DCACHE: req=0 ready=1 rsp=0 stall_cyc=24 | PC=0x80000360 instr=0x00912823 ebreak_seen=0 exit_addr_seen=0
# [TB_STATUS @ 2873855000] cyc=287000 mem=8261 busy=1 idle=6
# [TB_PROBE_AXI @ 2873855000] cyc=287000 per_cluster_busy=1 dut_busy=1 ebreak_detect=0 axi_idle=1 mem_idle=1
# [TB_PROBE_PIPELINE @ 2873855000] cyc=287000 | ICACHE: req=0 ready=1 rsp=0 stall_cyc=90 | DCACHE: req=0 ready=1 rsp=0 stall_cyc=24 | PC=0x80000360 instr=0x00912823 ebreak_seen=0 exit_addr_seen=0
# [TB_STATUS @ 2883855000] cyc=288000 mem=8277 busy=1 idle=3
# [TB_PROBE_AXI @ 2883855000] cyc=288000 per_cluster_busy=1 dut_busy=1 ebreak_detect=0 axi_idle=1 mem_idle=1
# [TB_PROBE_PIPELINE @ 2883855000] cyc=288000 | ICACHE: req=0 ready=1 rsp=1 stall_cyc=90 | DCACHE: req=0 ready=1 rsp=0 stall_cyc=24 | PC=0x800001d4 instr=0x00c6d08b ebreak_seen=0 exit_addr_seen=0
# [TB_STATUS @ 2893855000] cyc=289000 mem=8292 busy=1 idle=3
# [TB_PROBE_AXI @ 2893855000] cyc=289000 per_cluster_busy=1 dut_busy=1 ebreak_detect=0 axi_idle=1 mem_idle=1
# [TB_PROBE_PIPELINE @ 2893855000] cyc=289000 | ICACHE: req=0 ready=1 rsp=0 stall_cyc=90 | DCACHE: req=0 ready=1 rsp=0 stall_cyc=24 | PC=0x80000360 instr=0x00912823 ebreak_seen=0 exit_addr_seen=0
# [TB_STATUS @ 2903855000] cyc=290000 mem=8308 busy=1 idle=12
# [TB_PROBE_AXI @ 2903855000] cyc=290000 per_cluster_busy=1 dut_busy=1 ebreak_detect=0 axi_idle=1 mem_idle=1
# [TB_PROBE_PIPELINE @ 2903855000] cyc=290000 | ICACHE: req=0 ready=1 rsp=0 stall_cyc=90 | DCACHE: req=0 ready=1 rsp=0 stall_cyc=24 | PC=0x80000360 instr=0x00912823 ebreak_seen=0 exit_addr_seen=0
# [TB_STATUS @ 2913855000] cyc=291000 mem=8324 busy=1 idle=4
# [TB_PROBE_AXI @ 2913855000] cyc=291000 per_cluster_busy=1 dut_busy=1 ebreak_detect=0 axi_idle=1 mem_idle=1
# [TB_PROBE_PIPELINE @ 2913855000] cyc=291000 | ICACHE: req=0 ready=1 rsp=1 stall_cyc=90 | DCACHE: req=0 ready=1 rsp=0 stall_cyc=24 | PC=0x800001c4 instr=0x0005a023 ebreak_seen=0 exit_addr_seen=0
# [TB_STATUS @ 2923855000] cyc=292000 mem=8340 busy=1 idle=9
# [TB_PROBE_AXI @ 2923855000] cyc=292000 per_cluster_busy=1 dut_busy=1 ebreak_detect=0 axi_idle=1 mem_idle=1
# [TB_PROBE_PIPELINE @ 2923855000] cyc=292000 | ICACHE: req=0 ready=1 rsp=0 stall_cyc=90 | DCACHE: req=0 ready=1 rsp=0 stall_cyc=24 | PC=0x80000360 instr=0x00912823 ebreak_seen=0 exit_addr_seen=0
# [TB_STATUS @ 2933855000] cyc=293000 mem=8356 busy=1 idle=1
# [TB_PROBE_AXI @ 2933855000] cyc=293000 per_cluster_busy=1 dut_busy=1 ebreak_detect=0 axi_idle=1 mem_idle=1
# [TB_PROBE_PIPELINE @ 2933855000] cyc=293000 | ICACHE: req=0 ready=1 rsp=0 stall_cyc=90 | DCACHE: req=0 ready=1 rsp=0 stall_cyc=24 | PC=0x80000360 instr=0x00912823 ebreak_seen=0 exit_addr_seen=0
# [TB_STATUS @ 2943855000] cyc=294000 mem=8372 busy=1 idle=4
# [TB_PROBE_AXI @ 2943855000] cyc=294000 per_cluster_busy=1 dut_busy=1 ebreak_detect=0 axi_idle=1 mem_idle=1
# [TB_PROBE_PIPELINE @ 2943855000] cyc=294000 | ICACHE: req=0 ready=1 rsp=0 stall_cyc=90 | DCACHE: req=0 ready=1 rsp=0 stall_cyc=24 | PC=0x80000360 instr=0x00912823 ebreak_seen=0 exit_addr_seen=0
# [TB_STATUS @ 2953855000] cyc=295000 mem=8388 busy=1 idle=5
# [TB_PROBE_AXI @ 2953855000] cyc=295000 per_cluster_busy=1 dut_busy=1 ebreak_detect=0 axi_idle=1 mem_idle=1
# [TB_PROBE_PIPELINE @ 2953855000] cyc=295000 | ICACHE: req=0 ready=1 rsp=0 stall_cyc=90 | DCACHE: req=0 ready=1 rsp=0 stall_cyc=24 | PC=0x80000360 instr=0x00912823 ebreak_seen=0 exit_addr_seen=0
# [TB_STATUS @ 2963855000] cyc=296000 mem=8404 busy=1 idle=1
# [TB_PROBE_AXI @ 2963855000] cyc=296000 per_cluster_busy=1 dut_busy=1 ebreak_detect=0 axi_idle=1 mem_idle=1
# [TB_PROBE_PIPELINE @ 2963855000] cyc=296000 | ICACHE: req=0 ready=1 rsp=0 stall_cyc=90 | DCACHE: req=0 ready=1 rsp=0 stall_cyc=24 | PC=0x80000360 instr=0x00912823 ebreak_seen=0 exit_addr_seen=0
# [TB_STATUS @ 2973855000] cyc=297000 mem=8419 busy=1 idle=2
# [TB_PROBE_AXI @ 2973855000] cyc=297000 per_cluster_busy=1 dut_busy=1 ebreak_detect=0 axi_idle=1 mem_idle=1
# [TB_PROBE_PIPELINE @ 2973855000] cyc=297000 | ICACHE: req=1 ready=1 rsp=0 stall_cyc=90 | DCACHE: req=0 ready=1 rsp=0 stall_cyc=24 | PC=0x80000360 instr=0x00912823 ebreak_seen=0 exit_addr_seen=0
# [TB_STATUS @ 2983855000] cyc=298000 mem=8435 busy=1 idle=11
# [TB_PROBE_AXI @ 2983855000] cyc=298000 per_cluster_busy=1 dut_busy=1 ebreak_detect=0 axi_idle=1 mem_idle=1
# [TB_PROBE_PIPELINE @ 2983855000] cyc=298000 | ICACHE: req=0 ready=1 rsp=0 stall_cyc=90 | DCACHE: req=0 ready=1 rsp=0 stall_cyc=24 | PC=0x80000360 instr=0x00912823 ebreak_seen=0 exit_addr_seen=0
# [TB_STATUS @ 2993855000] cyc=299000 mem=8451 busy=1 idle=3
# [TB_PROBE_AXI @ 2993855000] cyc=299000 per_cluster_busy=1 dut_busy=1 ebreak_detect=0 axi_idle=1 mem_idle=1
# [TB_PROBE_PIPELINE @ 2993855000] cyc=299000 | ICACHE: req=0 ready=1 rsp=0 stall_cyc=90 | DCACHE: req=0 ready=1 rsp=0 stall_cyc=24 | PC=0x80000360 instr=0x00912823 ebreak_seen=0 exit_addr_seen=0
# [TB_TOP @ 3003845000] Progress: 300000 cycles
# [TB_STATUS @ 3003855000] cyc=300000 mem=8467 busy=1 idle=8
# [TB_PROBE_AXI @ 3003855000] cyc=300000 per_cluster_busy=1 dut_busy=1 ebreak_detect=0 axi_idle=1 mem_idle=1
# [TB_PROBE_PIPELINE @ 3003855000] cyc=300000 | ICACHE: req=0 ready=1 rsp=0 stall_cyc=90 | DCACHE: req=0 ready=1 rsp=0 stall_cyc=24 | PC=0x80000360 instr=0x00912823 ebreak_seen=0 exit_addr_seen=0
# [TB_STATUS @ 3013855000] cyc=301000 mem=8483 busy=1 idle=0
# [TB_PROBE_AXI @ 3013855000] cyc=301000 per_cluster_busy=1 dut_busy=1 ebreak_detect=0 axi_idle=1 mem_idle=1
# [TB_PROBE_PIPELINE @ 3013855000] cyc=301000 | ICACHE: req=0 ready=1 rsp=0 stall_cyc=90 | DCACHE: req=0 ready=1 rsp=0 stall_cyc=24 | PC=0x80000360 instr=0x00912823 ebreak_seen=0 exit_addr_seen=0
# [TB_STATUS @ 3023855000] cyc=302000 mem=8499 busy=1 idle=3
# [TB_PROBE_AXI @ 3023855000] cyc=302000 per_cluster_busy=1 dut_busy=1 ebreak_detect=0 axi_idle=1 mem_idle=1
# [TB_PROBE_PIPELINE @ 3023855000] cyc=302000 | ICACHE: req=0 ready=1 rsp=0 stall_cyc=90 | DCACHE: req=0 ready=1 rsp=0 stall_cyc=24 | PC=0x80000360 instr=0x00912823 ebreak_seen=0 exit_addr_seen=0
# [TB_STATUS @ 3033855000] cyc=303000 mem=8515 busy=1 idle=4
# [TB_PROBE_AXI @ 3033855000] cyc=303000 per_cluster_busy=1 dut_busy=1 ebreak_detect=0 axi_idle=1 mem_idle=1
# [TB_PROBE_PIPELINE @ 3033855000] cyc=303000 | ICACHE: req=0 ready=1 rsp=0 stall_cyc=90 | DCACHE: req=0 ready=1 rsp=0 stall_cyc=24 | PC=0x80000360 instr=0x00912823 ebreak_seen=0 exit_addr_seen=0
# [TB_STATUS @ 3043855000] cyc=304000 mem=8531 busy=1 idle=1
# [TB_PROBE_AXI @ 3043855000] cyc=304000 per_cluster_busy=1 dut_busy=1 ebreak_detect=0 axi_idle=1 mem_idle=1
# [TB_PROBE_PIPELINE @ 3043855000] cyc=304000 | ICACHE: req=0 ready=1 rsp=0 stall_cyc=90 | DCACHE: req=0 ready=1 rsp=0 stall_cyc=24 | PC=0x80000360 instr=0x00912823 ebreak_seen=0 exit_addr_seen=0
# [TB_STATUS @ 3053855000] cyc=305000 mem=8546 busy=1 idle=1
# [TB_PROBE_AXI @ 3053855000] cyc=305000 per_cluster_busy=1 dut_busy=1 ebreak_detect=0 axi_idle=1 mem_idle=1
# [TB_PROBE_PIPELINE @ 3053855000] cyc=305000 | ICACHE: req=0 ready=1 rsp=0 stall_cyc=90 | DCACHE: req=0 ready=1 rsp=0 stall_cyc=24 | PC=0x80000360 instr=0x00912823 ebreak_seen=0 exit_addr_seen=0
# [TB_STATUS @ 3063855000] cyc=306000 mem=8562 busy=1 idle=10
# [TB_PROBE_AXI @ 3063855000] cyc=306000 per_cluster_busy=1 dut_busy=1 ebreak_detect=0 axi_idle=1 mem_idle=1
# [TB_PROBE_PIPELINE @ 3063855000] cyc=306000 | ICACHE: req=0 ready=1 rsp=1 stall_cyc=90 | DCACHE: req=0 ready=1 rsp=0 stall_cyc=24 | PC=0x800001c8 instr=0x00458593 ebreak_seen=0 exit_addr_seen=0
# [TB_STATUS @ 3073855000] cyc=307000 mem=8578 busy=1 idle=2
# [TB_PROBE_AXI @ 3073855000] cyc=307000 per_cluster_busy=1 dut_busy=1 ebreak_detect=0 axi_idle=1 mem_idle=1
# [TB_PROBE_PIPELINE @ 3073855000] cyc=307000 | ICACHE: req=0 ready=1 rsp=0 stall_cyc=90 | DCACHE: req=0 ready=1 rsp=0 stall_cyc=24 | PC=0x80000360 instr=0x00912823 ebreak_seen=0 exit_addr_seen=0
# [TB_STATUS @ 3083855000] cyc=308000 mem=8594 busy=1 idle=7
# [TB_PROBE_AXI @ 3083855000] cyc=308000 per_cluster_busy=1 dut_busy=1 ebreak_detect=0 axi_idle=1 mem_idle=1
# [TB_PROBE_PIPELINE @ 3083855000] cyc=308000 | ICACHE: req=0 ready=1 rsp=0 stall_cyc=90 | DCACHE: req=0 ready=1 rsp=0 stall_cyc=24 | PC=0x80000360 instr=0x00912823 ebreak_seen=0 exit_addr_seen=0
# [TB_STATUS @ 3093855000] cyc=309000 mem=8610 busy=1 idle=10
# [TB_PROBE_AXI @ 3093855000] cyc=309000 per_cluster_busy=1 dut_busy=1 ebreak_detect=0 axi_idle=1 mem_idle=1
# [TB_PROBE_PIPELINE @ 3093855000] cyc=309000 | ICACHE: req=1 ready=1 rsp=0 stall_cyc=90 | DCACHE: req=0 ready=1 rsp=0 stall_cyc=24 | PC=0x80000360 instr=0x00912823 ebreak_seen=0 exit_addr_seen=0
# [TB_STATUS @ 3103855000] cyc=310000 mem=8626 busy=1 idle=2
# [TB_PROBE_AXI @ 3103855000] cyc=310000 per_cluster_busy=1 dut_busy=1 ebreak_detect=0 axi_idle=1 mem_idle=1
# [TB_PROBE_PIPELINE @ 3103855000] cyc=310000 | ICACHE: req=0 ready=1 rsp=0 stall_cyc=90 | DCACHE: req=0 ready=1 rsp=0 stall_cyc=24 | PC=0x80000360 instr=0x00912823 ebreak_seen=0 exit_addr_seen=0
# [TB_STATUS @ 3113855000] cyc=311000 mem=8642 busy=1 idle=3
# [TB_PROBE_AXI @ 3113855000] cyc=311000 per_cluster_busy=1 dut_busy=1 ebreak_detect=0 axi_idle=1 mem_idle=1
# [TB_PROBE_PIPELINE @ 3113855000] cyc=311000 | ICACHE: req=0 ready=1 rsp=0 stall_cyc=90 | DCACHE: req=0 ready=1 rsp=0 stall_cyc=24 | PC=0x80000360 instr=0x00912823 ebreak_seen=0 exit_addr_seen=0
# [TB_STATUS @ 3123855000] cyc=312000 mem=8657 busy=1 idle=4
# [TB_PROBE_AXI @ 3123855000] cyc=312000 per_cluster_busy=1 dut_busy=1 ebreak_detect=0 axi_idle=0 mem_idle=1
# [TB_PROBE_PIPELINE @ 3123855000] cyc=312000 | ICACHE: req=1 ready=1 rsp=0 stall_cyc=90 | DCACHE: req=0 ready=1 rsp=0 stall_cyc=24 | PC=0x80000360 instr=0x00912823 ebreak_seen=0 exit_addr_seen=0
# [TB_STATUS @ 3133855000] cyc=313000 mem=8673 busy=1 idle=0
# [TB_PROBE_AXI @ 3133855000] cyc=313000 per_cluster_busy=1 dut_busy=1 ebreak_detect=0 axi_idle=1 mem_idle=1
# [TB_PROBE_PIPELINE @ 3133855000] cyc=313000 | ICACHE: req=0 ready=1 rsp=0 stall_cyc=90 | DCACHE: req=0 ready=1 rsp=0 stall_cyc=24 | PC=0x80000360 instr=0x00912823 ebreak_seen=0 exit_addr_seen=0
# [TB_STATUS @ 3143855000] cyc=314000 mem=8689 busy=1 idle=9
# [TB_PROBE_AXI @ 3143855000] cyc=314000 per_cluster_busy=1 dut_busy=1 ebreak_detect=0 axi_idle=1 mem_idle=1
# [TB_PROBE_PIPELINE @ 3143855000] cyc=314000 | ICACHE: req=0 ready=1 rsp=0 stall_cyc=90 | DCACHE: req=0 ready=1 rsp=0 stall_cyc=24 | PC=0x80000360 instr=0x00912823 ebreak_seen=0 exit_addr_seen=0
# [TB_STATUS @ 3153855000] cyc=315000 mem=8705 busy=1 idle=1
# [TB_PROBE_AXI @ 3153855000] cyc=315000 per_cluster_busy=1 dut_busy=1 ebreak_detect=0 axi_idle=1 mem_idle=1
# [TB_PROBE_PIPELINE @ 3153855000] cyc=315000 | ICACHE: req=1 ready=1 rsp=0 stall_cyc=90 | DCACHE: req=0 ready=1 rsp=0 stall_cyc=24 | PC=0x80000360 instr=0x00912823 ebreak_seen=0 exit_addr_seen=0
# [TB_STATUS @ 3163855000] cyc=316000 mem=8721 busy=1 idle=6
# [TB_PROBE_AXI @ 3163855000] cyc=316000 per_cluster_busy=1 dut_busy=1 ebreak_detect=0 axi_idle=1 mem_idle=1
# [TB_PROBE_PIPELINE @ 3163855000] cyc=316000 | ICACHE: req=0 ready=1 rsp=0 stall_cyc=90 | DCACHE: req=0 ready=1 rsp=0 stall_cyc=24 | PC=0x80000360 instr=0x00912823 ebreak_seen=0 exit_addr_seen=0
# [TB_STATUS @ 3173855000] cyc=317000 mem=8737 busy=1 idle=9
# [TB_PROBE_AXI @ 3173855000] cyc=317000 per_cluster_busy=1 dut_busy=1 ebreak_detect=0 axi_idle=1 mem_idle=1
# [TB_PROBE_PIPELINE @ 3173855000] cyc=317000 | ICACHE: req=0 ready=1 rsp=0 stall_cyc=90 | DCACHE: req=0 ready=1 rsp=0 stall_cyc=24 | PC=0x80000360 instr=0x00912823 ebreak_seen=0 exit_addr_seen=0
# [TB_STATUS @ 3183855000] cyc=318000 mem=8753 busy=1 idle=1
# [TB_PROBE_AXI @ 3183855000] cyc=318000 per_cluster_busy=1 dut_busy=1 ebreak_detect=0 axi_idle=1 mem_idle=1
# [TB_PROBE_PIPELINE @ 3183855000] cyc=318000 | ICACHE: req=0 ready=1 rsp=0 stall_cyc=90 | DCACHE: req=0 ready=1 rsp=0 stall_cyc=24 | PC=0x80000360 instr=0x00912823 ebreak_seen=0 exit_addr_seen=0
# [TB_STATUS @ 3193855000] cyc=319000 mem=8769 busy=1 idle=2
# [TB_PROBE_AXI @ 3193855000] cyc=319000 per_cluster_busy=1 dut_busy=1 ebreak_detect=0 axi_idle=1 mem_idle=1
# [TB_PROBE_PIPELINE @ 3193855000] cyc=319000 | ICACHE: req=0 ready=1 rsp=0 stall_cyc=90 | DCACHE: req=0 ready=1 rsp=0 stall_cyc=24 | PC=0x80000360 instr=0x00912823 ebreak_seen=0 exit_addr_seen=0
# [TB_STATUS @ 3203855000] cyc=320000 mem=8784 busy=1 idle=3
# [TB_PROBE_AXI @ 3203855000] cyc=320000 per_cluster_busy=1 dut_busy=1 ebreak_detect=0 axi_idle=0 mem_idle=1
# [TB_PROBE_PIPELINE @ 3203855000] cyc=320000 | ICACHE: req=0 ready=1 rsp=0 stall_cyc=90 | DCACHE: req=0 ready=1 rsp=0 stall_cyc=24 | PC=0x80000360 instr=0x00912823 ebreak_seen=0 exit_addr_seen=0
# [TB_STATUS @ 3213855000] cyc=321000 mem=8800 busy=1 idle=16
# [TB_PROBE_AXI @ 3213855000] cyc=321000 per_cluster_busy=1 dut_busy=1 ebreak_detect=0 axi_idle=1 mem_idle=1
# [TB_PROBE_PIPELINE @ 3213855000] cyc=321000 | ICACHE: req=0 ready=1 rsp=1 stall_cyc=90 | DCACHE: req=1 ready=1 rsp=0 stall_cyc=24 | PC=0x800001cc instr=0x00a5c6b3 ebreak_seen=0 exit_addr_seen=0
# [TB_STATUS @ 3223855000] cyc=322000 mem=8816 busy=1 idle=8
# [TB_PROBE_AXI @ 3223855000] cyc=322000 per_cluster_busy=1 dut_busy=1 ebreak_detect=0 axi_idle=1 mem_idle=1
# [TB_PROBE_PIPELINE @ 3223855000] cyc=322000 | ICACHE: req=0 ready=1 rsp=0 stall_cyc=90 | DCACHE: req=0 ready=1 rsp=0 stall_cyc=24 | PC=0x80000360 instr=0x00912823 ebreak_seen=0 exit_addr_seen=0
# [TB_STATUS @ 3233855000] cyc=323000 mem=8832 busy=1 idle=0
# [TB_PROBE_AXI @ 3233855000] cyc=323000 per_cluster_busy=1 dut_busy=1 ebreak_detect=0 axi_idle=1 mem_idle=1
# [TB_PROBE_PIPELINE @ 3233855000] cyc=323000 | ICACHE: req=0 ready=1 rsp=0 stall_cyc=90 | DCACHE: req=0 ready=1 rsp=0 stall_cyc=24 | PC=0x80000360 instr=0x00912823 ebreak_seen=0 exit_addr_seen=0
# [TB_STATUS @ 3243855000] cyc=324000 mem=8848 busy=1 idle=5
# [TB_PROBE_AXI @ 3243855000] cyc=324000 per_cluster_busy=1 dut_busy=1 ebreak_detect=0 axi_idle=1 mem_idle=1
# [TB_PROBE_PIPELINE @ 3243855000] cyc=324000 | ICACHE: req=0 ready=1 rsp=0 stall_cyc=90 | DCACHE: req=0 ready=1 rsp=0 stall_cyc=24 | PC=0x80000360 instr=0x00912823 ebreak_seen=0 exit_addr_seen=0
# [TB_STATUS @ 3253855000] cyc=325000 mem=8878 busy=1 idle=8
# [TB_PROBE_AXI @ 3253855000] cyc=325000 per_cluster_busy=1 dut_busy=1 ebreak_detect=0 axi_idle=1 mem_idle=1
# [TB_PROBE_PIPELINE @ 3253855000] cyc=325000 | ICACHE: req=0 ready=1 rsp=0 stall_cyc=90 | DCACHE: req=0 ready=1 rsp=0 stall_cyc=24 | PC=0x80000360 instr=0x00c80833 ebreak_seen=0 exit_addr_seen=0
# [TB_STATUS @ 3263855000] cyc=326000 mem=9058 busy=1 idle=1
# [TB_PROBE_AXI @ 3263855000] cyc=326000 per_cluster_busy=1 dut_busy=1 ebreak_detect=0 axi_idle=0 mem_idle=1
# [TB_PROBE_PIPELINE @ 3263855000] cyc=326000 | ICACHE: req=0 ready=0 rsp=1 stall_cyc=208 | DCACHE: req=0 ready=1 rsp=0 stall_cyc=24 | PC=0x80000574 instr=0x000a80e7 ebreak_seen=0 exit_addr_seen=0
[SimX-ARGS] count=baadf00d src=baadf00dbaadf00d dst=baadf00dbaadf00d
# [TB_STATUS @ 3273855000] cyc=327000 mem=9258 busy=1 idle=0
# [TB_PROBE_AXI @ 3273855000] cyc=327000 per_cluster_busy=1 dut_busy=1 ebreak_detect=0 axi_idle=0 mem_idle=1
# [TB_PROBE_PIPELINE @ 3273855000] cyc=327000 | ICACHE: req=0 ready=0 rsp=1 stall_cyc=475 | DCACHE: req=0 ready=1 rsp=0 stall_cyc=49 | PC=0x800005a4 instr=0x03010113 ebreak_seen=0 exit_addr_seen=0
# [TB_STATUS @ 3283855000] cyc=328000 mem=9359 busy=1 idle=5
# [TB_PROBE_AXI @ 3283855000] cyc=328000 per_cluster_busy=1 dut_busy=1 ebreak_detect=0 axi_idle=1 mem_idle=1
# [TB_PROBE_PIPELINE @ 3283855000] cyc=328000 | ICACHE: req=0 ready=1 rsp=0 stall_cyc=475 | DCACHE: req=0 ready=1 rsp=0 stall_cyc=97 | PC=0x80000610 instr=0x00678023 ebreak_seen=0 exit_addr_seen=0
# [TB_STATUS @ 3293855000] cyc=329000 mem=9376 busy=1 idle=2
# [TB_PROBE_AXI @ 3293855000] cyc=329000 per_cluster_busy=1 dut_busy=1 ebreak_detect=0 axi_idle=1 mem_idle=1
# [TB_PROBE_PIPELINE @ 3293855000] cyc=329000 | ICACHE: req=0 ready=1 rsp=0 stall_cyc=475 | DCACHE: req=0 ready=1 rsp=0 stall_cyc=97 | PC=0x80000610 instr=0x00678023 ebreak_seen=0 exit_addr_seen=0
# [TB_STATUS @ 3303855000] cyc=330000 mem=9392 busy=1 idle=4
# [TB_PROBE_AXI @ 3303855000] cyc=330000 per_cluster_busy=1 dut_busy=1 ebreak_detect=0 axi_idle=1 mem_idle=1
# [TB_PROBE_PIPELINE @ 3303855000] cyc=330000 | ICACHE: req=0 ready=1 rsp=0 stall_cyc=475 | DCACHE: req=0 ready=1 rsp=0 stall_cyc=97 | PC=0x80000610 instr=0x00678023 ebreak_seen=0 exit_addr_seen=0
# [TB_STATUS @ 3313855000] cyc=331000 mem=9408 busy=1 idle=11
# [TB_PROBE_AXI @ 3313855000] cyc=331000 per_cluster_busy=1 dut_busy=1 ebreak_detect=0 axi_idle=1 mem_idle=1
# [TB_PROBE_PIPELINE @ 3313855000] cyc=331000 | ICACHE: req=0 ready=1 rsp=0 stall_cyc=475 | DCACHE: req=0 ready=1 rsp=0 stall_cyc=97 | PC=0x80000610 instr=0x584000ef ebreak_seen=0 exit_addr_seen=0
# [TB_STATUS @ 3323855000] cyc=332000 mem=9428 busy=1 idle=0
# [TB_PROBE_AXI @ 3323855000] cyc=332000 per_cluster_busy=1 dut_busy=1 ebreak_detect=0 axi_idle=1 mem_idle=1
# [TB_PROBE_PIPELINE @ 3323855000] cyc=332000 | ICACHE: req=0 ready=1 rsp=0 stall_cyc=475 | DCACHE: req=0 ready=1 rsp=0 stall_cyc=97 | PC=0x80000610 instr=0xff010113 ebreak_seen=0 exit_addr_seen=0
# UVM_INFO /home/samuel_ubuntu22/Vortex_UVM_GP/Vortex/sim/uvmsim/uvm_env/agents/host_agent/host_driver.svh(240) @ 3333735000: uvm_test_top.env.m_host_agent.m_driver [HOST_DRV] Kernel completed in 332973 cycles
# UVM_INFO /home/samuel_ubuntu22/Vortex_UVM_GP/Vortex/sim/uvmsim/uvm_env/agents/status_agent/status_monitor.svh(232) @ 3333735000: uvm_test_top.env.m_status_agent.m_monitor [STATUS_MON] Core went idle @ cycle 332988
# UVM_INFO /home/samuel_ubuntu22/Vortex_UVM_GP/Vortex/sim/uvmsim/uvm_env/agents/host_agent/host_monitor.svh(249) @ 3333735000: uvm_test_top.env.m_host_agent.m_monitor [HOST_MON] Kernel execution completed at time 3333735000  cycles=332984  instrs=35848  IPC=0.108
# UVM_INFO /home/samuel_ubuntu22/Vortex_UVM_GP/Vortex/sim/uvmsim/uvm_env/agents/host_agent/host_sequences.svh(274) @ 3333735000: uvm_test_top.env.m_host_agent.m_sequencer@@wait_seq [HOST_SEQ] Kernel completed in 332973000 cycles
# [TB_STATUS @ 3333855000] cyc=333000 mem=9501 busy=0 idle=14
# [TB_PROBE_AXI @ 3333855000] cyc=333000 per_cluster_busy=0 dut_busy=0 ebreak_detect=0 axi_idle=1 mem_idle=1
# [TB_PROBE_PIPELINE @ 3333855000] cyc=333000 | ICACHE: req=0 ready=1 rsp=0 stall_cyc=475 | DCACHE: req=0 ready=1 rsp=0 stall_cyc=165 | PC=0x80000610 instr=0x8d018193 ebreak_seen=0 exit_addr_seen=0
# 
# ** Warning: [TB_TOP @ 3334735000] EXECUTION COMPLETE via sustained busy=0 fallback (100 cyc) â ebreak not decoded
#   Total Cycles: 333088  Mem Ops: 9501  Instructions: 35848
# 
# ================================================================================
# VORTEX INTERFACE STATUS @ 3334745000
# ================================================================================
# Clock: 1 | Reset: 1
# 
# STATUS INTERFACE:
#   Busy:   0
#   Idle:   1
#   ebreak: 1
#   Cycles: 333089
#   Instrs: 35848
#   IPC:    0.1076 (calculated)
# 
# AXI INTERFACE:
#   AW: valid=0 ready=1 addr=0x00000000
#   W:  valid=0 ready=0 last=1
#   B:  valid=0 ready=1
#   AR: valid=0 ready=1 addr=0x00000000
#   R:  valid=0 ready=1 last=0
# 
# MEMORY INTERFACE:
#   Req: valid=x ready=x rw=x addr=0xxxxxxxx
#   Rsp: valid=x ready=x
# 
# DCR INTERFACE:
#   Write: valid=0 addr=0x002 data=0x00000000
# ================================================================================
# [TB_TOP @ 3334745000] Watchdog disarmed after 333090 cycles (EBREAK detected)
# UVM_INFO /home/samuel_ubuntu22/Vortex_UVM_GP/Vortex/sim/uvmsim/uvm_env/vortex_scoreboard.svh(419) @ 3334745000: uvm_test_top.env.m_scoreboard [SCOREBOARD] EBREAK detected â running SimX and comparing results.
# UVM_INFO /home/samuel_ubuntu22/Vortex_UVM_GP/Vortex/sim/uvmsim/uvm_env/vortex_scoreboard.svh(433) @ 3334745000: uvm_test_top.env.m_scoreboard [SCOREBOARD] Running SimX to completion...
# [SimX-DPI] ========================================
# [SimX-DPI] Running processor to completion...
# [SimX-DPI] Startup address: 0x80000000
# [SimX-DPI] Re-staged 25717 memory regions after reset
# [SimX-DPI] Clean exit after 363700 cycles, exitcode=-2147451936
# [SimX-DPI] Execution finished
# [SimX-DPI] Run status: -2147451936
# [SimX-DPI] Exit code: -2147451936
# [SimX-DPI] ========================================
# UVM_INFO /home/samuel_ubuntu22/Vortex_UVM_GP/Vortex/sim/uvmsim/uvm_env/vortex_scoreboard.svh(435) @ 3334745000: uvm_test_top.env.m_scoreboard [SCOREBOARD] SimX done â exit code = -2147451936
# [SimX-DPI] Read 8 bytes from 0x80007478
# [SimX-DPI] Read 8 bytes from 0x80007480
# [SimX-DPI] Read 8 bytes from 0x80007488
# [SimX-DPI] Read 8 bytes from 0x80007490
# [SimX-DPI] Read 8 bytes from 0x80007498
# [SimX-DPI] Read 8 bytes from 0x800074a0
# [SimX-DPI] Read 8 bytes from 0x800074a8
# [SimX-DPI] Read 8 bytes from 0x800074b0
# [SimX-DPI] Read 8 bytes from 0x800074b8
# [SimX-DPI] Read 8 bytes from 0x800074c0
# [SimX-DPI] Read 8 bytes from 0x800074c8
# [SimX-DPI] Read 8 bytes from 0x800074d0
# [SimX-DPI] Read 8 bytes from 0x800074d8
# [SimX-DPI] Read 8 bytes from 0x800074e0
# [SimX-DPI] Read 8 bytes from 0x800074e8
# [SimX-DPI] Read 8 bytes from 0x800074f0
# [SimX-DPI] Read 8 bytes from 0x800074f8
# [SimX-DPI] Read 8 bytes from 0x80007500
# [SimX-DPI] Read 8 bytes from 0x80007508
# [SimX-DPI] Read 8 bytes from 0x80007510
# [SimX-DPI] Read 8 bytes from 0x80007518
# [SimX-DPI] Read 8 bytes from 0x80007520
# [SimX-DPI] Read 8 bytes from 0x80007528
# [SimX-DPI] Read 8 bytes from 0x80007530
# [SimX-DPI] Read 8 bytes from 0x80007538
# [SimX-DPI] Read 8 bytes from 0x80007540
# [SimX-DPI] Read 8 bytes from 0x80007548
# [SimX-DPI] Read 8 bytes from 0x80007550
# [SimX-DPI] Read 8 bytes from 0x80007558
# [SimX-DPI] Read 8 bytes from 0x80007560
# [SimX-DPI] Read 8 bytes from 0x80007568
# [SimX-DPI] Read 8 bytes from 0x80007570
# [SimX-DPI] Read 8 bytes from 0x80007578
# [SimX-DPI] Read 8 bytes from 0x80007580
# [SimX-DPI] Read 8 bytes from 0x80007588
# [SimX-DPI] Read 8 bytes from 0x80007590
# [SimX-DPI] Read 8 bytes from 0x80007598
# [SimX-DPI] Read 8 bytes from 0x800075a0
# [SimX-DPI] Read 8 bytes from 0x800075a8
# [SimX-DPI] Read 8 bytes from 0x800075b0
# [SimX-DPI] Read 8 bytes from 0x800075b8
# [SimX-DPI] Read 8 bytes from 0x800075c0
# [SimX-DPI] Read 8 bytes from 0x800075c8
# [SimX-DPI] Read 8 bytes from 0x800075d0
# [SimX-DPI] Read 8 bytes from 0x800075d8
# [SimX-DPI] Read 8 bytes from 0x800075e0
# [SimX-DPI] Read 8 bytes from 0x800075e8
# [SimX-DPI] Read 8 bytes from 0x800075f0
# [SimX-DPI] Read 8 bytes from 0x800075f8
# [SimX-DPI] Read 8 bytes from 0x80007600
# [SimX-DPI] Read 8 bytes from 0x80007608
# [SimX-DPI] Read 8 bytes from 0x80007610
# [SimX-DPI] Read 8 bytes from 0x80007618
# [SimX-DPI] Read 8 bytes from 0x80007620
# [SimX-DPI] Read 8 bytes from 0x80007628
# [SimX-DPI] Read 8 bytes from 0x80007630
# [SimX-DPI] Read 8 bytes from 0x80007638
# [SimX-DPI] Read 8 bytes from 0x80007640
# [SimX-DPI] Read 8 bytes from 0x80007648
# [SimX-DPI] Read 8 bytes from 0x80007650
# [SimX-DPI] Read 8 bytes from 0x80007658
# [SimX-DPI] Read 8 bytes from 0x80007660
# [SimX-DPI] Read 8 bytes from 0x80007668
# [SimX-DPI] Read 8 bytes from 0x80007670
# [SimX-DPI] Read 8 bytes from 0x80007678
# [SimX-DPI] Read 8 bytes from 0x80007680
# [SimX-DPI] Read 8 bytes from 0x80007688
# [SimX-DPI] Read 8 bytes from 0x80007690
# [SimX-DPI] Read 8 bytes from 0x80007698
# [SimX-DPI] Read 8 bytes from 0x800076a0
# [SimX-DPI] Read 8 bytes from 0x800076a8
# [SimX-DPI] Read 8 bytes from 0x800076b0
# [SimX-DPI] Read 8 bytes from 0x800076b8
# [SimX-DPI] Read 8 bytes from 0x800076c0
# [SimX-DPI] Read 8 bytes from 0x800076c8
# [SimX-DPI] Read 8 bytes from 0x800076d0
# [SimX-DPI] Read 8 bytes from 0x800076d8
# [SimX-DPI] Read 8 bytes from 0x800076e0
# [SimX-DPI] Read 8 bytes from 0x800076e8
# [SimX-DPI] Read 8 bytes from 0x800076f0
# [SimX-DPI] Read 8 bytes from 0x800076f8
# [SimX-DPI] Read 8 bytes from 0x80007700
# [SimX-DPI] Read 8 bytes from 0x80007708
# [SimX-DPI] Read 8 bytes from 0x80007710
# [SimX-DPI] Read 8 bytes from 0x80007718
# [SimX-DPI] Read 8 bytes from 0x80007720
# [SimX-DPI] Read 8 bytes from 0x80007728
# [SimX-DPI] Read 8 bytes from 0x80007730
# [SimX-DPI] Read 8 bytes from 0x80007738
# [SimX-DPI] Read 8 bytes from 0x80007740
# [SimX-DPI] Read 8 bytes from 0x80007748
# [SimX-DPI] Read 8 bytes from 0x80007750
# [SimX-DPI] Read 8 bytes from 0x80007758
# [SimX-DPI] Read 8 bytes from 0x80007760
# [SimX-DPI] Read 8 bytes from 0x80007768
# [SimX-DPI] Read 8 bytes from 0x80007770
# [SimX-DPI] Read 8 bytes from 0x80007778
# [SimX-DPI] Read 8 bytes from 0x80007780
# [SimX-DPI] Read 8 bytes from 0x80007788
# [SimX-DPI] Read 8 bytes from 0x80007790
# [SimX-DPI] Read 8 bytes from 0x80007798
# [SimX-DPI] Read 8 bytes from 0x800077a0
# [SimX-DPI] Read 8 bytes from 0x800077a8
# [SimX-DPI] Read 8 bytes from 0x800077b0
# [SimX-DPI] Read 8 bytes from 0x800077b8
# [SimX-DPI] Read 8 bytes from 0x800077c0
# [SimX-DPI] Read 8 bytes from 0x800077c8
# [SimX-DPI] Read 8 bytes from 0x800077d0
# [SimX-DPI] Read 8 bytes from 0x800077d8
# [SimX-DPI] Read 8 bytes from 0x800077e0
# [SimX-DPI] Read 8 bytes from 0x800077e8
# [SimX-DPI] Read 8 bytes from 0x800077f0
# [SimX-DPI] Read 8 bytes from 0x800077f8
# [SimX-DPI] Read 8 bytes from 0x80007800
# [SimX-DPI] Read 8 bytes from 0x80007808
# [SimX-DPI] Read 8 bytes from 0x80007810
# [SimX-DPI] Read 8 bytes from 0x80007818
# [SimX-DPI] Read 8 bytes from 0x80007820
# [SimX-DPI] Read 8 bytes from 0x80007828
# [SimX-DPI] Read 8 bytes from 0x80007830
# [SimX-DPI] Read 8 bytes from 0x80007838
# [SimX-DPI] Read 8 bytes from 0x80007840
# [SimX-DPI] Read 8 bytes from 0x80007848
# [SimX-DPI] Read 8 bytes from 0x80007850
# [SimX-DPI] Read 8 bytes from 0x80007858
# [SimX-DPI] Read 8 bytes from 0x80007860
# [SimX-DPI] Read 8 bytes from 0x80007868
# [SimX-DPI] Read 8 bytes from 0x80007870
# [SimX-DPI] Read 8 bytes from 0x80007878
# [SimX-DPI] Read 8 bytes from 0x80007880
# [SimX-DPI] Read 8 bytes from 0x80007888
# [SimX-DPI] Read 8 bytes from 0x80007890
# [SimX-DPI] Read 8 bytes from 0x80007898
# [SimX-DPI] Read 8 bytes from 0x800078a0
# [SimX-DPI] Read 8 bytes from 0x800078a8
# [SimX-DPI] Read 8 bytes from 0x800078b0
# [SimX-DPI] Read 8 bytes from 0x800078b8
# [SimX-DPI] Read 8 bytes from 0x800078c0
# [SimX-DPI] Read 8 bytes from 0x800078c8
# [SimX-DPI] Read 8 bytes from 0x800078d0
# [SimX-DPI] Read 8 bytes from 0x800078d8
# [SimX-DPI] Read 8 bytes from 0x800078e0
# [SimX-DPI] Read 8 bytes from 0x800078e8
# [SimX-DPI] Read 8 bytes from 0x800078f0
# [SimX-DPI] Read 8 bytes from 0x800078f8
# [SimX-DPI] Read 8 bytes from 0x80007900
# [SimX-DPI] Read 8 bytes from 0x80007908
# [SimX-DPI] Read 8 bytes from 0x80007910
# [SimX-DPI] Read 8 bytes from 0x80007918
# [SimX-DPI] Read 8 bytes from 0x80007920
# [SimX-DPI] Read 8 bytes from 0x80007928
# [SimX-DPI] Read 8 bytes from 0x80007930
# [SimX-DPI] Read 8 bytes from 0x80007938
# [SimX-DPI] Read 8 bytes from 0x80007940
# [SimX-DPI] Read 8 bytes from 0x80007948
# [SimX-DPI] Read 8 bytes from 0x80007950
# [SimX-DPI] Read 8 bytes from 0x80007958
# [SimX-DPI] Read 8 bytes from 0x80007960
# [SimX-DPI] Read 8 bytes from 0x80007968
# [SimX-DPI] Read 8 bytes from 0x80007970
# [SimX-DPI] Read 8 bytes from 0x80007978
# [SimX-DPI] Read 8 bytes from 0x80007980
# [SimX-DPI] Read 8 bytes from 0x80007988
# [SimX-DPI] Read 8 bytes from 0x80007990
# [SimX-DPI] Read 8 bytes from 0x80007998
# [SimX-DPI] Read 8 bytes from 0x800079a0
# [SimX-DPI] Read 8 bytes from 0x800079a8
# [SimX-DPI] Read 8 bytes from 0x800079b0
# [SimX-DPI] Read 8 bytes from 0x800079b8
# [SimX-DPI] Read 8 bytes from 0x800079c0
# [SimX-DPI] Read 8 bytes from 0x800079c8
# [SimX-DPI] Read 8 bytes from 0x800079d0
# [SimX-DPI] Read 8 bytes from 0x800079d8
# [SimX-DPI] Read 8 bytes from 0x800079e0
# [SimX-DPI] Read 8 bytes from 0x800079e8
# [SimX-DPI] Read 8 bytes from 0x800079f0
# [SimX-DPI] Read 8 bytes from 0x800079f8
# [SimX-DPI] Read 8 bytes from 0x80007a00
# [SimX-DPI] Read 8 bytes from 0x80007a08
# [SimX-DPI] Read 8 bytes from 0x80007a10
# [SimX-DPI] Read 8 bytes from 0x80007a18
# [SimX-DPI] Read 8 bytes from 0x80007a20
# [SimX-DPI] Read 8 bytes from 0x80007a28
# [SimX-DPI] Read 8 bytes from 0x80007a30
# [SimX-DPI] Read 8 bytes from 0x80007a38
# [SimX-DPI] Read 8 bytes from 0x80007a40
# [SimX-DPI] Read 8 bytes from 0x80007a48
# [SimX-DPI] Read 8 bytes from 0x80007a50
# [SimX-DPI] Read 8 bytes from 0x80007a58
# [SimX-DPI] Read 8 bytes from 0x80007a60
# [SimX-DPI] Read 8 bytes from 0x80007a68
# [SimX-DPI] Read 8 bytes from 0x80007a70
# [SimX-DPI] Read 8 bytes from 0x80007a78
# [SimX-DPI] Read 8 bytes from 0x80007a80
# [SimX-DPI] Read 8 bytes from 0x80007a88
# [SimX-DPI] Read 8 bytes from 0x80007a90
# [SimX-DPI] Read 8 bytes from 0x80007a98
# [SimX-DPI] Read 8 bytes from 0x80007aa0
# [SimX-DPI] Read 8 bytes from 0x80007aa8
# [SimX-DPI] Read 8 bytes from 0x80007ab0
# [SimX-DPI] Read 8 bytes from 0x80007ab8
# [SimX-DPI] Read 8 bytes from 0x80007ac0
# [SimX-DPI] Read 8 bytes from 0x80007ac8
# [SimX-DPI] Read 8 bytes from 0x80007ad0
# [SimX-DPI] Read 8 bytes from 0x80007ad8
# [SimX-DPI] Read 8 bytes from 0x80007ae0
# [SimX-DPI] Read 8 bytes from 0x80007ae8
# [SimX-DPI] Read 8 bytes from 0x80007af0
# [SimX-DPI] Read 8 bytes from 0x80007af8
# [SimX-DPI] Read 8 bytes from 0x80007b00
# [SimX-DPI] Read 8 bytes from 0x80007b08
# [SimX-DPI] Read 8 bytes from 0x80007b10
# [SimX-DPI] Read 8 bytes from 0x80007b18
# [SimX-DPI] Read 8 bytes from 0x80007b20
# [SimX-DPI] Read 8 bytes from 0x80007b28
# [SimX-DPI] Read 8 bytes from 0x80007b30
# [SimX-DPI] Read 8 bytes from 0x80007b38
# [SimX-DPI] Read 8 bytes from 0x80007b40
# [SimX-DPI] Read 8 bytes from 0x80007b48
# [SimX-DPI] Read 8 bytes from 0x80007b50
# [SimX-DPI] Read 8 bytes from 0x80007b58
# [SimX-DPI] Read 8 bytes from 0x80007b60
# [SimX-DPI] Read 8 bytes from 0x80007b68
# [SimX-DPI] Read 8 bytes from 0x80007b70
# [SimX-DPI] Read 8 bytes from 0x80007b78
# [SimX-DPI] Read 8 bytes from 0x80007b80
# [SimX-DPI] Read 8 bytes from 0x80007b88
# [SimX-DPI] Read 8 bytes from 0x80007b90
# [SimX-DPI] Read 8 bytes from 0x80007b98
# [SimX-DPI] Read 8 bytes from 0x80007ba0
# [SimX-DPI] Read 8 bytes from 0x80007ba8
# [SimX-DPI] Read 8 bytes from 0x80007bb0
# [SimX-DPI] Read 8 bytes from 0x80007bb8
# [SimX-DPI] Read 8 bytes from 0x80007bc0
# [SimX-DPI] Read 8 bytes from 0x80007bc8
# [SimX-DPI] Read 8 bytes from 0x80007bd0
# [SimX-DPI] Read 8 bytes from 0x80007bd8
# [SimX-DPI] Read 8 bytes from 0x80007be0
# [SimX-DPI] Read 8 bytes from 0x80007be8
# [SimX-DPI] Read 8 bytes from 0x80007bf0
# [SimX-DPI] Read 8 bytes from 0x80007bf8
# [SimX-DPI] Read 8 bytes from 0x80007c00
# [SimX-DPI] Read 8 bytes from 0x80007c08
# [SimX-DPI] Read 8 bytes from 0x80007c10
# [SimX-DPI] Read 8 bytes from 0x80007c18
# [SimX-DPI] Read 8 bytes from 0x80007c20
# [SimX-DPI] Read 8 bytes from 0x80007c28
# [SimX-DPI] Read 8 bytes from 0x80007c30
# [SimX-DPI] Read 8 bytes from 0x80007c38
# [SimX-DPI] Read 8 bytes from 0x80007c40
# [SimX-DPI] Read 8 bytes from 0x80007c48
# [SimX-DPI] Read 8 bytes from 0x80007c50
# [SimX-DPI] Read 8 bytes from 0x80007c58
# [SimX-DPI] Read 8 bytes from 0x80007c60
# [SimX-DPI] Read 8 bytes from 0x80007c68
# [SimX-DPI] Read 8 bytes from 0x80007c70
# [SimX-DPI] Read 8 bytes from 0x80007c78
# [SimX-DPI] Read 8 bytes from 0x80007c80
# [SimX-DPI] Read 8 bytes from 0x80007c88
# [SimX-DPI] Read 8 bytes from 0x80007c90
# [SimX-DPI] Read 8 bytes from 0x80007c98
# [SimX-DPI] Read 8 bytes from 0x80007ca0
# [SimX-DPI] Read 8 bytes from 0x80007ca8
# [SimX-DPI] Read 8 bytes from 0x80007cb0
# [SimX-DPI] Read 8 bytes from 0x80007cb8
# [SimX-DPI] Read 8 bytes from 0x80007cc0
# [SimX-DPI] Read 8 bytes from 0x80007cc8
# [SimX-DPI] Read 8 bytes from 0x80007cd0
# [SimX-DPI] Read 8 bytes from 0x80007cd8
# [SimX-DPI] Read 8 bytes from 0x80007ce0
# [SimX-DPI] Read 8 bytes from 0x80007ce8
# [SimX-DPI] Read 8 bytes from 0x80007cf0
# [SimX-DPI] Read 8 bytes from 0x80007cf8
# [SimX-DPI] Read 8 bytes from 0x80007d00
# [SimX-DPI] Read 8 bytes from 0x80007d08
# [SimX-DPI] Read 8 bytes from 0x80007d10
# [SimX-DPI] Read 8 bytes from 0x80007d18
# [SimX-DPI] Read 8 bytes from 0x80007d20
# [SimX-DPI] Read 8 bytes from 0x80007d28
# [SimX-DPI] Read 8 bytes from 0x80007d30
# [SimX-DPI] Read 8 bytes from 0x80007d38
# [SimX-DPI] Read 8 bytes from 0x80007d40
# [SimX-DPI] Read 8 bytes from 0x80007d48
# [SimX-DPI] Read 8 bytes from 0x80007d50
# [SimX-DPI] Read 8 bytes from 0x80007d58
# [SimX-DPI] Read 8 bytes from 0x80007d60
# [SimX-DPI] Read 8 bytes from 0x80007d68
# [SimX-DPI] Read 8 bytes from 0x80007d70
# [SimX-DPI] Read 8 bytes from 0x80007d78
# [SimX-DPI] Read 8 bytes from 0x80007d80
# [SimX-DPI] Read 8 bytes from 0x80007d88
# [SimX-DPI] Read 8 bytes from 0x80007d90
# [SimX-DPI] Read 8 bytes from 0x80007d98
# [SimX-DPI] Read 8 bytes from 0x80007da0
# [SimX-DPI] Read 8 bytes from 0x80007da8
# [SimX-DPI] Read 8 bytes from 0x80007db0
# [SimX-DPI] Read 8 bytes from 0x80007db8
# [SimX-DPI] Read 8 bytes from 0x80007dc0
# [SimX-DPI] Read 8 bytes from 0x80007dc8
# [SimX-DPI] Read 8 bytes from 0x80007dd0
# [SimX-DPI] Read 8 bytes from 0x80007dd8
# [SimX-DPI] Read 8 bytes from 0x80007de0
# [SimX-DPI] Read 8 bytes from 0x80007de8
# [SimX-DPI] Read 8 bytes from 0x80007df0
# [SimX-DPI] Read 8 bytes from 0x80007df8
# [SimX-DPI] Read 8 bytes from 0x80007e00
# [SimX-DPI] Read 8 bytes from 0x80007e08
# [SimX-DPI] Read 8 bytes from 0x80007e10
# [SimX-DPI] Read 8 bytes from 0x80007e18
# [SimX-DPI] Read 8 bytes from 0x80007e20
# [SimX-DPI] Read 8 bytes from 0x80007e28
# [SimX-DPI] Read 8 bytes from 0x80007e30
# [SimX-DPI] Read 8 bytes from 0x80007e38
# [SimX-DPI] Read 8 bytes from 0x80007e40
# [SimX-DPI] Read 8 bytes from 0x80007e48
# [SimX-DPI] Read 8 bytes from 0x80007e50
# [SimX-DPI] Read 8 bytes from 0x80007e58
# [SimX-DPI] Read 8 bytes from 0x80007e60
# [SimX-DPI] Read 8 bytes from 0x80007e68
# [SimX-DPI] Read 8 bytes from 0x80007e70
# [SimX-DPI] Read 8 bytes from 0x80007e78
# [SimX-DPI] Read 8 bytes from 0x80007e80
# [SimX-DPI] Read 8 bytes from 0x80007e88
# [SimX-DPI] Read 8 bytes from 0x80007e90
# [SimX-DPI] Read 8 bytes from 0x80007e98
# [SimX-DPI] Read 8 bytes from 0x80007ea0
# [SimX-DPI] Read 8 bytes from 0x80007ea8
# [SimX-DPI] Read 8 bytes from 0x80007eb0
# [SimX-DPI] Read 8 bytes from 0x80007eb8
# [SimX-DPI] Read 8 bytes from 0x80007ec0
# [SimX-DPI] Read 8 bytes from 0x80007ec8
# [SimX-DPI] Read 8 bytes from 0x80007ed0
# [SimX-DPI] Read 8 bytes from 0x80007ed8
# [SimX-DPI] Read 8 bytes from 0x80007ee0
# [SimX-DPI] Read 8 bytes from 0x80007ee8
# [SimX-DPI] Read 8 bytes from 0x80007ef0
# [SimX-DPI] Read 8 bytes from 0x80007ef8
# [SimX-DPI] Read 8 bytes from 0x80007f00
# [SimX-DPI] Read 8 bytes from 0x80007f08
# [SimX-DPI] Read 8 bytes from 0x80007f10
# [SimX-DPI] Read 8 bytes from 0x80007f18
# [SimX-DPI] Read 8 bytes from 0x80007f20
# [SimX-DPI] Read 8 bytes from 0x80007f28
# [SimX-DPI] Read 8 bytes from 0x80007f30
# [SimX-DPI] Read 8 bytes from 0x80007f38
# [SimX-DPI] Read 8 bytes from 0x80007f40
# [SimX-DPI] Read 8 bytes from 0x80007f48
# [SimX-DPI] Read 8 bytes from 0x80007f50
# [SimX-DPI] Read 8 bytes from 0x80007f58
# [SimX-DPI] Read 8 bytes from 0x80007f60
# [SimX-DPI] Read 8 bytes from 0x80007f68
# [SimX-DPI] Read 8 bytes from 0x80007f70
# [SimX-DPI] Read 8 bytes from 0x80007f78
# [SimX-DPI] Read 8 bytes from 0x80007f80
# [SimX-DPI] Read 8 bytes from 0x80007f88
# [SimX-DPI] Read 8 bytes from 0x80007f90
# [SimX-DPI] Read 8 bytes from 0x80007f98
# [SimX-DPI] Read 8 bytes from 0x80007fa0
# [SimX-DPI] Read 8 bytes from 0x80007fa8
# [SimX-DPI] Read 8 bytes from 0x80007fb0
# [SimX-DPI] Read 8 bytes from 0x80007fb8
# [SimX-DPI] Read 8 bytes from 0x80007fc0
# [SimX-DPI] Read 8 bytes from 0x80007fc8
# [SimX-DPI] Read 8 bytes from 0x80007fd0
# [SimX-DPI] Read 8 bytes from 0x80007fd8
# [SimX-DPI] Read 8 bytes from 0x80007fe0
# [SimX-DPI] Read 8 bytes from 0x80007fe8
# [SimX-DPI] Read 8 bytes from 0x80007ff0
# [SimX-DPI] Read 8 bytes from 0x80007ff8
# [SimX-DPI] Read 8 bytes from 0x80008000
# [SimX-DPI] Read 8 bytes from 0x80008008
# [SimX-DPI] Read 8 bytes from 0x80008010
# [SimX-DPI] Read 8 bytes from 0x80008018
# [SimX-DPI] Read 8 bytes from 0x80008020
# [SimX-DPI] Read 8 bytes from 0x80008028
# [SimX-DPI] Read 8 bytes from 0x80008030
# [SimX-DPI] Read 8 bytes from 0x80008038
# [SimX-DPI] Read 8 bytes from 0x80008040
# [SimX-DPI] Read 8 bytes from 0x80008048
# [SimX-DPI] Read 8 bytes from 0x80008050
# [SimX-DPI] Read 8 bytes from 0x80008058
# [SimX-DPI] Read 8 bytes from 0x80008060
# [SimX-DPI] Read 8 bytes from 0x80008068
# [SimX-DPI] Read 8 bytes from 0x80008070
# [SimX-DPI] Read 8 bytes from 0x80008078
# [SimX-DPI] Read 8 bytes from 0x80008080
# [SimX-DPI] Read 8 bytes from 0x80008088
# [SimX-DPI] Read 8 bytes from 0x80008090
# [SimX-DPI] Read 8 bytes from 0x80008098
# [SimX-DPI] Read 8 bytes from 0x800080a0
# [SimX-DPI] Read 8 bytes from 0x800080a8
# [SimX-DPI] Read 8 bytes from 0x800080b0
# [SimX-DPI] Read 8 bytes from 0x800080b8
# [SimX-DPI] Read 8 bytes from 0x800080c0
# [SimX-DPI] Read 8 bytes from 0x800080c8
# [SimX-DPI] Read 8 bytes from 0x800080d0
# [SimX-DPI] Read 8 bytes from 0x800080d8
# [SimX-DPI] Read 8 bytes from 0x800080e0
# [SimX-DPI] Read 8 bytes from 0x800080e8
# [SimX-DPI] Read 8 bytes from 0x800080f0
# [SimX-DPI] Read 8 bytes from 0x800080f8
# [SimX-DPI] Read 8 bytes from 0x80008100
# [SimX-DPI] Read 8 bytes from 0x80008108
# [SimX-DPI] Read 8 bytes from 0x80008110
# [SimX-DPI] Read 8 bytes from 0x80008118
# [SimX-DPI] Read 8 bytes from 0x80008120
# [SimX-DPI] Read 8 bytes from 0x80008128
# [SimX-DPI] Read 8 bytes from 0x80008130
# [SimX-DPI] Read 8 bytes from 0x80008138
# [SimX-DPI] Read 8 bytes from 0x80008140
# [SimX-DPI] Read 8 bytes from 0x80008148
# [SimX-DPI] Read 8 bytes from 0x80008150
# [SimX-DPI] Read 8 bytes from 0x80008158
# [SimX-DPI] Read 8 bytes from 0x80008160
# [SimX-DPI] Read 8 bytes from 0x80008168
# [SimX-DPI] Read 8 bytes from 0x80008170
# [SimX-DPI] Read 8 bytes from 0x80008178
# [SimX-DPI] Read 8 bytes from 0x80008180
# [SimX-DPI] Read 8 bytes from 0x80008188
# [SimX-DPI] Read 8 bytes from 0x80008190
# [SimX-DPI] Read 8 bytes from 0x80008198
# [SimX-DPI] Read 8 bytes from 0x800081a0
# [SimX-DPI] Read 8 bytes from 0x800081a8
# [SimX-DPI] Read 8 bytes from 0x800081b0
# [SimX-DPI] Read 8 bytes from 0x800081b8
# [SimX-DPI] Read 8 bytes from 0x800081c0
# [SimX-DPI] Read 8 bytes from 0x800081c8
# [SimX-DPI] Read 8 bytes from 0x800081d0
# [SimX-DPI] Read 8 bytes from 0x800081d8
# [SimX-DPI] Read 8 bytes from 0x800081e0
# [SimX-DPI] Read 8 bytes from 0x800081e8
# [SimX-DPI] Read 8 bytes from 0x800081f0
# [SimX-DPI] Read 8 bytes from 0x800081f8
# [SimX-DPI] Read 8 bytes from 0x80008200
# [SimX-DPI] Read 8 bytes from 0x80008208
# [SimX-DPI] Read 8 bytes from 0x80008210
# [SimX-DPI] Read 8 bytes from 0x80008218
# [SimX-DPI] Read 8 bytes from 0x80008220
# [SimX-DPI] Read 8 bytes from 0x80008228
# [SimX-DPI] Read 8 bytes from 0x80008230
# [SimX-DPI] Read 8 bytes from 0x80008238
# [SimX-DPI] Read 8 bytes from 0x80008240
# [SimX-DPI] Read 8 bytes from 0x80008248
# [SimX-DPI] Read 8 bytes from 0x80008250
# [SimX-DPI] Read 8 bytes from 0x80008258
# [SimX-DPI] Read 8 bytes from 0x80008260
# [SimX-DPI] Read 8 bytes from 0x80008268
# [SimX-DPI] Read 8 bytes from 0x80008270
# [SimX-DPI] Read 8 bytes from 0x80008278
# [SimX-DPI] Read 8 bytes from 0x80008280
# [SimX-DPI] Read 8 bytes from 0x80008288
# [SimX-DPI] Read 8 bytes from 0x80008290
# [SimX-DPI] Read 8 bytes from 0x80008298
# [SimX-DPI] Read 8 bytes from 0x800082a0
# [SimX-DPI] Read 8 bytes from 0x800082a8
# [SimX-DPI] Read 8 bytes from 0x800082b0
# [SimX-DPI] Read 8 bytes from 0x800082b8
# [SimX-DPI] Read 8 bytes from 0x800082c0
# [SimX-DPI] Read 8 bytes from 0x800082c8
# [SimX-DPI] Read 8 bytes from 0x800082d0
# [SimX-DPI] Read 8 bytes from 0x800082d8
# [SimX-DPI] Read 8 bytes from 0x800082e0
# [SimX-DPI] Read 8 bytes from 0x800082e8
# [SimX-DPI] Read 8 bytes from 0x800082f0
# [SimX-DPI] Read 8 bytes from 0x800082f8
# [SimX-DPI] Read 8 bytes from 0x80008300
# [SimX-DPI] Read 8 bytes from 0x80008308
# [SimX-DPI] Read 8 bytes from 0x80008310
# [SimX-DPI] Read 8 bytes from 0x80008318
# [SimX-DPI] Read 8 bytes from 0x80008320
# [SimX-DPI] Read 8 bytes from 0x80008328
# [SimX-DPI] Read 8 bytes from 0x80008330
# [SimX-DPI] Read 8 bytes from 0x80008338
# [SimX-DPI] Read 8 bytes from 0x80008340
# [SimX-DPI] Read 8 bytes from 0x80008348
# [SimX-DPI] Read 8 bytes from 0x80008350
# [SimX-DPI] Read 8 bytes from 0x80008358
# [SimX-DPI] Read 8 bytes from 0x80008360
# [SimX-DPI] Read 8 bytes from 0x80008368
# [SimX-DPI] Read 8 bytes from 0x80008370
# [SimX-DPI] Read 8 bytes from 0x80008378
# [SimX-DPI] Read 8 bytes from 0x80008380
# [SimX-DPI] Read 8 bytes from 0x80008388
# [SimX-DPI] Read 8 bytes from 0x80008390
# [SimX-DPI] Read 8 bytes from 0x80008398
# [SimX-DPI] Read 8 bytes from 0x800083a0
# [SimX-DPI] Read 8 bytes from 0x800083a8
# [SimX-DPI] Read 8 bytes from 0x800083b0
# [SimX-DPI] Read 8 bytes from 0x800083b8
# [SimX-DPI] Read 8 bytes from 0x800083c0
# [SimX-DPI] Read 8 bytes from 0x800083c8
# [SimX-DPI] Read 8 bytes from 0x800083d0
# [SimX-DPI] Read 8 bytes from 0x800083d8
# [SimX-DPI] Read 8 bytes from 0x800083e0
# [SimX-DPI] Read 8 bytes from 0x800083e8
# [SimX-DPI] Read 8 bytes from 0x800083f0
# [SimX-DPI] Read 8 bytes from 0x800083f8
# [SimX-DPI] Read 8 bytes from 0x80008400
# [SimX-DPI] Read 8 bytes from 0x80008408
# [SimX-DPI] Read 8 bytes from 0x80008410
# [SimX-DPI] Read 8 bytes from 0x80008418
# [SimX-DPI] Read 8 bytes from 0x80008420
# [SimX-DPI] Read 8 bytes from 0x80008428
# [SimX-DPI] Read 8 bytes from 0x80008430
# [SimX-DPI] Read 8 bytes from 0x80008438
# [SimX-DPI] Read 8 bytes from 0x80008440
# [SimX-DPI] Read 8 bytes from 0x80008448
# [SimX-DPI] Read 8 bytes from 0x80008450
# [SimX-DPI] Read 8 bytes from 0x80008458
# [SimX-DPI] Read 8 bytes from 0x80008460
# [SimX-DPI] Read 8 bytes from 0x80008468
# [SimX-DPI] Read 8 bytes from 0x80008470
# [SimX-DPI] Read 8 bytes from 0x80008478
# [SimX-DPI] Read 8 bytes from 0x80008480
# [SimX-DPI] Read 8 bytes from 0x80008488
# [SimX-DPI] Read 8 bytes from 0x80008490
# [SimX-DPI] Read 8 bytes from 0x80008498
# [SimX-DPI] Read 8 bytes from 0x800084a0
# [SimX-DPI] Read 8 bytes from 0x800084a8
# [SimX-DPI] Read 8 bytes from 0x800084b0
# [SimX-DPI] Read 8 bytes from 0x800084b8
# [SimX-DPI] Read 8 bytes from 0x800084c0
# [SimX-DPI] Read 8 bytes from 0x800084c8
# [SimX-DPI] Read 8 bytes from 0x800084d0
# [SimX-DPI] Read 8 bytes from 0x800084d8
# [SimX-DPI] Read 8 bytes from 0x800084e0
# [SimX-DPI] Read 8 bytes from 0x800084e8
# [SimX-DPI] Read 8 bytes from 0x800084f0
# [SimX-DPI] Read 8 bytes from 0x800084f8
# [SimX-DPI] Read 8 bytes from 0x80008500
# [SimX-DPI] Read 8 bytes from 0x80008508
# [SimX-DPI] Read 8 bytes from 0x80008510
# [SimX-DPI] Read 8 bytes from 0x80008518
# [SimX-DPI] Read 8 bytes from 0x80008520
# [SimX-DPI] Read 8 bytes from 0x80008528
# [SimX-DPI] Read 8 bytes from 0x80008530
# [SimX-DPI] Read 8 bytes from 0x80008538
# [SimX-DPI] Read 8 bytes from 0x80008540
# [SimX-DPI] Read 8 bytes from 0x80008548
# [SimX-DPI] Read 8 bytes from 0x80008550
# [SimX-DPI] Read 8 bytes from 0x80008558
# [SimX-DPI] Read 8 bytes from 0x80008560
# [SimX-DPI] Read 8 bytes from 0x80008568
# [SimX-DPI] Read 8 bytes from 0x80008570
# [SimX-DPI] Read 8 bytes from 0x80008578
# [SimX-DPI] Read 8 bytes from 0x80008580
# [SimX-DPI] Read 8 bytes from 0x80008588
# [SimX-DPI] Read 8 bytes from 0x80008590
# [SimX-DPI] Read 8 bytes from 0x80008598
# [SimX-DPI] Read 8 bytes from 0x800085a0
# [SimX-DPI] Read 8 bytes from 0x800085a8
# [SimX-DPI] Read 8 bytes from 0x800085b0
# [SimX-DPI] Read 8 bytes from 0x800085b8
# [SimX-DPI] Read 8 bytes from 0x800085c0
# [SimX-DPI] Read 8 bytes from 0x800085c8
# [SimX-DPI] Read 8 bytes from 0x800085d0
# [SimX-DPI] Read 8 bytes from 0x800085d8
# [SimX-DPI] Read 8 bytes from 0x800085e0
# [SimX-DPI] Read 8 bytes from 0x800085e8
# [SimX-DPI] Read 8 bytes from 0x800085f0
# [SimX-DPI] Read 8 bytes from 0x800085f8
# [SimX-DPI] Read 8 bytes from 0x80008600
# [SimX-DPI] Read 8 bytes from 0x80008608
# [SimX-DPI] Read 8 bytes from 0x80008610
# [SimX-DPI] Read 8 bytes from 0x80008618
# [SimX-DPI] Read 8 bytes from 0x80008620
# [SimX-DPI] Read 8 bytes from 0x80008628
# [SimX-DPI] Read 8 bytes from 0x80008630
# [SimX-DPI] Read 8 bytes from 0x80008638
# [SimX-DPI] Read 8 bytes from 0x80008640
# [SimX-DPI] Read 8 bytes from 0x80008648
# [SimX-DPI] Read 8 bytes from 0x80008650
# [SimX-DPI] Read 8 bytes from 0x80008658
# [SimX-DPI] Read 8 bytes from 0x80008660
# [SimX-DPI] Read 8 bytes from 0x80008668
# [SimX-DPI] Read 8 bytes from 0x80008670
# [SimX-DPI] Read 8 bytes from 0x80008678
# [SimX-DPI] Read 8 bytes from 0x80008680
# [SimX-DPI] Read 8 bytes from 0x80008688
# [SimX-DPI] Read 8 bytes from 0x80008690
# [SimX-DPI] Read 8 bytes from 0x80008698
# [SimX-DPI] Read 8 bytes from 0x800086a0
# [SimX-DPI] Read 8 bytes from 0x800086a8
# [SimX-DPI] Read 8 bytes from 0x800086b0
# [SimX-DPI] Read 8 bytes from 0x800086b8
# [SimX-DPI] Read 8 bytes from 0x800086c0
# [SimX-DPI] Read 8 bytes from 0x800086c8
# [SimX-DPI] Read 8 bytes from 0x800086d0
# [SimX-DPI] Read 8 bytes from 0x800086d8
# [SimX-DPI] Read 8 bytes from 0x800086e0
# [SimX-DPI] Read 8 bytes from 0x800086e8
# [SimX-DPI] Read 8 bytes from 0x800086f0
# [SimX-DPI] Read 8 bytes from 0x800086f8
# [SimX-DPI] Read 8 bytes from 0x80008700
# [SimX-DPI] Read 8 bytes from 0x80008708
# [SimX-DPI] Read 8 bytes from 0x80008710
# [SimX-DPI] Read 8 bytes from 0x80008718
# [SimX-DPI] Read 8 bytes from 0x80008720
# [SimX-DPI] Read 8 bytes from 0x80008728
# [SimX-DPI] Read 8 bytes from 0x80008730
# [SimX-DPI] Read 8 bytes from 0x80008738
# [SimX-DPI] Read 8 bytes from 0x80008740
# [SimX-DPI] Read 8 bytes from 0x80008748
# [SimX-DPI] Read 8 bytes from 0x80008750
# [SimX-DPI] Read 8 bytes from 0x80008758
# [SimX-DPI] Read 8 bytes from 0x80008760
# [SimX-DPI] Read 8 bytes from 0x80008768
# [SimX-DPI] Read 8 bytes from 0x80008770
# [SimX-DPI] Read 8 bytes from 0x80008778
# [SimX-DPI] Read 8 bytes from 0x80008780
# [SimX-DPI] Read 8 bytes from 0x80008788
# [SimX-DPI] Read 8 bytes from 0x80008790
# [SimX-DPI] Read 8 bytes from 0x80008798
# [SimX-DPI] Read 8 bytes from 0x800087a0
# [SimX-DPI] Read 8 bytes from 0x800087a8
# [SimX-DPI] Read 8 bytes from 0x800087b0
# [SimX-DPI] Read 8 bytes from 0x800087b8
# [SimX-DPI] Read 8 bytes from 0x800087c0
# [SimX-DPI] Read 8 bytes from 0x800087c8
# [SimX-DPI] Read 8 bytes from 0x800087d0
# [SimX-DPI] Read 8 bytes from 0x800087d8
# [SimX-DPI] Read 8 bytes from 0x800087e0
# [SimX-DPI] Read 8 bytes from 0x800087e8
# [SimX-DPI] Read 8 bytes from 0x800087f0
# [SimX-DPI] Read 8 bytes from 0x800087f8
# [SimX-DPI] Read 8 bytes from 0x80008800
# [SimX-DPI] Read 8 bytes from 0x80008808
# [SimX-DPI] Read 8 bytes from 0x80008810
# [SimX-DPI] Read 8 bytes from 0x80008818
# [SimX-DPI] Read 8 bytes from 0x80008820
# [SimX-DPI] Read 8 bytes from 0x80008828
# [SimX-DPI] Read 8 bytes from 0x80008830
# [SimX-DPI] Read 8 bytes from 0x80008838
# [SimX-DPI] Read 8 bytes from 0x80008840
# [SimX-DPI] Read 8 bytes from 0x80008848
# [SimX-DPI] Read 8 bytes from 0x80008850
# [SimX-DPI] Read 8 bytes from 0x80008858
# [SimX-DPI] Read 8 bytes from 0x80008860
# [SimX-DPI] Read 8 bytes from 0x80008868
# [SimX-DPI] Read 8 bytes from 0x80008870
# [SimX-DPI] Read 8 bytes from 0x80008878
# [SimX-DPI] Read 8 bytes from 0x80008880
# [SimX-DPI] Read 8 bytes from 0x80008888
# [SimX-DPI] Read 8 bytes from 0x80008890
# [SimX-DPI] Read 8 bytes from 0x80008898
# [SimX-DPI] Read 8 bytes from 0x800088a0
# [SimX-DPI] Read 8 bytes from 0x800088a8
# [SimX-DPI] Read 8 bytes from 0x800088b0
# [SimX-DPI] Read 8 bytes from 0x800088b8
# [SimX-DPI] Read 8 bytes from 0x800088c0
# [SimX-DPI] Read 8 bytes from 0x800088c8
# [SimX-DPI] Read 8 bytes from 0x800088d0
# [SimX-DPI] Read 8 bytes from 0x800088d8
# [SimX-DPI] Read 8 bytes from 0x800088e0
# [SimX-DPI] Read 8 bytes from 0x800088e8
# [SimX-DPI] Read 8 bytes from 0x800088f0
# [SimX-DPI] Read 8 bytes from 0x800088f8
# [SimX-DPI] Read 8 bytes from 0x80008900
# [SimX-DPI] Read 8 bytes from 0x80008908
# [SimX-DPI] Read 8 bytes from 0x80008910
# [SimX-DPI] Read 8 bytes from 0x80008918
# [SimX-DPI] Read 8 bytes from 0x80008920
# [SimX-DPI] Read 8 bytes from 0x80008928
# [SimX-DPI] Read 8 bytes from 0x80008930
# [SimX-DPI] Read 8 bytes from 0x80008938
# [SimX-DPI] Read 8 bytes from 0x80008940
# [SimX-DPI] Read 8 bytes from 0x80008948
# [SimX-DPI] Read 8 bytes from 0x80008950
# [SimX-DPI] Read 8 bytes from 0x80008958
# [SimX-DPI] Read 8 bytes from 0x80008960
# [SimX-DPI] Read 8 bytes from 0x80008968
# [SimX-DPI] Read 8 bytes from 0x80008970
# [SimX-DPI] Read 8 bytes from 0x80008978
# [SimX-DPI] Read 8 bytes from 0x80008980
# [SimX-DPI] Read 8 bytes from 0x80008988
# [SimX-DPI] Read 8 bytes from 0x80008990
# [SimX-DPI] Read 8 bytes from 0x80008998
# [SimX-DPI] Read 8 bytes from 0x800089a0
# [SimX-DPI] Read 8 bytes from 0x800089a8
# [SimX-DPI] Read 8 bytes from 0x800089b0
# [SimX-DPI] Read 8 bytes from 0x800089b8
# [SimX-DPI] Read 8 bytes from 0x800089c0
# [SimX-DPI] Read 8 bytes from 0x800089c8
# [SimX-DPI] Read 8 bytes from 0x800089d0
# [SimX-DPI] Read 8 bytes from 0x800089d8
# [SimX-DPI] Read 8 bytes from 0x800089e0
# [SimX-DPI] Read 8 bytes from 0x800089e8
# [SimX-DPI] Read 8 bytes from 0x800089f0
# [SimX-DPI] Read 8 bytes from 0x800089f8
# [SimX-DPI] Read 8 bytes from 0x80008a00
# [SimX-DPI] Read 8 bytes from 0x80008a08
# [SimX-DPI] Read 8 bytes from 0x80008a10
# [SimX-DPI] Read 8 bytes from 0x80008a18
# [SimX-DPI] Read 8 bytes from 0x80008a20
# [SimX-DPI] Read 8 bytes from 0x80008a28
# [SimX-DPI] Read 8 bytes from 0x80008a30
# [SimX-DPI] Read 8 bytes from 0x80008a38
# [SimX-DPI] Read 8 bytes from 0x80008a40
# [SimX-DPI] Read 8 bytes from 0x80008a48
# [SimX-DPI] Read 8 bytes from 0x80008a50
# [SimX-DPI] Read 8 bytes from 0x80008a58
# [SimX-DPI] Read 8 bytes from 0x80008a60
# [SimX-DPI] Read 8 bytes from 0x80008a68
# [SimX-DPI] Read 8 bytes from 0x80008a70
# [SimX-DPI] Read 8 bytes from 0x80008a78
# [SimX-DPI] Read 8 bytes from 0x80008a80
# [SimX-DPI] Read 8 bytes from 0x80008a88
# [SimX-DPI] Read 8 bytes from 0x80008a90
# [SimX-DPI] Read 8 bytes from 0x80008a98
# [SimX-DPI] Read 8 bytes from 0x80008aa0
# [SimX-DPI] Read 8 bytes from 0x80008aa8
# [SimX-DPI] Read 8 bytes from 0x80008ab0
# [SimX-DPI] Read 8 bytes from 0x80008ab8
# [SimX-DPI] Read 8 bytes from 0x80008ac0
# [SimX-DPI] Read 8 bytes from 0x80008ac8
# [SimX-DPI] Read 8 bytes from 0x80008ad0
# [SimX-DPI] Read 8 bytes from 0x80008ad8
# [SimX-DPI] Read 8 bytes from 0x80008ae0
# [SimX-DPI] Read 8 bytes from 0x80008ae8
# [SimX-DPI] Read 8 bytes from 0x80008af0
# [SimX-DPI] Read 8 bytes from 0x80008af8
# [SimX-DPI] Read 8 bytes from 0x80008b00
# [SimX-DPI] Read 8 bytes from 0x80008b08
# [SimX-DPI] Read 8 bytes from 0x80008b10
# [SimX-DPI] Read 8 bytes from 0x80008b18
# [SimX-DPI] Read 8 bytes from 0x80008b20
# [SimX-DPI] Read 8 bytes from 0x80008b28
# [SimX-DPI] Read 8 bytes from 0x80008b30
# [SimX-DPI] Read 8 bytes from 0x80008b38
# [SimX-DPI] Read 8 bytes from 0x80008b40
# [SimX-DPI] Read 8 bytes from 0x80008b48
# [SimX-DPI] Read 8 bytes from 0x80008b50
# [SimX-DPI] Read 8 bytes from 0x80008b58
# [SimX-DPI] Read 8 bytes from 0x80008b60
# [SimX-DPI] Read 8 bytes from 0x80008b68
# [SimX-DPI] Read 8 bytes from 0x80008b70
# [SimX-DPI] Read 8 bytes from 0x80008b78
# [SimX-DPI] Read 8 bytes from 0x80008b80
# [SimX-DPI] Read 8 bytes from 0x80008b88
# [SimX-DPI] Read 8 bytes from 0x80008b90
# [SimX-DPI] Read 8 bytes from 0x80008b98
# [SimX-DPI] Read 8 bytes from 0x80008ba0
# [SimX-DPI] Read 8 bytes from 0x80008ba8
# [SimX-DPI] Read 8 bytes from 0x80008bb0
# [SimX-DPI] Read 8 bytes from 0x80008bb8
# [SimX-DPI] Read 8 bytes from 0x80008bc0
# [SimX-DPI] Read 8 bytes from 0x80008bc8
# [SimX-DPI] Read 8 bytes from 0x80008bd0
# [SimX-DPI] Read 8 bytes from 0x80008bd8
# [SimX-DPI] Read 8 bytes from 0x80008be0
# [SimX-DPI] Read 8 bytes from 0x80008be8
# [SimX-DPI] Read 8 bytes from 0x80008bf0
# [SimX-DPI] Read 8 bytes from 0x80008bf8
# [SimX-DPI] Read 8 bytes from 0x80008c00
# [SimX-DPI] Read 8 bytes from 0x80008c08
# [SimX-DPI] Read 8 bytes from 0x80008c10
# [SimX-DPI] Read 8 bytes from 0x80008c18
# [SimX-DPI] Read 8 bytes from 0x80008c20
# [SimX-DPI] Read 8 bytes from 0x80008c28
# [SimX-DPI] Read 8 bytes from 0x80008c30
# [SimX-DPI] Read 8 bytes from 0x80008c38
# [SimX-DPI] Read 8 bytes from 0x80008c40
# [SimX-DPI] Read 8 bytes from 0x80008c48
# [SimX-DPI] Read 8 bytes from 0x80008c50
# [SimX-DPI] Read 8 bytes from 0x80008c58
# [SimX-DPI] Read 8 bytes from 0x80008c60
# [SimX-DPI] Read 8 bytes from 0x80008c68
# [SimX-DPI] Read 8 bytes from 0x80008c70
# [SimX-DPI] Read 8 bytes from 0x80008c78
# [SimX-DPI] Read 8 bytes from 0x80008c80
# [SimX-DPI] Read 8 bytes from 0x80008c88
# [SimX-DPI] Read 8 bytes from 0x80008c90
# [SimX-DPI] Read 8 bytes from 0x80008c98
# [SimX-DPI] Read 8 bytes from 0x80008ca0
# [SimX-DPI] Read 8 bytes from 0x80008ca8
# [SimX-DPI] Read 8 bytes from 0x80008cb0
# [SimX-DPI] Read 8 bytes from 0x80008cb8
# [SimX-DPI] Read 8 bytes from 0x80008cc0
# [SimX-DPI] Read 8 bytes from 0x80008cc8
# [SimX-DPI] Read 8 bytes from 0x80008cd0
# [SimX-DPI] Read 8 bytes from 0x80008cd8
# [SimX-DPI] Read 8 bytes from 0x80008ce0
# [SimX-DPI] Read 8 bytes from 0x80008ce8
# [SimX-DPI] Read 8 bytes from 0x80008cf0
# [SimX-DPI] Read 8 bytes from 0x80008cf8
# [SimX-DPI] Read 8 bytes from 0x80008d00
# [SimX-DPI] Read 8 bytes from 0x80008d08
# [SimX-DPI] Read 8 bytes from 0x80008d10
# [SimX-DPI] Read 8 bytes from 0x80008d18
# [SimX-DPI] Read 8 bytes from 0x80008d20
# [SimX-DPI] Read 8 bytes from 0x80008d28
# [SimX-DPI] Read 8 bytes from 0x80008d30
# [SimX-DPI] Read 8 bytes from 0x80008d38
# [SimX-DPI] Read 8 bytes from 0x80008d40
# [SimX-DPI] Read 8 bytes from 0x80008d48
# [SimX-DPI] Read 8 bytes from 0x80008d50
# [SimX-DPI] Read 8 bytes from 0x80008d58
# [SimX-DPI] Read 8 bytes from 0x80008d60
# [SimX-DPI] Read 8 bytes from 0x80008d68
# [SimX-DPI] Read 8 bytes from 0x80008d70
# [SimX-DPI] Read 8 bytes from 0x80008d78
# [SimX-DPI] Read 8 bytes from 0x80008d80
# [SimX-DPI] Read 8 bytes from 0x80008d88
# [SimX-DPI] Read 8 bytes from 0x80008d90
# [SimX-DPI] Read 8 bytes from 0x80008d98
# [SimX-DPI] Read 8 bytes from 0x80008da0
# [SimX-DPI] Read 8 bytes from 0x80008da8
# [SimX-DPI] Read 8 bytes from 0x80008db0
# [SimX-DPI] Read 8 bytes from 0x80008db8
# [SimX-DPI] Read 8 bytes from 0x80008dc0
# [SimX-DPI] Read 8 bytes from 0x80008dc8
# [SimX-DPI] Read 8 bytes from 0x80008dd0
# [SimX-DPI] Read 8 bytes from 0x80008dd8
# [SimX-DPI] Read 8 bytes from 0x80008de0
# [SimX-DPI] Read 8 bytes from 0x80008de8
# [SimX-DPI] Read 8 bytes from 0x80008df0
# [SimX-DPI] Read 8 bytes from 0x80008df8
# [SimX-DPI] Read 8 bytes from 0x80008e00
# [SimX-DPI] Read 8 bytes from 0x80008e08
# [SimX-DPI] Read 8 bytes from 0x80008e10
# [SimX-DPI] Read 8 bytes from 0x80008e18
# [SimX-DPI] Read 8 bytes from 0x80008e20
# [SimX-DPI] Read 8 bytes from 0x80008e28
# [SimX-DPI] Read 8 bytes from 0x80008e30
# [SimX-DPI] Read 8 bytes from 0x80008e38
# [SimX-DPI] Read 8 bytes from 0x80008e40
# [SimX-DPI] Read 8 bytes from 0x80008e48
# [SimX-DPI] Read 8 bytes from 0x80008e50
# [SimX-DPI] Read 8 bytes from 0x80008e58
# [SimX-DPI] Read 8 bytes from 0x80008e60
# [SimX-DPI] Read 8 bytes from 0x80008e68
# [SimX-DPI] Read 8 bytes from 0x80008e70
# [SimX-DPI] Read 8 bytes from 0x80008e78
# [SimX-DPI] Read 8 bytes from 0x80008e80
# [SimX-DPI] Read 8 bytes from 0x80008e88
# [SimX-DPI] Read 8 bytes from 0x80008e90
# [SimX-DPI] Read 8 bytes from 0x80008e98
# [SimX-DPI] Read 8 bytes from 0x80008ea0
# [SimX-DPI] Read 8 bytes from 0x80008ea8
# [SimX-DPI] Read 8 bytes from 0x80008eb0
# [SimX-DPI] Read 8 bytes from 0x80008eb8
# [SimX-DPI] Read 8 bytes from 0x80008ec0
# [SimX-DPI] Read 8 bytes from 0x80008ec8
# [SimX-DPI] Read 8 bytes from 0x80008ed0
# [SimX-DPI] Read 8 bytes from 0x80008ed8
# [SimX-DPI] Read 8 bytes from 0x80008ee0
# [SimX-DPI] Read 8 bytes from 0x80008ee8
# [SimX-DPI] Read 8 bytes from 0x80008ef0
# [SimX-DPI] Read 8 bytes from 0x80008ef8
# [SimX-DPI] Read 8 bytes from 0x80008f00
# [SimX-DPI] Read 8 bytes from 0x80008f08
# [SimX-DPI] Read 8 bytes from 0x80008f10
# [SimX-DPI] Read 8 bytes from 0x80008f18
# [SimX-DPI] Read 8 bytes from 0x80008f20
# [SimX-DPI] Read 8 bytes from 0x80008f28
# [SimX-DPI] Read 8 bytes from 0x80008f30
# [SimX-DPI] Read 8 bytes from 0x80008f38
# [SimX-DPI] Read 8 bytes from 0x80008f40
# [SimX-DPI] Read 8 bytes from 0x80008f48
# [SimX-DPI] Read 8 bytes from 0x80008f50
# [SimX-DPI] Read 8 bytes from 0x80008f58
# [SimX-DPI] Read 8 bytes from 0x80008f60
# [SimX-DPI] Read 8 bytes from 0x80008f68
# [SimX-DPI] Read 8 bytes from 0x80008f70
# [SimX-DPI] Read 8 bytes from 0x80008f78
# [SimX-DPI] Read 8 bytes from 0x80008f80
# [SimX-DPI] Read 8 bytes from 0x80008f88
# [SimX-DPI] Read 8 bytes from 0x80008f90
# [SimX-DPI] Read 8 bytes from 0x80008f98
# [SimX-DPI] Read 8 bytes from 0x80008fa0
# [SimX-DPI] Read 8 bytes from 0x80008fa8
# [SimX-DPI] Read 8 bytes from 0x80008fb0
# [SimX-DPI] Read 8 bytes from 0x80008fb8
# [SimX-DPI] Read 8 bytes from 0x80008fc0
# [SimX-DPI] Read 8 bytes from 0x80008fc8
# [SimX-DPI] Read 8 bytes from 0x80008fd0
# [SimX-DPI] Read 8 bytes from 0x80008fd8
# [SimX-DPI] Read 8 bytes from 0x80008fe0
# [SimX-DPI] Read 8 bytes from 0x80008fe8
# [SimX-DPI] Read 8 bytes from 0x80008ff0
# [SimX-DPI] Read 8 bytes from 0x80008ff8
# [SimX-DPI] Read 8 bytes from 0x80009000
# [SimX-DPI] Read 8 bytes from 0x80009008
# [SimX-DPI] Read 8 bytes from 0x80009010
# [SimX-DPI] Read 8 bytes from 0x80009018
# [SimX-DPI] Read 8 bytes from 0x80009020
# [SimX-DPI] Read 8 bytes from 0x80009028
# [SimX-DPI] Read 8 bytes from 0x80009030
# [SimX-DPI] Read 8 bytes from 0x80009038
# [SimX-DPI] Read 8 bytes from 0x80009040
# [SimX-DPI] Read 8 bytes from 0x80009048
# [SimX-DPI] Read 8 bytes from 0x80009050
# [SimX-DPI] Read 8 bytes from 0x80009058
# [SimX-DPI] Read 8 bytes from 0x80009060
# [SimX-DPI] Read 8 bytes from 0x80009068
# [SimX-DPI] Read 8 bytes from 0x80009070
# [SimX-DPI] Read 8 bytes from 0x80009078
# [SimX-DPI] Read 8 bytes from 0x80009080
# [SimX-DPI] Read 8 bytes from 0x80009088
# [SimX-DPI] Read 8 bytes from 0x80009090
# [SimX-DPI] Read 8 bytes from 0x80009098
# [SimX-DPI] Read 8 bytes from 0x800090a0
# [SimX-DPI] Read 8 bytes from 0x800090a8
# [SimX-DPI] Read 8 bytes from 0x800090b0
# [SimX-DPI] Read 8 bytes from 0x800090b8
# [SimX-DPI] Read 8 bytes from 0x800090c0
# [SimX-DPI] Read 8 bytes from 0x800090c8
# [SimX-DPI] Read 8 bytes from 0x800090d0
# [SimX-DPI] Read 8 bytes from 0x800090d8
# [SimX-DPI] Read 8 bytes from 0x800090e0
# [SimX-DPI] Read 8 bytes from 0x800090e8
# [SimX-DPI] Read 8 bytes from 0x800090f0
# [SimX-DPI] Read 8 bytes from 0x800090f8
# [SimX-DPI] Read 8 bytes from 0x80009100
# [SimX-DPI] Read 8 bytes from 0x80009108
# [SimX-DPI] Read 8 bytes from 0x80009110
# [SimX-DPI] Read 8 bytes from 0x80009118
# [SimX-DPI] Read 8 bytes from 0x80009120
# [SimX-DPI] Read 8 bytes from 0x80009128
# [SimX-DPI] Read 8 bytes from 0x80009130
# [SimX-DPI] Read 8 bytes from 0x80009138
# [SimX-DPI] Read 8 bytes from 0x80009140
# [SimX-DPI] Read 8 bytes from 0x80009148
# [SimX-DPI] Read 8 bytes from 0x80009150
# [SimX-DPI] Read 8 bytes from 0x80009158
# [SimX-DPI] Read 8 bytes from 0x80009160
# [SimX-DPI] Read 8 bytes from 0x80009168
# [SimX-DPI] Read 8 bytes from 0x80009170
# [SimX-DPI] Read 8 bytes from 0x80009178
# [SimX-DPI] Read 8 bytes from 0x80009180
# [SimX-DPI] Read 8 bytes from 0x80009188
# [SimX-DPI] Read 8 bytes from 0x80009190
# [SimX-DPI] Read 8 bytes from 0x80009198
# [SimX-DPI] Read 8 bytes from 0x800091a0
# [SimX-DPI] Read 8 bytes from 0x800091a8
# [SimX-DPI] Read 8 bytes from 0x800091b0
# [SimX-DPI] Read 8 bytes from 0x800091b8
# [SimX-DPI] Read 8 bytes from 0x800091c0
# [SimX-DPI] Read 8 bytes from 0x800091c8
# [SimX-DPI] Read 8 bytes from 0x800091d0
# [SimX-DPI] Read 8 bytes from 0x800091d8
# [SimX-DPI] Read 8 bytes from 0x800091e0
# [SimX-DPI] Read 8 bytes from 0x800091e8
# [SimX-DPI] Read 8 bytes from 0x800091f0
# [SimX-DPI] Read 8 bytes from 0x800091f8
# [SimX-DPI] Read 8 bytes from 0x80009200
# [SimX-DPI] Read 8 bytes from 0x80009208
# [SimX-DPI] Read 8 bytes from 0x80009210
# [SimX-DPI] Read 8 bytes from 0x80009218
# [SimX-DPI] Read 8 bytes from 0x80009220
# [SimX-DPI] Read 8 bytes from 0x80009228
# [SimX-DPI] Read 8 bytes from 0x80009230
# [SimX-DPI] Read 8 bytes from 0x80009238
# [SimX-DPI] Read 8 bytes from 0x80009240
# [SimX-DPI] Read 8 bytes from 0x80009248
# [SimX-DPI] Read 8 bytes from 0x80009250
# [SimX-DPI] Read 8 bytes from 0x80009258
# [SimX-DPI] Read 8 bytes from 0x80009260
# [SimX-DPI] Read 8 bytes from 0x80009268
# [SimX-DPI] Read 8 bytes from 0x80009270
# [SimX-DPI] Read 8 bytes from 0x80009278
# [SimX-DPI] Read 8 bytes from 0x80009280
# [SimX-DPI] Read 8 bytes from 0x80009288
# [SimX-DPI] Read 8 bytes from 0x80009290
# [SimX-DPI] Read 8 bytes from 0x80009298
# [SimX-DPI] Read 8 bytes from 0x800092a0
# [SimX-DPI] Read 8 bytes from 0x800092a8
# [SimX-DPI] Read 8 bytes from 0x800092b0
# [SimX-DPI] Read 8 bytes from 0x800092b8
# [SimX-DPI] Read 8 bytes from 0x800092c0
# [SimX-DPI] Read 8 bytes from 0x800092c8
# [SimX-DPI] Read 8 bytes from 0x800092d0
# [SimX-DPI] Read 8 bytes from 0x800092d8
# [SimX-DPI] Read 8 bytes from 0x800092e0
# [SimX-DPI] Read 8 bytes from 0x800092e8
# [SimX-DPI] Read 8 bytes from 0x800092f0
# [SimX-DPI] Read 8 bytes from 0x800092f8
# [SimX-DPI] Read 8 bytes from 0x80009300
# [SimX-DPI] Read 8 bytes from 0x80009308
# [SimX-DPI] Read 8 bytes from 0x80009310
# [SimX-DPI] Read 8 bytes from 0x80009318
# [SimX-DPI] Read 8 bytes from 0x80009320
# [SimX-DPI] Read 8 bytes from 0x80009328
# [SimX-DPI] Read 8 bytes from 0x80009330
# [SimX-DPI] Read 8 bytes from 0x80009338
# [SimX-DPI] Read 8 bytes from 0x80009340
# [SimX-DPI] Read 8 bytes from 0x80009348
# [SimX-DPI] Read 8 bytes from 0x80009350
# [SimX-DPI] Read 8 bytes from 0x80009358
# [SimX-DPI] Read 8 bytes from 0x80009360
# [SimX-DPI] Read 8 bytes from 0x80009368
# [SimX-DPI] Read 8 bytes from 0x80009370
# [SimX-DPI] Read 8 bytes from 0x80009378
# [SimX-DPI] Read 8 bytes from 0x80009380
# [SimX-DPI] Read 8 bytes from 0x80009388
# [SimX-DPI] Read 8 bytes from 0x80009390
# [SimX-DPI] Read 8 bytes from 0x80009398
# [SimX-DPI] Read 8 bytes from 0x800093a0
# [SimX-DPI] Read 8 bytes from 0x800093a8
# [SimX-DPI] Read 8 bytes from 0x800093b0
# [SimX-DPI] Read 8 bytes from 0x800093b8
# [SimX-DPI] Read 8 bytes from 0x800093c0
# [SimX-DPI] Read 8 bytes from 0x800093c8
# [SimX-DPI] Read 8 bytes from 0x800093d0
# [SimX-DPI] Read 8 bytes from 0x800093d8
# [SimX-DPI] Read 8 bytes from 0x800093e0
# [SimX-DPI] Read 8 bytes from 0x800093e8
# [SimX-DPI] Read 8 bytes from 0x800093f0
# [SimX-DPI] Read 8 bytes from 0x800093f8
# [SimX-DPI] Read 8 bytes from 0x80009400
# [SimX-DPI] Read 8 bytes from 0x80009408
# [SimX-DPI] Read 8 bytes from 0x80009410
# [SimX-DPI] Read 8 bytes from 0x80009418
# [SimX-DPI] Read 8 bytes from 0x80009420
# [SimX-DPI] Read 8 bytes from 0x80009428
# [SimX-DPI] Read 8 bytes from 0x80009430
# [SimX-DPI] Read 8 bytes from 0x80009438
# [SimX-DPI] Read 8 bytes from 0x80009440
# [SimX-DPI] Read 8 bytes from 0x80009448
# [SimX-DPI] Read 8 bytes from 0x80009450
# [SimX-DPI] Read 8 bytes from 0x80009458
# [SimX-DPI] Read 8 bytes from 0x80009460
# [SimX-DPI] Read 8 bytes from 0x80009468
# [SimX-DPI] Read 8 bytes from 0x80009470
# [SimX-DPI] Read 8 bytes from 0x80009478
# [SimX-DPI] Read 8 bytes from 0x80009480
# [SimX-DPI] Read 8 bytes from 0x80009488
# [SimX-DPI] Read 8 bytes from 0x80009490
# [SimX-DPI] Read 8 bytes from 0x80009498
# [SimX-DPI] Read 8 bytes from 0x800094a0
# [SimX-DPI] Read 8 bytes from 0x800094a8
# [SimX-DPI] Read 8 bytes from 0x800094b0
# [SimX-DPI] Read 8 bytes from 0x800094b8
# [SimX-DPI] Read 8 bytes from 0x800094c0
# [SimX-DPI] Read 8 bytes from 0x800094c8
# [SimX-DPI] Read 8 bytes from 0x800094d0
# [SimX-DPI] Read 8 bytes from 0x800094d8
# [SimX-DPI] Read 8 bytes from 0x800094e0
# [SimX-DPI] Read 8 bytes from 0x800094e8
# [SimX-DPI] Read 8 bytes from 0x800094f0
# [SimX-DPI] Read 8 bytes from 0x800094f8
# [SimX-DPI] Read 8 bytes from 0x80009500
# [SimX-DPI] Read 8 bytes from 0x80009508
# [SimX-DPI] Read 8 bytes from 0x80009510
# [SimX-DPI] Read 8 bytes from 0x80009518
# [SimX-DPI] Read 8 bytes from 0x80009520
# [SimX-DPI] Read 8 bytes from 0x80009528
# [SimX-DPI] Read 8 bytes from 0x80009530
# [SimX-DPI] Read 8 bytes from 0x80009538
# [SimX-DPI] Read 8 bytes from 0x80009540
# [SimX-DPI] Read 8 bytes from 0x80009548
# [SimX-DPI] Read 8 bytes from 0x80009550
# [SimX-DPI] Read 8 bytes from 0x80009558
# [SimX-DPI] Read 8 bytes from 0x80009560
# [SimX-DPI] Read 8 bytes from 0x80009568
# [SimX-DPI] Read 8 bytes from 0x80009570
# [SimX-DPI] Read 8 bytes from 0x80009578
# [SimX-DPI] Read 8 bytes from 0x80009580
# [SimX-DPI] Read 8 bytes from 0x80009588
# [SimX-DPI] Read 8 bytes from 0x80009590
# [SimX-DPI] Read 8 bytes from 0x80009598
# [SimX-DPI] Read 8 bytes from 0x800095a0
# [SimX-DPI] Read 8 bytes from 0x800095a8
# [SimX-DPI] Read 8 bytes from 0x800095b0
# [SimX-DPI] Read 8 bytes from 0x800095b8
# [SimX-DPI] Read 8 bytes from 0x800095c0
# [SimX-DPI] Read 8 bytes from 0x800095c8
# [SimX-DPI] Read 8 bytes from 0x800095d0
# [SimX-DPI] Read 8 bytes from 0x800095d8
# [SimX-DPI] Read 8 bytes from 0x800095e0
# [SimX-DPI] Read 8 bytes from 0x800095e8
# [SimX-DPI] Read 8 bytes from 0x800095f0
# [SimX-DPI] Read 8 bytes from 0x800095f8
# [SimX-DPI] Read 8 bytes from 0x80009600
# [SimX-DPI] Read 8 bytes from 0x80009608
# [SimX-DPI] Read 8 bytes from 0x80009610
# [SimX-DPI] Read 8 bytes from 0x80009618
# [SimX-DPI] Read 8 bytes from 0x80009620
# [SimX-DPI] Read 8 bytes from 0x80009628
# [SimX-DPI] Read 8 bytes from 0x80009630
# [SimX-DPI] Read 8 bytes from 0x80009638
# [SimX-DPI] Read 8 bytes from 0x80009640
# [SimX-DPI] Read 8 bytes from 0x80009648
# [SimX-DPI] Read 8 bytes from 0x80009650
# [SimX-DPI] Read 8 bytes from 0x80009658
# [SimX-DPI] Read 8 bytes from 0x80009660
# [SimX-DPI] Read 8 bytes from 0x80009668
# [SimX-DPI] Read 8 bytes from 0x80009670
# [SimX-DPI] Read 8 bytes from 0x80009678
# [SimX-DPI] Read 8 bytes from 0x80009680
# [SimX-DPI] Read 8 bytes from 0x80009688
# [SimX-DPI] Read 8 bytes from 0x80009690
# [SimX-DPI] Read 8 bytes from 0x80009698
# [SimX-DPI] Read 8 bytes from 0x800096a0
# [SimX-DPI] Read 8 bytes from 0x800096a8
# [SimX-DPI] Read 8 bytes from 0x800096b0
# [SimX-DPI] Read 8 bytes from 0x800096b8
# [SimX-DPI] Read 8 bytes from 0x800096c0
# [SimX-DPI] Read 8 bytes from 0x800096c8
# [SimX-DPI] Read 8 bytes from 0x800096d0
# [SimX-DPI] Read 8 bytes from 0x800096d8
# [SimX-DPI] Read 8 bytes from 0x800096e0
# [SimX-DPI] Read 8 bytes from 0x800096e8
# [SimX-DPI] Read 8 bytes from 0x800096f0
# [SimX-DPI] Read 8 bytes from 0x800096f8
# [SimX-DPI] Read 8 bytes from 0x80009700
# [SimX-DPI] Read 8 bytes from 0x80009708
# [SimX-DPI] Read 8 bytes from 0x80009710
# [SimX-DPI] Read 8 bytes from 0x80009718
# [SimX-DPI] Read 8 bytes from 0x80009720
# [SimX-DPI] Read 8 bytes from 0x80009728
# [SimX-DPI] Read 8 bytes from 0x80009730
# [SimX-DPI] Read 8 bytes from 0x80009738
# [SimX-DPI] Read 8 bytes from 0x80009740
# [SimX-DPI] Read 8 bytes from 0x80009748
# [SimX-DPI] Read 8 bytes from 0x80009750
# [SimX-DPI] Read 8 bytes from 0x80009758
# [SimX-DPI] Read 8 bytes from 0x80009760
# [SimX-DPI] Read 8 bytes from 0x80009768
# [SimX-DPI] Read 8 bytes from 0x80009770
# [SimX-DPI] Read 8 bytes from 0x80009778
# [SimX-DPI] Read 8 bytes from 0x80009780
# [SimX-DPI] Read 8 bytes from 0x80009788
# [SimX-DPI] Read 8 bytes from 0x80009790
# [SimX-DPI] Read 8 bytes from 0x80009798
# [SimX-DPI] Read 8 bytes from 0x800097a0
# [SimX-DPI] Read 8 bytes from 0x800097a8
# [SimX-DPI] Read 8 bytes from 0x800097b0
# [SimX-DPI] Read 8 bytes from 0x800097b8
# [SimX-DPI] Read 8 bytes from 0x800097c0
# [SimX-DPI] Read 8 bytes from 0x800097c8
# [SimX-DPI] Read 8 bytes from 0x800097d0
# [SimX-DPI] Read 8 bytes from 0x800097d8
# [SimX-DPI] Read 8 bytes from 0x800097e0
# [SimX-DPI] Read 8 bytes from 0x800097e8
# [SimX-DPI] Read 8 bytes from 0x800097f0
# [SimX-DPI] Read 8 bytes from 0x800097f8
# [SimX-DPI] Read 8 bytes from 0x80009800
# [SimX-DPI] Read 8 bytes from 0x80009808
# [SimX-DPI] Read 8 bytes from 0x80009810
# [SimX-DPI] Read 8 bytes from 0x80009818
# [SimX-DPI] Read 8 bytes from 0x80009820
# [SimX-DPI] Read 8 bytes from 0x80009828
# [SimX-DPI] Read 8 bytes from 0x80009830
# [SimX-DPI] Read 8 bytes from 0x80009838
# [SimX-DPI] Read 8 bytes from 0x80009840
# [SimX-DPI] Read 8 bytes from 0x80009848
# [SimX-DPI] Read 8 bytes from 0x80009850
# [SimX-DPI] Read 8 bytes from 0x80009858
# [SimX-DPI] Read 8 bytes from 0x80009860
# [SimX-DPI] Read 8 bytes from 0x80009868
# [SimX-DPI] Read 8 bytes from 0x80009870
# [SimX-DPI] Read 8 bytes from 0x80009878
# [SimX-DPI] Read 8 bytes from 0x80009880
# [SimX-DPI] Read 8 bytes from 0x80009888
# [SimX-DPI] Read 8 bytes from 0x80009890
# [SimX-DPI] Read 8 bytes from 0x80009898
# [SimX-DPI] Read 8 bytes from 0x800098a0
# [SimX-DPI] Read 8 bytes from 0x800098a8
# [SimX-DPI] Read 8 bytes from 0x800098b0
# [SimX-DPI] Read 8 bytes from 0x800098b8
# [SimX-DPI] Read 8 bytes from 0x800098c0
# [SimX-DPI] Read 8 bytes from 0x800098c8
# [SimX-DPI] Read 8 bytes from 0x800098d0
# [SimX-DPI] Read 8 bytes from 0x800098d8
# [SimX-DPI] Read 8 bytes from 0x800098e0
# [SimX-DPI] Read 8 bytes from 0x800098e8
# [SimX-DPI] Read 8 bytes from 0x800098f0
# [SimX-DPI] Read 8 bytes from 0x800098f8
# [SimX-DPI] Read 8 bytes from 0x80009900
# [SimX-DPI] Read 8 bytes from 0x80009908
# [SimX-DPI] Read 8 bytes from 0x80009910
# [SimX-DPI] Read 8 bytes from 0x80009918
# [SimX-DPI] Read 8 bytes from 0x80009920
# [SimX-DPI] Read 8 bytes from 0x80009928
# [SimX-DPI] Read 8 bytes from 0x80009930
# [SimX-DPI] Read 8 bytes from 0x80009938
# [SimX-DPI] Read 8 bytes from 0x80009940
# [SimX-DPI] Read 8 bytes from 0x80009948
# [SimX-DPI] Read 8 bytes from 0x80009950
# [SimX-DPI] Read 8 bytes from 0x80009958
# [SimX-DPI] Read 8 bytes from 0x80009960
# [SimX-DPI] Read 8 bytes from 0x80009968
# [SimX-DPI] Read 8 bytes from 0x80009970
# [SimX-DPI] Read 8 bytes from 0x80009978
# [SimX-DPI] Read 8 bytes from 0x80009980
# [SimX-DPI] Read 8 bytes from 0x80009988
# [SimX-DPI] Read 8 bytes from 0x80009990
# [SimX-DPI] Read 8 bytes from 0x80009998
# [SimX-DPI] Read 8 bytes from 0x800099a0
# [SimX-DPI] Read 8 bytes from 0x800099a8
# [SimX-DPI] Read 8 bytes from 0x800099b0
# [SimX-DPI] Read 8 bytes from 0x800099b8
# [SimX-DPI] Read 8 bytes from 0x800099c0
# [SimX-DPI] Read 8 bytes from 0x800099c8
# [SimX-DPI] Read 8 bytes from 0x800099d0
# [SimX-DPI] Read 8 bytes from 0x800099d8
# [SimX-DPI] Read 8 bytes from 0x800099e0
# [SimX-DPI] Read 8 bytes from 0x800099e8
# [SimX-DPI] Read 8 bytes from 0x800099f0
# [SimX-DPI] Read 8 bytes from 0x800099f8
# [SimX-DPI] Read 8 bytes from 0x80009a00
# [SimX-DPI] Read 8 bytes from 0x80009a08
# [SimX-DPI] Read 8 bytes from 0x80009a10
# [SimX-DPI] Read 8 bytes from 0x80009a18
# [SimX-DPI] Read 8 bytes from 0x80009a20
# [SimX-DPI] Read 8 bytes from 0x80009a28
# [SimX-DPI] Read 8 bytes from 0x80009a30
# [SimX-DPI] Read 8 bytes from 0x80009a38
# [SimX-DPI] Read 8 bytes from 0x80009a40
# [SimX-DPI] Read 8 bytes from 0x80009a48
# [SimX-DPI] Read 8 bytes from 0x80009a50
# [SimX-DPI] Read 8 bytes from 0x80009a58
# [SimX-DPI] Read 8 bytes from 0x80009a60
# [SimX-DPI] Read 8 bytes from 0x80009a68
# [SimX-DPI] Read 8 bytes from 0x80009a70
# [SimX-DPI] Read 8 bytes from 0x80009a78
# [SimX-DPI] Read 8 bytes from 0x80009a80
# [SimX-DPI] Read 8 bytes from 0x80009a88
# [SimX-DPI] Read 8 bytes from 0x80009a90
# [SimX-DPI] Read 8 bytes from 0x80009a98
# [SimX-DPI] Read 8 bytes from 0x80009aa0
# [SimX-DPI] Read 8 bytes from 0x80009aa8
# [SimX-DPI] Read 8 bytes from 0x80009ab0
# [SimX-DPI] Read 8 bytes from 0x80009ab8
# [SimX-DPI] Read 8 bytes from 0x80009ac0
# [SimX-DPI] Read 8 bytes from 0x80009ac8
# [SimX-DPI] Read 8 bytes from 0x80009ad0
# [SimX-DPI] Read 8 bytes from 0x80009ad8
# [SimX-DPI] Read 8 bytes from 0x80009ae0
# [SimX-DPI] Read 8 bytes from 0x80009ae8
# [SimX-DPI] Read 8 bytes from 0x80009af0
# [SimX-DPI] Read 8 bytes from 0x80009af8
# [SimX-DPI] Read 8 bytes from 0x80009b00
# [SimX-DPI] Read 8 bytes from 0x80009b08
# [SimX-DPI] Read 8 bytes from 0x80009b10
# [SimX-DPI] Read 8 bytes from 0x80009b18
# [SimX-DPI] Read 8 bytes from 0x80009b20
# [SimX-DPI] Read 8 bytes from 0x80009b28
# [SimX-DPI] Read 8 bytes from 0x80009b30
# [SimX-DPI] Read 8 bytes from 0x80009b38
# [SimX-DPI] Read 8 bytes from 0x80009b40
# [SimX-DPI] Read 8 bytes from 0x80009b48
# [SimX-DPI] Read 8 bytes from 0x80009b50
# [SimX-DPI] Read 8 bytes from 0x80009b58
# [SimX-DPI] Read 8 bytes from 0x80009b60
# [SimX-DPI] Read 8 bytes from 0x80009b68
# [SimX-DPI] Read 8 bytes from 0x80009b70
# [SimX-DPI] Read 8 bytes from 0x80009b78
# [SimX-DPI] Read 8 bytes from 0x80009b80
# [SimX-DPI] Read 8 bytes from 0x80009b88
# [SimX-DPI] Read 8 bytes from 0x80009b90
# [SimX-DPI] Read 8 bytes from 0x80009b98
# [SimX-DPI] Read 8 bytes from 0x80009ba0
# [SimX-DPI] Read 8 bytes from 0x80009ba8
# [SimX-DPI] Read 8 bytes from 0x80009bb0
# [SimX-DPI] Read 8 bytes from 0x80009bb8
# [SimX-DPI] Read 8 bytes from 0x80009bc0
# [SimX-DPI] Read 8 bytes from 0x80009bc8
# [SimX-DPI] Read 8 bytes from 0x80009bd0
# [SimX-DPI] Read 8 bytes from 0x80009bd8
# [SimX-DPI] Read 8 bytes from 0x80009be0
# [SimX-DPI] Read 8 bytes from 0x80009be8
# [SimX-DPI] Read 8 bytes from 0x80009bf0
# [SimX-DPI] Read 8 bytes from 0x80009bf8
# [SimX-DPI] Read 8 bytes from 0x80009c00
# [SimX-DPI] Read 8 bytes from 0x80009c08
# [SimX-DPI] Read 8 bytes from 0x80009c10
# [SimX-DPI] Read 8 bytes from 0x80009c18
# [SimX-DPI] Read 8 bytes from 0x80009c20
# [SimX-DPI] Read 8 bytes from 0x80009c28
# [SimX-DPI] Read 8 bytes from 0x80009c30
# [SimX-DPI] Read 8 bytes from 0x80009c38
# [SimX-DPI] Read 8 bytes from 0x80009c40
# [SimX-DPI] Read 8 bytes from 0x80009c48
# [SimX-DPI] Read 8 bytes from 0x80009c50
# [SimX-DPI] Read 8 bytes from 0x80009c58
# [SimX-DPI] Read 8 bytes from 0x80009c60
# [SimX-DPI] Read 8 bytes from 0x80009c68
# [SimX-DPI] Read 8 bytes from 0x80009c70
# [SimX-DPI] Read 8 bytes from 0x80009c78
# [SimX-DPI] Read 8 bytes from 0x80009c80
# [SimX-DPI] Read 8 bytes from 0x80009c88
# [SimX-DPI] Read 8 bytes from 0x80009c90
# [SimX-DPI] Read 8 bytes from 0x80009c98
# [SimX-DPI] Read 8 bytes from 0x80009ca0
# [SimX-DPI] Read 8 bytes from 0x80009ca8
# [SimX-DPI] Read 8 bytes from 0x80009cb0
# [SimX-DPI] Read 8 bytes from 0x80009cb8
# [SimX-DPI] Read 8 bytes from 0x80009cc0
# [SimX-DPI] Read 8 bytes from 0x80009cc8
# [SimX-DPI] Read 8 bytes from 0x80009cd0
# [SimX-DPI] Read 8 bytes from 0x80009cd8
# [SimX-DPI] Read 8 bytes from 0x80009ce0
# [SimX-DPI] Read 8 bytes from 0x80009ce8
# [SimX-DPI] Read 8 bytes from 0x80009cf0
# [SimX-DPI] Read 8 bytes from 0x80009cf8
# [SimX-DPI] Read 8 bytes from 0x80009d00
# [SimX-DPI] Read 8 bytes from 0x80009d08
# [SimX-DPI] Read 8 bytes from 0x80009d10
# [SimX-DPI] Read 8 bytes from 0x80009d18
# [SimX-DPI] Read 8 bytes from 0x80009d20
# [SimX-DPI] Read 8 bytes from 0x80009d28
# [SimX-DPI] Read 8 bytes from 0x80009d30
# [SimX-DPI] Read 8 bytes from 0x80009d38
# [SimX-DPI] Read 8 bytes from 0x80009d40
# [SimX-DPI] Read 8 bytes from 0x80009d48
# [SimX-DPI] Read 8 bytes from 0x80009d50
# [SimX-DPI] Read 8 bytes from 0x80009d58
# [SimX-DPI] Read 8 bytes from 0x80009d60
# [SimX-DPI] Read 8 bytes from 0x80009d68
# [SimX-DPI] Read 8 bytes from 0x80009d70
# [SimX-DPI] Read 8 bytes from 0x80009d78
# [SimX-DPI] Read 8 bytes from 0x80009d80
# [SimX-DPI] Read 8 bytes from 0x80009d88
# [SimX-DPI] Read 8 bytes from 0x80009d90
# [SimX-DPI] Read 8 bytes from 0x80009d98
# [SimX-DPI] Read 8 bytes from 0x80009da0
# [SimX-DPI] Read 8 bytes from 0x80009da8
# [SimX-DPI] Read 8 bytes from 0x80009db0
# [SimX-DPI] Read 8 bytes from 0x80009db8
# [SimX-DPI] Read 8 bytes from 0x80009dc0
# [SimX-DPI] Read 8 bytes from 0x80009dc8
# [SimX-DPI] Read 8 bytes from 0x80009dd0
# [SimX-DPI] Read 8 bytes from 0x80009dd8
# [SimX-DPI] Read 8 bytes from 0x80009de0
# [SimX-DPI] Read 8 bytes from 0x80009de8
# [SimX-DPI] Read 8 bytes from 0x80009df0
# [SimX-DPI] Read 8 bytes from 0x80009df8
# [SimX-DPI] Read 8 bytes from 0x80009e00
# [SimX-DPI] Read 8 bytes from 0x80009e08
# [SimX-DPI] Read 8 bytes from 0x80009e10
# [SimX-DPI] Read 8 bytes from 0x80009e18
# [SimX-DPI] Read 8 bytes from 0x80009e20
# [SimX-DPI] Read 8 bytes from 0x80009e28
# [SimX-DPI] Read 8 bytes from 0x80009e30
# [SimX-DPI] Read 8 bytes from 0x80009e38
# [SimX-DPI] Read 8 bytes from 0x80009e40
# [SimX-DPI] Read 8 bytes from 0x80009e48
# [SimX-DPI] Read 8 bytes from 0x80009e50
# [SimX-DPI] Read 8 bytes from 0x80009e58
# [SimX-DPI] Read 8 bytes from 0x80009e60
# [SimX-DPI] Read 8 bytes from 0x80009e68
# [SimX-DPI] Read 8 bytes from 0x80009e70
# [SimX-DPI] Read 8 bytes from 0x80009e78
# [SimX-DPI] Read 8 bytes from 0x80009e80
# [SimX-DPI] Read 8 bytes from 0x80009e88
# [SimX-DPI] Read 8 bytes from 0x80009e90
# [SimX-DPI] Read 8 bytes from 0x80009e98
# [SimX-DPI] Read 8 bytes from 0x80009ea0
# [SimX-DPI] Read 8 bytes from 0x80009ea8
# [SimX-DPI] Read 8 bytes from 0x80009eb0
# [SimX-DPI] Read 8 bytes from 0x80009eb8
# [SimX-DPI] Read 8 bytes from 0x80009ec0
# [SimX-DPI] Read 8 bytes from 0x80009ec8
# [SimX-DPI] Read 8 bytes from 0x80009ed0
# [SimX-DPI] Read 8 bytes from 0x80009ed8
# [SimX-DPI] Read 8 bytes from 0x80009ee0
# [SimX-DPI] Read 8 bytes from 0x80009ee8
# [SimX-DPI] Read 8 bytes from 0x80009ef0
# [SimX-DPI] Read 8 bytes from 0x80009ef8
# [SimX-DPI] Read 8 bytes from 0x80009f00
# [SimX-DPI] Read 8 bytes from 0x80009f08
# [SimX-DPI] Read 8 bytes from 0x80009f10
# [SimX-DPI] Read 8 bytes from 0x80009f18
# [SimX-DPI] Read 8 bytes from 0x80009f20
# [SimX-DPI] Read 8 bytes from 0x80009f28
# [SimX-DPI] Read 8 bytes from 0x80009f30
# [SimX-DPI] Read 8 bytes from 0x80009f38
# [SimX-DPI] Read 8 bytes from 0x80009f40
# [SimX-DPI] Read 8 bytes from 0x80009f48
# [SimX-DPI] Read 8 bytes from 0x80009f50
# [SimX-DPI] Read 8 bytes from 0x80009f58
# [SimX-DPI] Read 8 bytes from 0x80009f60
# [SimX-DPI] Read 8 bytes from 0x80009f68
# [SimX-DPI] Read 8 bytes from 0x80009f70
# [SimX-DPI] Read 8 bytes from 0x80009f78
# [SimX-DPI] Read 8 bytes from 0x80009f80
# [SimX-DPI] Read 8 bytes from 0x80009f88
# [SimX-DPI] Read 8 bytes from 0x80009f90
# [SimX-DPI] Read 8 bytes from 0x80009f98
# [SimX-DPI] Read 8 bytes from 0x80009fa0
# [SimX-DPI] Read 8 bytes from 0x80009fa8
# [SimX-DPI] Read 8 bytes from 0x80009fb0
# [SimX-DPI] Read 8 bytes from 0x80009fb8
# [SimX-DPI] Read 8 bytes from 0x80009fc0
# [SimX-DPI] Read 8 bytes from 0x80009fc8
# [SimX-DPI] Read 8 bytes from 0x80009fd0
# [SimX-DPI] Read 8 bytes from 0x80009fd8
# [SimX-DPI] Read 8 bytes from 0x80009fe0
# [SimX-DPI] Read 8 bytes from 0x80009fe8
# [SimX-DPI] Read 8 bytes from 0x80009ff0
# [SimX-DPI] Read 8 bytes from 0x80009ff8
# [SimX-DPI] Read 8 bytes from 0x8000a000
# [SimX-DPI] Read 8 bytes from 0x8000a008
# [SimX-DPI] Read 8 bytes from 0x8000a010
# [SimX-DPI] Read 8 bytes from 0x8000a018
# [SimX-DPI] Read 8 bytes from 0x8000a020
# [SimX-DPI] Read 8 bytes from 0x8000a028
# [SimX-DPI] Read 8 bytes from 0x8000a030
# [SimX-DPI] Read 8 bytes from 0x8000a038
# [SimX-DPI] Read 8 bytes from 0x8000a040
# [SimX-DPI] Read 8 bytes from 0x8000a048
# [SimX-DPI] Read 8 bytes from 0x8000a050
# [SimX-DPI] Read 8 bytes from 0x8000a058
# [SimX-DPI] Read 8 bytes from 0x8000a060
# [SimX-DPI] Read 8 bytes from 0x8000a068
# [SimX-DPI] Read 8 bytes from 0x8000a070
# [SimX-DPI] Read 8 bytes from 0x8000a078
# [SimX-DPI] Read 8 bytes from 0x8000a080
# [SimX-DPI] Read 8 bytes from 0x8000a088
# [SimX-DPI] Read 8 bytes from 0x8000a090
# [SimX-DPI] Read 8 bytes from 0x8000a098
# [SimX-DPI] Read 8 bytes from 0x8000a0a0
# [SimX-DPI] Read 8 bytes from 0x8000a0a8
# [SimX-DPI] Read 8 bytes from 0x8000a0b0
# [SimX-DPI] Read 8 bytes from 0x8000a0b8
# [SimX-DPI] Read 8 bytes from 0x8000a0c0
# [SimX-DPI] Read 8 bytes from 0x8000a0c8
# [SimX-DPI] Read 8 bytes from 0x8000a0d0
# [SimX-DPI] Read 8 bytes from 0x8000a0d8
# [SimX-DPI] Read 8 bytes from 0x8000a0e0
# [SimX-DPI] Read 8 bytes from 0x8000a0e8
# [SimX-DPI] Read 8 bytes from 0x8000a0f0
# [SimX-DPI] Read 8 bytes from 0x8000a0f8
# [SimX-DPI] Read 8 bytes from 0x8000a100
# [SimX-DPI] Read 8 bytes from 0x8000a108
# [SimX-DPI] Read 8 bytes from 0x8000a110
# [SimX-DPI] Read 8 bytes from 0x8000a118
# [SimX-DPI] Read 8 bytes from 0x8000a120
# [SimX-DPI] Read 8 bytes from 0x8000a128
# [SimX-DPI] Read 8 bytes from 0x8000a130
# [SimX-DPI] Read 8 bytes from 0x8000a138
# [SimX-DPI] Read 8 bytes from 0x8000a140
# [SimX-DPI] Read 8 bytes from 0x8000a148
# [SimX-DPI] Read 8 bytes from 0x8000a150
# [SimX-DPI] Read 8 bytes from 0x8000a158
# [SimX-DPI] Read 8 bytes from 0x8000a160
# [SimX-DPI] Read 8 bytes from 0x8000a168
# [SimX-DPI] Read 8 bytes from 0x8000a170
# [SimX-DPI] Read 8 bytes from 0x8000a178
# [SimX-DPI] Read 8 bytes from 0x8000a180
# [SimX-DPI] Read 8 bytes from 0x8000a188
# [SimX-DPI] Read 8 bytes from 0x8000a190
# [SimX-DPI] Read 8 bytes from 0x8000a198
# [SimX-DPI] Read 8 bytes from 0x8000a1a0
# [SimX-DPI] Read 8 bytes from 0x8000a1a8
# [SimX-DPI] Read 8 bytes from 0x8000a1b0
# [SimX-DPI] Read 8 bytes from 0x8000a1b8
# [SimX-DPI] Read 8 bytes from 0x8000a1c0
# [SimX-DPI] Read 8 bytes from 0x8000a1c8
# [SimX-DPI] Read 8 bytes from 0x8000a1d0
# [SimX-DPI] Read 8 bytes from 0x8000a1d8
# [SimX-DPI] Read 8 bytes from 0x8000a1e0
# [SimX-DPI] Read 8 bytes from 0x8000a1e8
# [SimX-DPI] Read 8 bytes from 0x8000a1f0
# [SimX-DPI] Read 8 bytes from 0x8000a1f8
# [SimX-DPI] Read 8 bytes from 0x8000a200
# [SimX-DPI] Read 8 bytes from 0x8000a208
# [SimX-DPI] Read 8 bytes from 0x8000a210
# [SimX-DPI] Read 8 bytes from 0x8000a218
# [SimX-DPI] Read 8 bytes from 0x8000a220
# [SimX-DPI] Read 8 bytes from 0x8000a228
# [SimX-DPI] Read 8 bytes from 0x8000a230
# [SimX-DPI] Read 8 bytes from 0x8000a238
# [SimX-DPI] Read 8 bytes from 0x8000a240
# [SimX-DPI] Read 8 bytes from 0x8000a248
# [SimX-DPI] Read 8 bytes from 0x8000a250
# [SimX-DPI] Read 8 bytes from 0x8000a258
# [SimX-DPI] Read 8 bytes from 0x8000a260
# [SimX-DPI] Read 8 bytes from 0x8000a268
# [SimX-DPI] Read 8 bytes from 0x8000a270
# [SimX-DPI] Read 8 bytes from 0x8000a278
# [SimX-DPI] Read 8 bytes from 0x8000a280
# [SimX-DPI] Read 8 bytes from 0x8000a288
# [SimX-DPI] Read 8 bytes from 0x8000a290
# [SimX-DPI] Read 8 bytes from 0x8000a298
# [SimX-DPI] Read 8 bytes from 0x8000a2a0
# [SimX-DPI] Read 8 bytes from 0x8000a2a8
# [SimX-DPI] Read 8 bytes from 0x8000a2b0
# [SimX-DPI] Read 8 bytes from 0x8000a2b8
# [SimX-DPI] Read 8 bytes from 0x8000a2c0
# [SimX-DPI] Read 8 bytes from 0x8000a2c8
# [SimX-DPI] Read 8 bytes from 0x8000a2d0
# [SimX-DPI] Read 8 bytes from 0x8000a2d8
# [SimX-DPI] Read 8 bytes from 0x8000a2e0
# [SimX-DPI] Read 8 bytes from 0x8000a2e8
# [SimX-DPI] Read 8 bytes from 0x8000a2f0
# [SimX-DPI] Read 8 bytes from 0x8000a2f8
# [SimX-DPI] Read 8 bytes from 0x8000a300
# [SimX-DPI] Read 8 bytes from 0x8000a308
# [SimX-DPI] Read 8 bytes from 0x8000a310
# [SimX-DPI] Read 8 bytes from 0x8000a318
# [SimX-DPI] Read 8 bytes from 0x8000a320
# [SimX-DPI] Read 8 bytes from 0x8000a328
# [SimX-DPI] Read 8 bytes from 0x8000a330
# [SimX-DPI] Read 8 bytes from 0x8000a338
# [SimX-DPI] Read 8 bytes from 0x8000a340
# [SimX-DPI] Read 8 bytes from 0x8000a348
# [SimX-DPI] Read 8 bytes from 0x8000a350
# [SimX-DPI] Read 8 bytes from 0x8000a358
# [SimX-DPI] Read 8 bytes from 0x8000a360
# [SimX-DPI] Read 8 bytes from 0x8000a368
# [SimX-DPI] Read 8 bytes from 0x8000a370
# [SimX-DPI] Read 8 bytes from 0x8000a378
# [SimX-DPI] Read 8 bytes from 0x8000a380
# [SimX-DPI] Read 8 bytes from 0x8000a388
# [SimX-DPI] Read 8 bytes from 0x8000a390
# [SimX-DPI] Read 8 bytes from 0x8000a398
# [SimX-DPI] Read 8 bytes from 0x8000a3a0
# [SimX-DPI] Read 8 bytes from 0x8000a3a8
# [SimX-DPI] Read 8 bytes from 0x8000a3b0
# [SimX-DPI] Read 8 bytes from 0x8000a3b8
# [SimX-DPI] Read 8 bytes from 0x8000a3c0
# [SimX-DPI] Read 8 bytes from 0x8000a3c8
# [SimX-DPI] Read 8 bytes from 0x8000a3d0
# [SimX-DPI] Read 8 bytes from 0x8000a3d8
# [SimX-DPI] Read 8 bytes from 0x8000a3e0
# [SimX-DPI] Read 8 bytes from 0x8000a3e8
# [SimX-DPI] Read 8 bytes from 0x8000a3f0
# [SimX-DPI] Read 8 bytes from 0x8000a3f8
# [SimX-DPI] Read 8 bytes from 0x8000a400
# [SimX-DPI] Read 8 bytes from 0x8000a408
# [SimX-DPI] Read 8 bytes from 0x8000a410
# [SimX-DPI] Read 8 bytes from 0x8000a418
# [SimX-DPI] Read 8 bytes from 0x8000a420
# [SimX-DPI] Read 8 bytes from 0x8000a428
# [SimX-DPI] Read 8 bytes from 0x8000a430
# [SimX-DPI] Read 8 bytes from 0x8000a438
# [SimX-DPI] Read 8 bytes from 0x8000a440
# [SimX-DPI] Read 8 bytes from 0x8000a448
# [SimX-DPI] Read 8 bytes from 0x8000a450
# [SimX-DPI] Read 8 bytes from 0x8000a458
# [SimX-DPI] Read 8 bytes from 0x8000a460
# [SimX-DPI] Read 8 bytes from 0x8000a468
# [SimX-DPI] Read 8 bytes from 0x8000a470
# [SimX-DPI] Read 8 bytes from 0x8000a478
# [SimX-DPI] Read 8 bytes from 0x8000a480
# [SimX-DPI] Read 8 bytes from 0x8000a488
# [SimX-DPI] Read 8 bytes from 0x8000a490
# [SimX-DPI] Read 8 bytes from 0x8000a498
# [SimX-DPI] Read 8 bytes from 0x8000a4a0
# [SimX-DPI] Read 8 bytes from 0x8000a4a8
# [SimX-DPI] Read 8 bytes from 0x8000a4b0
# [SimX-DPI] Read 8 bytes from 0x8000a4b8
# [SimX-DPI] Read 8 bytes from 0x8000a4c0
# [SimX-DPI] Read 8 bytes from 0x8000a4c8
# [SimX-DPI] Read 8 bytes from 0x8000a4d0
# [SimX-DPI] Read 8 bytes from 0x8000a4d8
# [SimX-DPI] Read 8 bytes from 0x8000a4e0
# [SimX-DPI] Read 8 bytes from 0x8000a4e8
# [SimX-DPI] Read 8 bytes from 0x8000a4f0
# [SimX-DPI] Read 8 bytes from 0x8000a4f8
# [SimX-DPI] Read 8 bytes from 0x8000a500
# [SimX-DPI] Read 8 bytes from 0x8000a508
# [SimX-DPI] Read 8 bytes from 0x8000a510
# [SimX-DPI] Read 8 bytes from 0x8000a518
# [SimX-DPI] Read 8 bytes from 0x8000a520
# [SimX-DPI] Read 8 bytes from 0x8000a528
# [SimX-DPI] Read 8 bytes from 0x8000a530
# [SimX-DPI] Read 8 bytes from 0x8000a538
# [SimX-DPI] Read 8 bytes from 0x8000a540
# [SimX-DPI] Read 8 bytes from 0x8000a548
# [SimX-DPI] Read 8 bytes from 0x8000a550
# [SimX-DPI] Read 8 bytes from 0x8000a558
# [SimX-DPI] Read 8 bytes from 0x8000a560
# [SimX-DPI] Read 8 bytes from 0x8000a568
# [SimX-DPI] Read 8 bytes from 0x8000a570
# [SimX-DPI] Read 8 bytes from 0x8000a578
# [SimX-DPI] Read 8 bytes from 0x8000a580
# [SimX-DPI] Read 8 bytes from 0x8000a588
# [SimX-DPI] Read 8 bytes from 0x8000a590
# [SimX-DPI] Read 8 bytes from 0x8000a598
# [SimX-DPI] Read 8 bytes from 0x8000a5a0
# [SimX-DPI] Read 8 bytes from 0x8000a5a8
# [SimX-DPI] Read 8 bytes from 0x8000a5b0
# [SimX-DPI] Read 8 bytes from 0x8000a5b8
# [SimX-DPI] Read 8 bytes from 0x8000a5c0
# [SimX-DPI] Read 8 bytes from 0x8000a5c8
# [SimX-DPI] Read 8 bytes from 0x8000a5d0
# [SimX-DPI] Read 8 bytes from 0x8000a5d8
# [SimX-DPI] Read 8 bytes from 0x8000a5e0
# [SimX-DPI] Read 8 bytes from 0x8000a5e8
# [SimX-DPI] Read 8 bytes from 0x8000a5f0
# [SimX-DPI] Read 8 bytes from 0x8000a5f8
# [SimX-DPI] Read 8 bytes from 0x8000a600
# [SimX-DPI] Read 8 bytes from 0x8000a608
# [SimX-DPI] Read 8 bytes from 0x8000a610
# [SimX-DPI] Read 8 bytes from 0x8000a618
# [SimX-DPI] Read 8 bytes from 0x8000a620
# [SimX-DPI] Read 8 bytes from 0x8000a628
# [SimX-DPI] Read 8 bytes from 0x8000a630
# [SimX-DPI] Read 8 bytes from 0x8000a638
# [SimX-DPI] Read 8 bytes from 0x8000a640
# [SimX-DPI] Read 8 bytes from 0x8000a648
# [SimX-DPI] Read 8 bytes from 0x8000a650
# [SimX-DPI] Read 8 bytes from 0x8000a658
# [SimX-DPI] Read 8 bytes from 0x8000a660
# [SimX-DPI] Read 8 bytes from 0x8000a668
# [SimX-DPI] Read 8 bytes from 0x8000a670
# [SimX-DPI] Read 8 bytes from 0x8000a678
# [SimX-DPI] Read 8 bytes from 0x8000a680
# [SimX-DPI] Read 8 bytes from 0x8000a688
# [SimX-DPI] Read 8 bytes from 0x8000a690
# [SimX-DPI] Read 8 bytes from 0x8000a698
# [SimX-DPI] Read 8 bytes from 0x8000a6a0
# [SimX-DPI] Read 8 bytes from 0x8000a6a8
# [SimX-DPI] Read 8 bytes from 0x8000a6b0
# [SimX-DPI] Read 8 bytes from 0x8000a6b8
# [SimX-DPI] Read 8 bytes from 0x8000a6c0
# [SimX-DPI] Read 8 bytes from 0x8000a6c8
# [SimX-DPI] Read 8 bytes from 0x8000a6d0
# [SimX-DPI] Read 8 bytes from 0x8000a6d8
# [SimX-DPI] Read 8 bytes from 0x8000a6e0
# [SimX-DPI] Read 8 bytes from 0x8000a6e8
# [SimX-DPI] Read 8 bytes from 0x8000a6f0
# [SimX-DPI] Read 8 bytes from 0x8000a6f8
# [SimX-DPI] Read 8 bytes from 0x8000a700
# [SimX-DPI] Read 8 bytes from 0x8000a708
# [SimX-DPI] Read 8 bytes from 0x8000a710
# [SimX-DPI] Read 8 bytes from 0x8000a718
# [SimX-DPI] Read 8 bytes from 0x8000a720
# [SimX-DPI] Read 8 bytes from 0x8000a728
# [SimX-DPI] Read 8 bytes from 0x8000a730
# [SimX-DPI] Read 8 bytes from 0x8000a738
# [SimX-DPI] Read 8 bytes from 0x8000a740
# [SimX-DPI] Read 8 bytes from 0x8000a748
# [SimX-DPI] Read 8 bytes from 0x8000a750
# [SimX-DPI] Read 8 bytes from 0x8000a758
# [SimX-DPI] Read 8 bytes from 0x8000a760
# [SimX-DPI] Read 8 bytes from 0x8000a768
# [SimX-DPI] Read 8 bytes from 0x8000a770
# [SimX-DPI] Read 8 bytes from 0x8000a778
# [SimX-DPI] Read 8 bytes from 0x8000a780
# [SimX-DPI] Read 8 bytes from 0x8000a788
# [SimX-DPI] Read 8 bytes from 0x8000a790
# [SimX-DPI] Read 8 bytes from 0x8000a798
# [SimX-DPI] Read 8 bytes from 0x8000a7a0
# [SimX-DPI] Read 8 bytes from 0x8000a7a8
# [SimX-DPI] Read 8 bytes from 0x8000a7b0
# [SimX-DPI] Read 8 bytes from 0x8000a7b8
# [SimX-DPI] Read 8 bytes from 0x8000a7c0
# [SimX-DPI] Read 8 bytes from 0x8000a7c8
# [SimX-DPI] Read 8 bytes from 0x8000a7d0
# [SimX-DPI] Read 8 bytes from 0x8000a7d8
# [SimX-DPI] Read 8 bytes from 0x8000a7e0
# [SimX-DPI] Read 8 bytes from 0x8000a7e8
# [SimX-DPI] Read 8 bytes from 0x8000a7f0
# [SimX-DPI] Read 8 bytes from 0x8000a7f8
# [SimX-DPI] Read 8 bytes from 0x8000a800
# [SimX-DPI] Read 8 bytes from 0x8000a808
# [SimX-DPI] Read 8 bytes from 0x8000a810
# [SimX-DPI] Read 8 bytes from 0x8000a818
# [SimX-DPI] Read 8 bytes from 0x8000a820
# [SimX-DPI] Read 8 bytes from 0x8000a828
# [SimX-DPI] Read 8 bytes from 0x8000a830
# [SimX-DPI] Read 8 bytes from 0x8000a838
# [SimX-DPI] Read 8 bytes from 0x8000a840
# [SimX-DPI] Read 8 bytes from 0x8000a848
# [SimX-DPI] Read 8 bytes from 0x8000a850
# [SimX-DPI] Read 8 bytes from 0x8000a858
# [SimX-DPI] Read 8 bytes from 0x8000a860
# [SimX-DPI] Read 8 bytes from 0x8000a868
# [SimX-DPI] Read 8 bytes from 0x8000a870
# [SimX-DPI] Read 8 bytes from 0x8000a878
# [SimX-DPI] Read 8 bytes from 0x8000a880
# [SimX-DPI] Read 8 bytes from 0x8000a888
# [SimX-DPI] Read 8 bytes from 0x8000a890
# [SimX-DPI] Read 8 bytes from 0x8000a898
# [SimX-DPI] Read 8 bytes from 0x8000a8a0
# [SimX-DPI] Read 8 bytes from 0x8000a8a8
# [SimX-DPI] Read 8 bytes from 0x8000a8b0
# [SimX-DPI] Read 8 bytes from 0x8000a8b8
# [SimX-DPI] Read 8 bytes from 0x8000a8c0
# [SimX-DPI] Read 8 bytes from 0x8000a8c8
# [SimX-DPI] Read 8 bytes from 0x8000a8d0
# [SimX-DPI] Read 8 bytes from 0x8000a8d8
# [SimX-DPI] Read 8 bytes from 0x8000a8e0
# [SimX-DPI] Read 8 bytes from 0x8000a8e8
# [SimX-DPI] Read 8 bytes from 0x8000a8f0
# [SimX-DPI] Read 8 bytes from 0x8000a8f8
# [SimX-DPI] Read 8 bytes from 0x8000a900
# [SimX-DPI] Read 8 bytes from 0x8000a908
# [SimX-DPI] Read 8 bytes from 0x8000a910
# [SimX-DPI] Read 8 bytes from 0x8000a918
# [SimX-DPI] Read 8 bytes from 0x8000a920
# [SimX-DPI] Read 8 bytes from 0x8000a928
# [SimX-DPI] Read 8 bytes from 0x8000a930
# [SimX-DPI] Read 8 bytes from 0x8000a938
# [SimX-DPI] Read 8 bytes from 0x8000a940
# [SimX-DPI] Read 8 bytes from 0x8000a948
# [SimX-DPI] Read 8 bytes from 0x8000a950
# [SimX-DPI] Read 8 bytes from 0x8000a958
# [SimX-DPI] Read 8 bytes from 0x8000a960
# [SimX-DPI] Read 8 bytes from 0x8000a968
# [SimX-DPI] Read 8 bytes from 0x8000a970
# [SimX-DPI] Read 8 bytes from 0x8000a978
# [SimX-DPI] Read 8 bytes from 0x8000a980
# [SimX-DPI] Read 8 bytes from 0x8000a988
# [SimX-DPI] Read 8 bytes from 0x8000a990
# [SimX-DPI] Read 8 bytes from 0x8000a998
# [SimX-DPI] Read 8 bytes from 0x8000a9a0
# [SimX-DPI] Read 8 bytes from 0x8000a9a8
# [SimX-DPI] Read 8 bytes from 0x8000a9b0
# [SimX-DPI] Read 8 bytes from 0x8000a9b8
# [SimX-DPI] Read 8 bytes from 0x8000a9c0
# [SimX-DPI] Read 8 bytes from 0x8000a9c8
# [SimX-DPI] Read 8 bytes from 0x8000a9d0
# [SimX-DPI] Read 8 bytes from 0x8000a9d8
# [SimX-DPI] Read 8 bytes from 0x8000a9e0
# [SimX-DPI] Read 8 bytes from 0x8000a9e8
# [SimX-DPI] Read 8 bytes from 0x8000a9f0
# [SimX-DPI] Read 8 bytes from 0x8000a9f8
# [SimX-DPI] Read 8 bytes from 0x8000aa00
# [SimX-DPI] Read 8 bytes from 0x8000aa08
# [SimX-DPI] Read 8 bytes from 0x8000aa10
# [SimX-DPI] Read 8 bytes from 0x8000aa18
# [SimX-DPI] Read 8 bytes from 0x8000aa20
# [SimX-DPI] Read 8 bytes from 0x8000aa28
# [SimX-DPI] Read 8 bytes from 0x8000aa30
# [SimX-DPI] Read 8 bytes from 0x8000aa38
# [SimX-DPI] Read 8 bytes from 0x8000aa40
# [SimX-DPI] Read 8 bytes from 0x8000aa48
# [SimX-DPI] Read 8 bytes from 0x8000aa50
# [SimX-DPI] Read 8 bytes from 0x8000aa58
# [SimX-DPI] Read 8 bytes from 0x8000aa60
# [SimX-DPI] Read 8 bytes from 0x8000aa68
# [SimX-DPI] Read 8 bytes from 0x8000aa70
# [SimX-DPI] Read 8 bytes from 0x8000aa78
# [SimX-DPI] Read 8 bytes from 0x8000aa80
# [SimX-DPI] Read 8 bytes from 0x8000aa88
# [SimX-DPI] Read 8 bytes from 0x8000aa90
# [SimX-DPI] Read 8 bytes from 0x8000aa98
# [SimX-DPI] Read 8 bytes from 0x8000aaa0
# [SimX-DPI] Read 8 bytes from 0x8000aaa8
# [SimX-DPI] Read 8 bytes from 0x8000aab0
# [SimX-DPI] Read 8 bytes from 0x8000aab8
# [SimX-DPI] Read 8 bytes from 0x8000aac0
# [SimX-DPI] Read 8 bytes from 0x8000aac8
# [SimX-DPI] Read 8 bytes from 0x8000aad0
# [SimX-DPI] Read 8 bytes from 0x8000aad8
# [SimX-DPI] Read 8 bytes from 0x8000aae0
# [SimX-DPI] Read 8 bytes from 0x8000aae8
# [SimX-DPI] Read 8 bytes from 0x8000aaf0
# [SimX-DPI] Read 8 bytes from 0x8000aaf8
# [SimX-DPI] Read 8 bytes from 0x8000ab00
# [SimX-DPI] Read 8 bytes from 0x8000ab08
# [SimX-DPI] Read 8 bytes from 0x8000ab10
# [SimX-DPI] Read 8 bytes from 0x8000ab18
# [SimX-DPI] Read 8 bytes from 0x8000ab20
# [SimX-DPI] Read 8 bytes from 0x8000ab28
# [SimX-DPI] Read 8 bytes from 0x8000ab30
# [SimX-DPI] Read 8 bytes from 0x8000ab38
# [SimX-DPI] Read 8 bytes from 0x8000ab40
# [SimX-DPI] Read 8 bytes from 0x8000ab48
# [SimX-DPI] Read 8 bytes from 0x8000ab50
# [SimX-DPI] Read 8 bytes from 0x8000ab58
# [SimX-DPI] Read 8 bytes from 0x8000ab60
# [SimX-DPI] Read 8 bytes from 0x8000ab68
# [SimX-DPI] Read 8 bytes from 0x8000ab70
# [SimX-DPI] Read 8 bytes from 0x8000ab78
# [SimX-DPI] Read 8 bytes from 0x8000ab80
# [SimX-DPI] Read 8 bytes from 0x8000ab88
# [SimX-DPI] Read 8 bytes from 0x8000ab90
# [SimX-DPI] Read 8 bytes from 0x8000ab98
# [SimX-DPI] Read 8 bytes from 0x8000aba0
# [SimX-DPI] Read 8 bytes from 0x8000aba8
# [SimX-DPI] Read 8 bytes from 0x8000abb0
# [SimX-DPI] Read 8 bytes from 0x8000abb8
# [SimX-DPI] Read 8 bytes from 0x8000abc0
# [SimX-DPI] Read 8 bytes from 0x8000abc8
# [SimX-DPI] Read 8 bytes from 0x8000abd0
# [SimX-DPI] Read 8 bytes from 0x8000abd8
# [SimX-DPI] Read 8 bytes from 0x8000abe0
# [SimX-DPI] Read 8 bytes from 0x8000abe8
# [SimX-DPI] Read 8 bytes from 0x8000abf0
# [SimX-DPI] Read 8 bytes from 0x8000abf8
# [SimX-DPI] Read 8 bytes from 0x8000ac00
# [SimX-DPI] Read 8 bytes from 0x8000ac08
# [SimX-DPI] Read 8 bytes from 0x8000ac10
# [SimX-DPI] Read 8 bytes from 0x8000ac18
# [SimX-DPI] Read 8 bytes from 0x8000ac20
# [SimX-DPI] Read 8 bytes from 0x8000ac28
# [SimX-DPI] Read 8 bytes from 0x8000ac30
# [SimX-DPI] Read 8 bytes from 0x8000ac38
# [SimX-DPI] Read 8 bytes from 0x8000ac40
# [SimX-DPI] Read 8 bytes from 0x8000ac48
# [SimX-DPI] Read 8 bytes from 0x8000ac50
# [SimX-DPI] Read 8 bytes from 0x8000ac58
# [SimX-DPI] Read 8 bytes from 0x8000ac60
# [SimX-DPI] Read 8 bytes from 0x8000ac68
# [SimX-DPI] Read 8 bytes from 0x8000ac70
# [SimX-DPI] Read 8 bytes from 0x8000ac78
# [SimX-DPI] Read 8 bytes from 0x8000ac80
# [SimX-DPI] Read 8 bytes from 0x8000ac88
# [SimX-DPI] Read 8 bytes from 0x8000ac90
# [SimX-DPI] Read 8 bytes from 0x8000ac98
# [SimX-DPI] Read 8 bytes from 0x8000aca0
# [SimX-DPI] Read 8 bytes from 0x8000aca8
# [SimX-DPI] Read 8 bytes from 0x8000acb0
# [SimX-DPI] Read 8 bytes from 0x8000acb8
# [SimX-DPI] Read 8 bytes from 0x8000acc0
# [SimX-DPI] Read 8 bytes from 0x8000acc8
# [SimX-DPI] Read 8 bytes from 0x8000acd0
# [SimX-DPI] Read 8 bytes from 0x8000acd8
# [SimX-DPI] Read 8 bytes from 0x8000ace0
# [SimX-DPI] Read 8 bytes from 0x8000ace8
# [SimX-DPI] Read 8 bytes from 0x8000acf0
# [SimX-DPI] Read 8 bytes from 0x8000acf8
# [SimX-DPI] Read 8 bytes from 0x8000ad00
# [SimX-DPI] Read 8 bytes from 0x8000ad08
# [SimX-DPI] Read 8 bytes from 0x8000ad10
# [SimX-DPI] Read 8 bytes from 0x8000ad18
# [SimX-DPI] Read 8 bytes from 0x8000ad20
# [SimX-DPI] Read 8 bytes from 0x8000ad28
# [SimX-DPI] Read 8 bytes from 0x8000ad30
# [SimX-DPI] Read 8 bytes from 0x8000ad38
# [SimX-DPI] Read 8 bytes from 0x8000ad40
# [SimX-DPI] Read 8 bytes from 0x8000ad48
# [SimX-DPI] Read 8 bytes from 0x8000ad50
# [SimX-DPI] Read 8 bytes from 0x8000ad58
# [SimX-DPI] Read 8 bytes from 0x8000ad60
# [SimX-DPI] Read 8 bytes from 0x8000ad68
# [SimX-DPI] Read 8 bytes from 0x8000ad70
# [SimX-DPI] Read 8 bytes from 0x8000ad78
# [SimX-DPI] Read 8 bytes from 0x8000ad80
# [SimX-DPI] Read 8 bytes from 0x8000ad88
# [SimX-DPI] Read 8 bytes from 0x8000ad90
# [SimX-DPI] Read 8 bytes from 0x8000ad98
# [SimX-DPI] Read 8 bytes from 0x8000ada0
# [SimX-DPI] Read 8 bytes from 0x8000ada8
# [SimX-DPI] Read 8 bytes from 0x8000adb0
# [SimX-DPI] Read 8 bytes from 0x8000adb8
# [SimX-DPI] Read 8 bytes from 0x8000adc0
# [SimX-DPI] Read 8 bytes from 0x8000adc8
# [SimX-DPI] Read 8 bytes from 0x8000add0
# [SimX-DPI] Read 8 bytes from 0x8000add8
# [SimX-DPI] Read 8 bytes from 0x8000ade0
# [SimX-DPI] Read 8 bytes from 0x8000ade8
# [SimX-DPI] Read 8 bytes from 0x8000adf0
# [SimX-DPI] Read 8 bytes from 0x8000adf8
# [SimX-DPI] Read 8 bytes from 0x8000ae00
# [SimX-DPI] Read 8 bytes from 0x8000ae08
# [SimX-DPI] Read 8 bytes from 0x8000ae10
# [SimX-DPI] Read 8 bytes from 0x8000ae18
# [SimX-DPI] Read 8 bytes from 0x8000ae20
# [SimX-DPI] Read 8 bytes from 0x8000ae28
# [SimX-DPI] Read 8 bytes from 0x8000ae30
# [SimX-DPI] Read 8 bytes from 0x8000ae38
# [SimX-DPI] Read 8 bytes from 0x8000ae40
# [SimX-DPI] Read 8 bytes from 0x8000ae48
# [SimX-DPI] Read 8 bytes from 0x8000ae50
# [SimX-DPI] Read 8 bytes from 0x8000ae58
# [SimX-DPI] Read 8 bytes from 0x8000ae60
# [SimX-DPI] Read 8 bytes from 0x8000ae68
# [SimX-DPI] Read 8 bytes from 0x8000ae70
# [SimX-DPI] Read 8 bytes from 0x8000ae78
# [SimX-DPI] Read 8 bytes from 0x8000ae80
# [SimX-DPI] Read 8 bytes from 0x8000ae88
# [SimX-DPI] Read 8 bytes from 0x8000ae90
# [SimX-DPI] Read 8 bytes from 0x8000ae98
# [SimX-DPI] Read 8 bytes from 0x8000aea0
# [SimX-DPI] Read 8 bytes from 0x8000aea8
# [SimX-DPI] Read 8 bytes from 0x8000aeb0
# [SimX-DPI] Read 8 bytes from 0x8000aeb8
# [SimX-DPI] Read 8 bytes from 0x8000aec0
# [SimX-DPI] Read 8 bytes from 0x8000aec8
# [SimX-DPI] Read 8 bytes from 0x8000aed0
# [SimX-DPI] Read 8 bytes from 0x8000aed8
# [SimX-DPI] Read 8 bytes from 0x8000aee0
# [SimX-DPI] Read 8 bytes from 0x8000aee8
# [SimX-DPI] Read 8 bytes from 0x8000aef0
# [SimX-DPI] Read 8 bytes from 0x8000aef8
# [SimX-DPI] Read 8 bytes from 0x8000af00
# [SimX-DPI] Read 8 bytes from 0x8000af08
# [SimX-DPI] Read 8 bytes from 0x8000af10
# [SimX-DPI] Read 8 bytes from 0x8000af18
# [SimX-DPI] Read 8 bytes from 0x8000af20
# [SimX-DPI] Read 8 bytes from 0x8000af28
# [SimX-DPI] Read 8 bytes from 0x8000af30
# [SimX-DPI] Read 8 bytes from 0x8000af38
# [SimX-DPI] Read 8 bytes from 0x8000af40
# [SimX-DPI] Read 8 bytes from 0x8000af48
# [SimX-DPI] Read 8 bytes from 0x8000af50
# [SimX-DPI] Read 8 bytes from 0x8000af58
# [SimX-DPI] Read 8 bytes from 0x8000af60
# [SimX-DPI] Read 8 bytes from 0x8000af68
# [SimX-DPI] Read 8 bytes from 0x8000af70
# [SimX-DPI] Read 8 bytes from 0x8000af78
# [SimX-DPI] Read 8 bytes from 0x8000af80
# [SimX-DPI] Read 8 bytes from 0x8000af88
# [SimX-DPI] Read 8 bytes from 0x8000af90
# [SimX-DPI] Read 8 bytes from 0x8000af98
# [SimX-DPI] Read 8 bytes from 0x8000afa0
# [SimX-DPI] Read 8 bytes from 0x8000afa8
# [SimX-DPI] Read 8 bytes from 0x8000afb0
# [SimX-DPI] Read 8 bytes from 0x8000afb8
# [SimX-DPI] Read 8 bytes from 0x8000afc0
# [SimX-DPI] Read 8 bytes from 0x8000afc8
# [SimX-DPI] Read 8 bytes from 0x8000afd0
# [SimX-DPI] Read 8 bytes from 0x8000afd8
# [SimX-DPI] Read 8 bytes from 0x8000afe0
# [SimX-DPI] Read 8 bytes from 0x8000afe8
# [SimX-DPI] Read 8 bytes from 0x8000aff0
# [SimX-DPI] Read 8 bytes from 0x8000aff8
# [SimX-DPI] Read 8 bytes from 0x8000b000
# [SimX-DPI] Read 8 bytes from 0x8000b008
# [SimX-DPI] Read 8 bytes from 0x8000b010
# [SimX-DPI] Read 8 bytes from 0x8000b018
# [SimX-DPI] Read 8 bytes from 0x8000b020
# [SimX-DPI] Read 8 bytes from 0x8000b028
# [SimX-DPI] Read 8 bytes from 0x8000b030
# [SimX-DPI] Read 8 bytes from 0x8000b038
# [SimX-DPI] Read 8 bytes from 0x8000b040
# [SimX-DPI] Read 8 bytes from 0x8000b048
# [SimX-DPI] Read 8 bytes from 0x8000b050
# [SimX-DPI] Read 8 bytes from 0x8000b058
# [SimX-DPI] Read 8 bytes from 0x8000b060
# [SimX-DPI] Read 8 bytes from 0x8000b068
# [SimX-DPI] Read 8 bytes from 0x8000b070
# [SimX-DPI] Read 8 bytes from 0x8000b078
# [SimX-DPI] Read 8 bytes from 0x8000b080
# [SimX-DPI] Read 8 bytes from 0x8000b088
# [SimX-DPI] Read 8 bytes from 0x8000b090
# [SimX-DPI] Read 8 bytes from 0x8000b098
# [SimX-DPI] Read 8 bytes from 0x8000b0a0
# [SimX-DPI] Read 8 bytes from 0x8000b0a8
# [SimX-DPI] Read 8 bytes from 0x8000b0b0
# [SimX-DPI] Read 8 bytes from 0x8000b0b8
# [SimX-DPI] Read 8 bytes from 0x8000b0c0
# [SimX-DPI] Read 8 bytes from 0x8000b0c8
# [SimX-DPI] Read 8 bytes from 0x8000b0d0
# [SimX-DPI] Read 8 bytes from 0x8000b0d8
# [SimX-DPI] Read 8 bytes from 0x8000b0e0
# [SimX-DPI] Read 8 bytes from 0x8000b0e8
# [SimX-DPI] Read 8 bytes from 0x8000b0f0
# [SimX-DPI] Read 8 bytes from 0x8000b0f8
# [SimX-DPI] Read 8 bytes from 0x8000b100
# [SimX-DPI] Read 8 bytes from 0x8000b108
# [SimX-DPI] Read 8 bytes from 0x8000b110
# [SimX-DPI] Read 8 bytes from 0x8000b118
# [SimX-DPI] Read 8 bytes from 0x8000b120
# [SimX-DPI] Read 8 bytes from 0x8000b128
# [SimX-DPI] Read 8 bytes from 0x8000b130
# [SimX-DPI] Read 8 bytes from 0x8000b138
# [SimX-DPI] Read 8 bytes from 0x8000b140
# [SimX-DPI] Read 8 bytes from 0x8000b148
# [SimX-DPI] Read 8 bytes from 0x8000b150
# [SimX-DPI] Read 8 bytes from 0x8000b158
# [SimX-DPI] Read 8 bytes from 0x8000b160
# [SimX-DPI] Read 8 bytes from 0x8000b168
# [SimX-DPI] Read 8 bytes from 0x8000b170
# [SimX-DPI] Read 8 bytes from 0x8000b178
# [SimX-DPI] Read 8 bytes from 0x8000b180
# [SimX-DPI] Read 8 bytes from 0x8000b188
# [SimX-DPI] Read 8 bytes from 0x8000b190
# [SimX-DPI] Read 8 bytes from 0x8000b198
# [SimX-DPI] Read 8 bytes from 0x8000b1a0
# [SimX-DPI] Read 8 bytes from 0x8000b1a8
# [SimX-DPI] Read 8 bytes from 0x8000b1b0
# [SimX-DPI] Read 8 bytes from 0x8000b1b8
# [SimX-DPI] Read 8 bytes from 0x8000b1c0
# [SimX-DPI] Read 8 bytes from 0x8000b1c8
# [SimX-DPI] Read 8 bytes from 0x8000b1d0
# [SimX-DPI] Read 8 bytes from 0x8000b1d8
# [SimX-DPI] Read 8 bytes from 0x8000b1e0
# [SimX-DPI] Read 8 bytes from 0x8000b1e8
# [SimX-DPI] Read 8 bytes from 0x8000b1f0
# [SimX-DPI] Read 8 bytes from 0x8000b1f8
# [SimX-DPI] Read 8 bytes from 0x8000b200
# [SimX-DPI] Read 8 bytes from 0x8000b208
# [SimX-DPI] Read 8 bytes from 0x8000b210
# [SimX-DPI] Read 8 bytes from 0x8000b218
# [SimX-DPI] Read 8 bytes from 0x8000b220
# [SimX-DPI] Read 8 bytes from 0x8000b228
# [SimX-DPI] Read 8 bytes from 0x8000b230
# [SimX-DPI] Read 8 bytes from 0x8000b238
# [SimX-DPI] Read 8 bytes from 0x8000b240
# [SimX-DPI] Read 8 bytes from 0x8000b248
# [SimX-DPI] Read 8 bytes from 0x8000b250
# [SimX-DPI] Read 8 bytes from 0x8000b258
# [SimX-DPI] Read 8 bytes from 0x8000b260
# [SimX-DPI] Read 8 bytes from 0x8000b268
# [SimX-DPI] Read 8 bytes from 0x8000b270
# [SimX-DPI] Read 8 bytes from 0x8000b278
# [SimX-DPI] Read 8 bytes from 0x8000b280
# [SimX-DPI] Read 8 bytes from 0x8000b288
# [SimX-DPI] Read 8 bytes from 0x8000b290
# [SimX-DPI] Read 8 bytes from 0x8000b298
# [SimX-DPI] Read 8 bytes from 0x8000b2a0
# [SimX-DPI] Read 8 bytes from 0x8000b2a8
# [SimX-DPI] Read 8 bytes from 0x8000b2b0
# [SimX-DPI] Read 8 bytes from 0x8000b2b8
# [SimX-DPI] Read 8 bytes from 0x8000b2c0
# [SimX-DPI] Read 8 bytes from 0x8000b2c8
# [SimX-DPI] Read 8 bytes from 0x8000b2d0
# [SimX-DPI] Read 8 bytes from 0x8000b2d8
# [SimX-DPI] Read 8 bytes from 0x8000b2e0
# [SimX-DPI] Read 8 bytes from 0x8000b2e8
# [SimX-DPI] Read 8 bytes from 0x8000b2f0
# [SimX-DPI] Read 8 bytes from 0x8000b2f8
# [SimX-DPI] Read 8 bytes from 0x8000b300
# [SimX-DPI] Read 8 bytes from 0x8000b308
# [SimX-DPI] Read 8 bytes from 0x8000b310
# [SimX-DPI] Read 8 bytes from 0x8000b318
# [SimX-DPI] Read 8 bytes from 0x8000b320
# [SimX-DPI] Read 8 bytes from 0x8000b328
# [SimX-DPI] Read 8 bytes from 0x8000b330
# [SimX-DPI] Read 8 bytes from 0x8000b338
# [SimX-DPI] Read 8 bytes from 0x8000b340
# [SimX-DPI] Read 8 bytes from 0x8000b348
# [SimX-DPI] Read 8 bytes from 0x8000b350
# [SimX-DPI] Read 8 bytes from 0x8000b358
# [SimX-DPI] Read 8 bytes from 0x8000b360
# [SimX-DPI] Read 8 bytes from 0x8000b368
# [SimX-DPI] Read 8 bytes from 0x8000b370
# [SimX-DPI] Read 8 bytes from 0x8000b378
# [SimX-DPI] Read 8 bytes from 0x8000b380
# [SimX-DPI] Read 8 bytes from 0x8000b388
# [SimX-DPI] Read 8 bytes from 0x8000b390
# [SimX-DPI] Read 8 bytes from 0x8000b398
# [SimX-DPI] Read 8 bytes from 0x8000b3a0
# [SimX-DPI] Read 8 bytes from 0x8000b3a8
# [SimX-DPI] Read 8 bytes from 0x8000b3b0
# [SimX-DPI] Read 8 bytes from 0x8000b3b8
# [SimX-DPI] Read 8 bytes from 0x8000b3c0
# [SimX-DPI] Read 8 bytes from 0x8000b3c8
# [SimX-DPI] Read 8 bytes from 0x8000b3d0
# [SimX-DPI] Read 8 bytes from 0x8000b3d8
# [SimX-DPI] Read 8 bytes from 0x8000b3e0
# [SimX-DPI] Read 8 bytes from 0x8000b3e8
# [SimX-DPI] Read 8 bytes from 0x8000b3f0
# [SimX-DPI] Read 8 bytes from 0x8000b3f8
# [SimX-DPI] Read 8 bytes from 0x8000b400
# [SimX-DPI] Read 8 bytes from 0x8000b408
# [SimX-DPI] Read 8 bytes from 0x8000b410
# [SimX-DPI] Read 8 bytes from 0x8000b418
# [SimX-DPI] Read 8 bytes from 0x8000b420
# [SimX-DPI] Read 8 bytes from 0x8000b428
# [SimX-DPI] Read 8 bytes from 0x8000b430
# [SimX-DPI] Read 8 bytes from 0x8000b438
# [SimX-DPI] Read 8 bytes from 0x8000b440
# [SimX-DPI] Read 8 bytes from 0x8000b448
# [SimX-DPI] Read 8 bytes from 0x8000b450
# [SimX-DPI] Read 8 bytes from 0x8000b458
# [SimX-DPI] Read 8 bytes from 0x8000b460
# [SimX-DPI] Read 8 bytes from 0x8000b468
# [SimX-DPI] Read 8 bytes from 0x8000b470
# [SimX-DPI] Read 8 bytes from 0x8000b478
# [SimX-DPI] Read 8 bytes from 0x8000b480
# [SimX-DPI] Read 8 bytes from 0x8000b488
# [SimX-DPI] Read 8 bytes from 0x8000b490
# [SimX-DPI] Read 8 bytes from 0x8000b498
# [SimX-DPI] Read 8 bytes from 0x8000b4a0
# [SimX-DPI] Read 8 bytes from 0x8000b4a8
# [SimX-DPI] Read 8 bytes from 0x8000b4b0
# [SimX-DPI] Read 8 bytes from 0x8000b4b8
# [SimX-DPI] Read 8 bytes from 0x8000b4c0
# [SimX-DPI] Read 8 bytes from 0x8000b4c8
# [SimX-DPI] Read 8 bytes from 0x8000b4d0
# [SimX-DPI] Read 8 bytes from 0x8000b4d8
# [SimX-DPI] Read 8 bytes from 0x8000b4e0
# [SimX-DPI] Read 8 bytes from 0x8000b4e8
# [SimX-DPI] Read 8 bytes from 0x8000b4f0
# [SimX-DPI] Read 8 bytes from 0x8000b4f8
# [SimX-DPI] Read 8 bytes from 0x8000b500
# [SimX-DPI] Read 8 bytes from 0x8000b508
# [SimX-DPI] Read 8 bytes from 0x8000b510
# [SimX-DPI] Read 8 bytes from 0x8000b518
# [SimX-DPI] Read 8 bytes from 0x8000b520
# [SimX-DPI] Read 8 bytes from 0x8000b528
# [SimX-DPI] Read 8 bytes from 0x8000b530
# [SimX-DPI] Read 8 bytes from 0x8000b538
# [SimX-DPI] Read 8 bytes from 0x8000b540
# [SimX-DPI] Read 8 bytes from 0x8000b548
# [SimX-DPI] Read 8 bytes from 0x8000b550
# [SimX-DPI] Read 8 bytes from 0x8000b558
# [SimX-DPI] Read 8 bytes from 0x8000b560
# [SimX-DPI] Read 8 bytes from 0x8000b568
# [SimX-DPI] Read 8 bytes from 0x8000b570
# [SimX-DPI] Read 8 bytes from 0x8000b578
# [SimX-DPI] Read 8 bytes from 0x8000b580
# [SimX-DPI] Read 8 bytes from 0x8000b588
# [SimX-DPI] Read 8 bytes from 0x8000b590
# [SimX-DPI] Read 8 bytes from 0x8000b598
# [SimX-DPI] Read 8 bytes from 0x8000b5a0
# [SimX-DPI] Read 8 bytes from 0x8000b5a8
# [SimX-DPI] Read 8 bytes from 0x8000b5b0
# [SimX-DPI] Read 8 bytes from 0x8000b5b8
# [SimX-DPI] Read 8 bytes from 0x8000b5c0
# [SimX-DPI] Read 8 bytes from 0x8000b5c8
# [SimX-DPI] Read 8 bytes from 0x8000b5d0
# [SimX-DPI] Read 8 bytes from 0x8000b5d8
# [SimX-DPI] Read 8 bytes from 0x8000b5e0
# [SimX-DPI] Read 8 bytes from 0x8000b5e8
# [SimX-DPI] Read 8 bytes from 0x8000b5f0
# [SimX-DPI] Read 8 bytes from 0x8000b5f8
# [SimX-DPI] Read 8 bytes from 0x8000b600
# [SimX-DPI] Read 8 bytes from 0x8000b608
# [SimX-DPI] Read 8 bytes from 0x8000b610
# [SimX-DPI] Read 8 bytes from 0x8000b618
# [SimX-DPI] Read 8 bytes from 0x8000b620
# [SimX-DPI] Read 8 bytes from 0x8000b628
# [SimX-DPI] Read 8 bytes from 0x8000b630
# [SimX-DPI] Read 8 bytes from 0x8000b638
# [SimX-DPI] Read 8 bytes from 0x8000b640
# [SimX-DPI] Read 8 bytes from 0x8000b648
# [SimX-DPI] Read 8 bytes from 0x8000b650
# [SimX-DPI] Read 8 bytes from 0x8000b658
# [SimX-DPI] Read 8 bytes from 0x8000b660
# [SimX-DPI] Read 8 bytes from 0x8000b668
# [SimX-DPI] Read 8 bytes from 0x8000b670
# [SimX-DPI] Read 8 bytes from 0x8000b678
# [SimX-DPI] Read 8 bytes from 0x8000b680
# [SimX-DPI] Read 8 bytes from 0x8000b688
# [SimX-DPI] Read 8 bytes from 0x8000b690
# [SimX-DPI] Read 8 bytes from 0x8000b698
# [SimX-DPI] Read 8 bytes from 0x8000b6a0
# [SimX-DPI] Read 8 bytes from 0x8000b6a8
# [SimX-DPI] Read 8 bytes from 0x8000b6b0
# [SimX-DPI] Read 8 bytes from 0x8000b6b8
# [SimX-DPI] Read 8 bytes from 0x8000b6c0
# [SimX-DPI] Read 8 bytes from 0x8000b6c8
# [SimX-DPI] Read 8 bytes from 0x8000b6d0
# [SimX-DPI] Read 8 bytes from 0x80000000
# [SimX-DPI] Read 8 bytes from 0x80000008
# [SimX-DPI] Read 8 bytes from 0x80000010
# [SimX-DPI] Read 8 bytes from 0x80000018
# [SimX-DPI] Read 8 bytes from 0x80000020
# [SimX-DPI] Read 8 bytes from 0x80000028
# [SimX-DPI] Read 8 bytes from 0x80000030
# [SimX-DPI] Read 8 bytes from 0x80000038
# [SimX-DPI] Read 8 bytes from 0x80000040
# [SimX-DPI] Read 8 bytes from 0x80000048
# [SimX-DPI] Read 8 bytes from 0x80000050
# [SimX-DPI] Read 8 bytes from 0x80000058
# [SimX-DPI] Read 8 bytes from 0x80000060
# [SimX-DPI] Read 8 bytes from 0x80000068
# [SimX-DPI] Read 8 bytes from 0x80000070
# [SimX-DPI] Read 8 bytes from 0x80000078
# [SimX-DPI] Read 8 bytes from 0x80000080
# [SimX-DPI] Read 8 bytes from 0x80000088
# [SimX-DPI] Read 8 bytes from 0x80000090
# [SimX-DPI] Read 8 bytes from 0x80000098
# [SimX-DPI] Read 8 bytes from 0x800000a0
# [SimX-DPI] Read 8 bytes from 0x800000a8
# [SimX-DPI] Read 8 bytes from 0x800000b0
# [SimX-DPI] Read 8 bytes from 0x800000b8
# [SimX-DPI] Read 8 bytes from 0x800000c0
# [SimX-DPI] Read 8 bytes from 0x800000c8
# [SimX-DPI] Read 8 bytes from 0x800000d0
# [SimX-DPI] Read 8 bytes from 0x800000d8
# [SimX-DPI] Read 8 bytes from 0x800000e0
# [SimX-DPI] Read 8 bytes from 0x800000e8
# [SimX-DPI] Read 8 bytes from 0x800000f0
# [SimX-DPI] Read 8 bytes from 0x800000f8
# [SimX-DPI] Read 8 bytes from 0x80000100
# [SimX-DPI] Read 8 bytes from 0x80000108
# [SimX-DPI] Read 8 bytes from 0x80000110
# [SimX-DPI] Read 8 bytes from 0x80000118
# [SimX-DPI] Read 8 bytes from 0x80000120
# [SimX-DPI] Read 8 bytes from 0x80000128
# [SimX-DPI] Read 8 bytes from 0x80000130
# [SimX-DPI] Read 8 bytes from 0x80000138
# [SimX-DPI] Read 8 bytes from 0x80000140
# [SimX-DPI] Read 8 bytes from 0x80000148
# [SimX-DPI] Read 8 bytes from 0x80000150
# [SimX-DPI] Read 8 bytes from 0x80000158
# [SimX-DPI] Read 8 bytes from 0x80000160
# [SimX-DPI] Read 8 bytes from 0x80000168
# [SimX-DPI] Read 8 bytes from 0x80000170
# [SimX-DPI] Read 8 bytes from 0x80000178
# [SimX-DPI] Read 8 bytes from 0x80000180
# [SimX-DPI] Read 8 bytes from 0x80000188
# [SimX-DPI] Read 8 bytes from 0x80000190
# [SimX-DPI] Read 8 bytes from 0x80000198
# [SimX-DPI] Read 8 bytes from 0x800001a0
# [SimX-DPI] Read 8 bytes from 0x800001a8
# [SimX-DPI] Read 8 bytes from 0x800001b0
# [SimX-DPI] Read 8 bytes from 0x800001b8
# [SimX-DPI] Read 8 bytes from 0x800001c0
# [SimX-DPI] Read 8 bytes from 0x800001c8
# [SimX-DPI] Read 8 bytes from 0x800001d0
# [SimX-DPI] Read 8 bytes from 0x800001d8
# [SimX-DPI] Read 8 bytes from 0x800001e0
# [SimX-DPI] Read 8 bytes from 0x800001e8
# [SimX-DPI] Read 8 bytes from 0x800001f0
# [SimX-DPI] Read 8 bytes from 0x800001f8
# [SimX-DPI] Read 8 bytes from 0x80000200
# [SimX-DPI] Read 8 bytes from 0x80000208
# [SimX-DPI] Read 8 bytes from 0x80000210
# [SimX-DPI] Read 8 bytes from 0x80000218
# [SimX-DPI] Read 8 bytes from 0x80000220
# [SimX-DPI] Read 8 bytes from 0x80000228
# [SimX-DPI] Read 8 bytes from 0x80000230
# [SimX-DPI] Read 8 bytes from 0x80000238
# [SimX-DPI] Read 8 bytes from 0x80000240
# [SimX-DPI] Read 8 bytes from 0x80000248
# [SimX-DPI] Read 8 bytes from 0x80000250
# [SimX-DPI] Read 8 bytes from 0x80000258
# [SimX-DPI] Read 8 bytes from 0x80000260
# [SimX-DPI] Read 8 bytes from 0x80000268
# [SimX-DPI] Read 8 bytes from 0x80000270
# [SimX-DPI] Read 8 bytes from 0x80000278
# [SimX-DPI] Read 8 bytes from 0x80000280
# [SimX-DPI] Read 8 bytes from 0x80000288
# [SimX-DPI] Read 8 bytes from 0x80000290
# [SimX-DPI] Read 8 bytes from 0x80000298
# [SimX-DPI] Read 8 bytes from 0x800002a0
# [SimX-DPI] Read 8 bytes from 0x800002a8
# [SimX-DPI] Read 8 bytes from 0x800002b0
# [SimX-DPI] Read 8 bytes from 0x800002b8
# [SimX-DPI] Read 8 bytes from 0x800002c0
# [SimX-DPI] Read 8 bytes from 0x800002c8
# [SimX-DPI] Read 8 bytes from 0x800002d0
# [SimX-DPI] Read 8 bytes from 0x800002d8
# [SimX-DPI] Read 8 bytes from 0x800002e0
# [SimX-DPI] Read 8 bytes from 0x800002e8
# [SimX-DPI] Read 8 bytes from 0x800002f0
# [SimX-DPI] Read 8 bytes from 0x800002f8
# [SimX-DPI] Read 8 bytes from 0x80000300
# [SimX-DPI] Read 8 bytes from 0x80000308
# [SimX-DPI] Read 8 bytes from 0x80000310
# [SimX-DPI] Read 8 bytes from 0x80000318
# [SimX-DPI] Read 8 bytes from 0x80000320
# [SimX-DPI] Read 8 bytes from 0x80000328
# [SimX-DPI] Read 8 bytes from 0x80000330
# [SimX-DPI] Read 8 bytes from 0x80000338
# [SimX-DPI] Read 8 bytes from 0x80000340
# [SimX-DPI] Read 8 bytes from 0x80000348
# [SimX-DPI] Read 8 bytes from 0x80000350
# [SimX-DPI] Read 8 bytes from 0x80000358
# [SimX-DPI] Read 8 bytes from 0x80000360
# [SimX-DPI] Read 8 bytes from 0x80000368
# [SimX-DPI] Read 8 bytes from 0x80000370
# [SimX-DPI] Read 8 bytes from 0x80000378
# [SimX-DPI] Read 8 bytes from 0x80000380
# [SimX-DPI] Read 8 bytes from 0x80000388
# [SimX-DPI] Read 8 bytes from 0x80000390
# [SimX-DPI] Read 8 bytes from 0x80000398
# [SimX-DPI] Read 8 bytes from 0x800003a0
# [SimX-DPI] Read 8 bytes from 0x800003a8
# [SimX-DPI] Read 8 bytes from 0x800003b0
# [SimX-DPI] Read 8 bytes from 0x800003b8
# [SimX-DPI] Read 8 bytes from 0x800003c0
# [SimX-DPI] Read 8 bytes from 0x800003c8
# [SimX-DPI] Read 8 bytes from 0x800003d0
# [SimX-DPI] Read 8 bytes from 0x800003d8
# [SimX-DPI] Read 8 bytes from 0x800003e0
# [SimX-DPI] Read 8 bytes from 0x800003e8
# [SimX-DPI] Read 8 bytes from 0x800003f0
# [SimX-DPI] Read 8 bytes from 0x800003f8
# [SimX-DPI] Read 8 bytes from 0x80000400
# [SimX-DPI] Read 8 bytes from 0x80000408
# [SimX-DPI] Read 8 bytes from 0x80000410
# [SimX-DPI] Read 8 bytes from 0x80000418
# [SimX-DPI] Read 8 bytes from 0x80000420
# [SimX-DPI] Read 8 bytes from 0x80000428
# [SimX-DPI] Read 8 bytes from 0x80000430
# [SimX-DPI] Read 8 bytes from 0x80000438
# [SimX-DPI] Read 8 bytes from 0x80000440
# [SimX-DPI] Read 8 bytes from 0x80000448
# [SimX-DPI] Read 8 bytes from 0x80000450
# [SimX-DPI] Read 8 bytes from 0x80000458
# [SimX-DPI] Read 8 bytes from 0x80000460
# [SimX-DPI] Read 8 bytes from 0x80000468
# [SimX-DPI] Read 8 bytes from 0x80000470
# [SimX-DPI] Read 8 bytes from 0x80000478
# [SimX-DPI] Read 8 bytes from 0x80000480
# [SimX-DPI] Read 8 bytes from 0x80000488
# [SimX-DPI] Read 8 bytes from 0x80000490
# [SimX-DPI] Read 8 bytes from 0x80000498
# [SimX-DPI] Read 8 bytes from 0x800004a0
# [SimX-DPI] Read 8 bytes from 0x800004a8
# [SimX-DPI] Read 8 bytes from 0x800004b0
# [SimX-DPI] Read 8 bytes from 0x800004b8
# [SimX-DPI] Read 8 bytes from 0x800004c0
# [SimX-DPI] Read 8 bytes from 0x800004c8
# [SimX-DPI] Read 8 bytes from 0x800004d0
# [SimX-DPI] Read 8 bytes from 0x800004d8
# [SimX-DPI] Read 8 bytes from 0x800004e0
# [SimX-DPI] Read 8 bytes from 0x800004e8
# [SimX-DPI] Read 8 bytes from 0x800004f0
# [SimX-DPI] Read 8 bytes from 0x800004f8
# [SimX-DPI] Read 8 bytes from 0x80000500
# [SimX-DPI] Read 8 bytes from 0x80000508
# [SimX-DPI] Read 8 bytes from 0x80000510
# [SimX-DPI] Read 8 bytes from 0x80000518
# [SimX-DPI] Read 8 bytes from 0x80000520
# [SimX-DPI] Read 8 bytes from 0x80000528
# [SimX-DPI] Read 8 bytes from 0x80000530
# [SimX-DPI] Read 8 bytes from 0x80000538
# [SimX-DPI] Read 8 bytes from 0x80000540
# [SimX-DPI] Read 8 bytes from 0x80000548
# [SimX-DPI] Read 8 bytes from 0x80000550
# [SimX-DPI] Read 8 bytes from 0x80000558
# [SimX-DPI] Read 8 bytes from 0x80000560
# [SimX-DPI] Read 8 bytes from 0x80000568
# [SimX-DPI] Read 8 bytes from 0x80000570
# [SimX-DPI] Read 8 bytes from 0x80000578
# [SimX-DPI] Read 8 bytes from 0x80000580
# [SimX-DPI] Read 8 bytes from 0x80000588
# [SimX-DPI] Read 8 bytes from 0x80000590
# [SimX-DPI] Read 8 bytes from 0x80000598
# [SimX-DPI] Read 8 bytes from 0x800005a0
# [SimX-DPI] Read 8 bytes from 0x800005a8
# [SimX-DPI] Read 8 bytes from 0x800005b0
# [SimX-DPI] Read 8 bytes from 0x800005b8
# [SimX-DPI] Read 8 bytes from 0x800005c0
# [SimX-DPI] Read 8 bytes from 0x800005c8
# [SimX-DPI] Read 8 bytes from 0x800005d0
# [SimX-DPI] Read 8 bytes from 0x800005d8
# [SimX-DPI] Read 8 bytes from 0x800005e0
# [SimX-DPI] Read 8 bytes from 0x800005e8
# [SimX-DPI] Read 8 bytes from 0x800005f0
# [SimX-DPI] Read 8 bytes from 0x800005f8
# [SimX-DPI] Read 8 bytes from 0x80000600
# [SimX-DPI] Read 8 bytes from 0x80000608
# [SimX-DPI] Read 8 bytes from 0x80000610
# [SimX-DPI] Read 8 bytes from 0x80000618
# [SimX-DPI] Read 8 bytes from 0x80000620
# [SimX-DPI] Read 8 bytes from 0x80000628
# [SimX-DPI] Read 8 bytes from 0x80000630
# [SimX-DPI] Read 8 bytes from 0x80000638
# [SimX-DPI] Read 8 bytes from 0x80000640
# [SimX-DPI] Read 8 bytes from 0x80000648
# [SimX-DPI] Read 8 bytes from 0x80000650
# [SimX-DPI] Read 8 bytes from 0x80000658
# [SimX-DPI] Read 8 bytes from 0x80000660
# [SimX-DPI] Read 8 bytes from 0x80000668
# [SimX-DPI] Read 8 bytes from 0x80000670
# [SimX-DPI] Read 8 bytes from 0x80000678
# [SimX-DPI] Read 8 bytes from 0x80000680
# [SimX-DPI] Read 8 bytes from 0x80000688
# [SimX-DPI] Read 8 bytes from 0x80000690
# [SimX-DPI] Read 8 bytes from 0x80000698
# [SimX-DPI] Read 8 bytes from 0x800006a0
# [SimX-DPI] Read 8 bytes from 0x800006a8
# [SimX-DPI] Read 8 bytes from 0x800006b0
# [SimX-DPI] Read 8 bytes from 0x800006b8
# [SimX-DPI] Read 8 bytes from 0x800006c0
# [SimX-DPI] Read 8 bytes from 0x800006c8
# [SimX-DPI] Read 8 bytes from 0x800006d0
# [SimX-DPI] Read 8 bytes from 0x800006d8
# [SimX-DPI] Read 8 bytes from 0x800006e0
# [SimX-DPI] Read 8 bytes from 0x800006e8
# [SimX-DPI] Read 8 bytes from 0x800006f0
# [SimX-DPI] Read 8 bytes from 0x800006f8
# [SimX-DPI] Read 8 bytes from 0x80000700
# [SimX-DPI] Read 8 bytes from 0x80000708
# [SimX-DPI] Read 8 bytes from 0x80000710
# [SimX-DPI] Read 8 bytes from 0x80000718
# [SimX-DPI] Read 8 bytes from 0x80000720
# [SimX-DPI] Read 8 bytes from 0x80000728
# [SimX-DPI] Read 8 bytes from 0x80000730
# [SimX-DPI] Read 8 bytes from 0x80000738
# [SimX-DPI] Read 8 bytes from 0x80000740
# [SimX-DPI] Read 8 bytes from 0x80000748
# [SimX-DPI] Read 8 bytes from 0x80000750
# [SimX-DPI] Read 8 bytes from 0x80000758
# [SimX-DPI] Read 8 bytes from 0x80000760
# [SimX-DPI] Read 8 bytes from 0x80000768
# [SimX-DPI] Read 8 bytes from 0x80000770
# [SimX-DPI] Read 8 bytes from 0x80000778
# [SimX-DPI] Read 8 bytes from 0x80000780
# [SimX-DPI] Read 8 bytes from 0x80000788
# [SimX-DPI] Read 8 bytes from 0x80000790
# [SimX-DPI] Read 8 bytes from 0x80000798
# [SimX-DPI] Read 8 bytes from 0x800007a0
# [SimX-DPI] Read 8 bytes from 0x800007a8
# [SimX-DPI] Read 8 bytes from 0x800007b0
# [SimX-DPI] Read 8 bytes from 0x800007b8
# [SimX-DPI] Read 8 bytes from 0x800007c0
# [SimX-DPI] Read 8 bytes from 0x800007c8
# [SimX-DPI] Read 8 bytes from 0x800007d0
# [SimX-DPI] Read 8 bytes from 0x800007d8
# [SimX-DPI] Read 8 bytes from 0x800007e0
# [SimX-DPI] Read 8 bytes from 0x800007e8
# [SimX-DPI] Read 8 bytes from 0x800007f0
# [SimX-DPI] Read 8 bytes from 0x800007f8
# [SimX-DPI] Read 8 bytes from 0x80000800
# [SimX-DPI] Read 8 bytes from 0x80000808
# [SimX-DPI] Read 8 bytes from 0x80000810
# [SimX-DPI] Read 8 bytes from 0x80000818
# [SimX-DPI] Read 8 bytes from 0x80000820
# [SimX-DPI] Read 8 bytes from 0x80000828
# [SimX-DPI] Read 8 bytes from 0x80000830
# [SimX-DPI] Read 8 bytes from 0x80000838
# [SimX-DPI] Read 8 bytes from 0x80000840
# [SimX-DPI] Read 8 bytes from 0x80000848
# [SimX-DPI] Read 8 bytes from 0x80000850
# [SimX-DPI] Read 8 bytes from 0x80000858
# [SimX-DPI] Read 8 bytes from 0x80000860
# [SimX-DPI] Read 8 bytes from 0x80000868
# [SimX-DPI] Read 8 bytes from 0x80000870
# [SimX-DPI] Read 8 bytes from 0x80000878
# [SimX-DPI] Read 8 bytes from 0x80000880
# [SimX-DPI] Read 8 bytes from 0x80000888
# [SimX-DPI] Read 8 bytes from 0x80000890
# [SimX-DPI] Read 8 bytes from 0x80000898
# [SimX-DPI] Read 8 bytes from 0x800008a0
# [SimX-DPI] Read 8 bytes from 0x800008a8
# [SimX-DPI] Read 8 bytes from 0x800008b0
# [SimX-DPI] Read 8 bytes from 0x800008b8
# [SimX-DPI] Read 8 bytes from 0x800008c0
# [SimX-DPI] Read 8 bytes from 0x800008c8
# [SimX-DPI] Read 8 bytes from 0x800008d0
# [SimX-DPI] Read 8 bytes from 0x800008d8
# [SimX-DPI] Read 8 bytes from 0x800008e0
# [SimX-DPI] Read 8 bytes from 0x800008e8
# [SimX-DPI] Read 8 bytes from 0x800008f0
# [SimX-DPI] Read 8 bytes from 0x800008f8
# [SimX-DPI] Read 8 bytes from 0x80000900
# [SimX-DPI] Read 8 bytes from 0x80000908
# [SimX-DPI] Read 8 bytes from 0x80000910
# [SimX-DPI] Read 8 bytes from 0x80000918
# [SimX-DPI] Read 8 bytes from 0x80000920
# [SimX-DPI] Read 8 bytes from 0x80000928
# [SimX-DPI] Read 8 bytes from 0x80000930
# [SimX-DPI] Read 8 bytes from 0x80000938
# [SimX-DPI] Read 8 bytes from 0x80000940
# [SimX-DPI] Read 8 bytes from 0x80000948
# [SimX-DPI] Read 8 bytes from 0x80000950
# [SimX-DPI] Read 8 bytes from 0x80000958
# [SimX-DPI] Read 8 bytes from 0x80000960
# [SimX-DPI] Read 8 bytes from 0x80000968
# [SimX-DPI] Read 8 bytes from 0x80000970
# [SimX-DPI] Read 8 bytes from 0x80000978
# [SimX-DPI] Read 8 bytes from 0x80000980
# [SimX-DPI] Read 8 bytes from 0x80000988
# [SimX-DPI] Read 8 bytes from 0x80000990
# [SimX-DPI] Read 8 bytes from 0x80000998
# [SimX-DPI] Read 8 bytes from 0x800009a0
# [SimX-DPI] Read 8 bytes from 0x800009a8
# [SimX-DPI] Read 8 bytes from 0x800009b0
# [SimX-DPI] Read 8 bytes from 0x800009b8
# [SimX-DPI] Read 8 bytes from 0x800009c0
# [SimX-DPI] Read 8 bytes from 0x800009c8
# [SimX-DPI] Read 8 bytes from 0x800009d0
# [SimX-DPI] Read 8 bytes from 0x800009d8
# [SimX-DPI] Read 8 bytes from 0x800009e0
# [SimX-DPI] Read 8 bytes from 0x800009e8
# [SimX-DPI] Read 8 bytes from 0x800009f0
# [SimX-DPI] Read 8 bytes from 0x800009f8
# [SimX-DPI] Read 8 bytes from 0x80000a00
# [SimX-DPI] Read 8 bytes from 0x80000a08
# [SimX-DPI] Read 8 bytes from 0x80000a10
# [SimX-DPI] Read 8 bytes from 0x80000a18
# [SimX-DPI] Read 8 bytes from 0x80000a20
# [SimX-DPI] Read 8 bytes from 0x80000a28
# [SimX-DPI] Read 8 bytes from 0x80000a30
# [SimX-DPI] Read 8 bytes from 0x80000a38
# [SimX-DPI] Read 8 bytes from 0x80000a40
# [SimX-DPI] Read 8 bytes from 0x80000a48
# [SimX-DPI] Read 8 bytes from 0x80000a50
# [SimX-DPI] Read 8 bytes from 0x80000a58
# [SimX-DPI] Read 8 bytes from 0x80000a60
# [SimX-DPI] Read 8 bytes from 0x80000a68
# [SimX-DPI] Read 8 bytes from 0x80000a70
# [SimX-DPI] Read 8 bytes from 0x80000a78
# [SimX-DPI] Read 8 bytes from 0x80000a80
# [SimX-DPI] Read 8 bytes from 0x80000a88
# [SimX-DPI] Read 8 bytes from 0x80000a90
# [SimX-DPI] Read 8 bytes from 0x80000a98
# [SimX-DPI] Read 8 bytes from 0x80000aa0
# [SimX-DPI] Read 8 bytes from 0x80000aa8
# [SimX-DPI] Read 8 bytes from 0x80000ab0
# [SimX-DPI] Read 8 bytes from 0x80000ab8
# [SimX-DPI] Read 8 bytes from 0x80000ac0
# [SimX-DPI] Read 8 bytes from 0x80000ac8
# [SimX-DPI] Read 8 bytes from 0x80000ad0
# [SimX-DPI] Read 8 bytes from 0x80000ad8
# [SimX-DPI] Read 8 bytes from 0x80000ae0
# [SimX-DPI] Read 8 bytes from 0x80000ae8
# [SimX-DPI] Read 8 bytes from 0x80000af0
# [SimX-DPI] Read 8 bytes from 0x80000af8
# [SimX-DPI] Read 8 bytes from 0x80000b00
# [SimX-DPI] Read 8 bytes from 0x80000b08
# [SimX-DPI] Read 8 bytes from 0x80000b10
# [SimX-DPI] Read 8 bytes from 0x80000b18
# [SimX-DPI] Read 8 bytes from 0x80000b20
# [SimX-DPI] Read 8 bytes from 0x80000b28
# [SimX-DPI] Read 8 bytes from 0x80000b30
# [SimX-DPI] Read 8 bytes from 0x80000b38
# [SimX-DPI] Read 8 bytes from 0x80000b40
# [SimX-DPI] Read 8 bytes from 0x80000b48
# [SimX-DPI] Read 8 bytes from 0x80000b50
# [SimX-DPI] Read 8 bytes from 0x80000b58
# [SimX-DPI] Read 8 bytes from 0x80000b60
# [SimX-DPI] Read 8 bytes from 0x80000b68
# [SimX-DPI] Read 8 bytes from 0x80000b70
# [SimX-DPI] Read 8 bytes from 0x80000b78
# [SimX-DPI] Read 8 bytes from 0x80000b80
# [SimX-DPI] Read 8 bytes from 0x80000b88
# [SimX-DPI] Read 8 bytes from 0x80000b90
# [SimX-DPI] Read 8 bytes from 0x80000b98
# [SimX-DPI] Read 8 bytes from 0x80000ba0
# [SimX-DPI] Read 8 bytes from 0x80000ba8
# [SimX-DPI] Read 8 bytes from 0x80000bb0
# [SimX-DPI] Read 8 bytes from 0x80000bb8
# [SimX-DPI] Read 8 bytes from 0x80000bc0
# [SimX-DPI] Read 8 bytes from 0x80000bc8
# [SimX-DPI] Read 8 bytes from 0x80000bd0
# [SimX-DPI] Read 8 bytes from 0x80000bd8
# [SimX-DPI] Read 8 bytes from 0x80000be0
# [SimX-DPI] Read 8 bytes from 0x80000be8
# [SimX-DPI] Read 8 bytes from 0x80000bf0
# [SimX-DPI] Read 8 bytes from 0x80000bf8
# [SimX-DPI] Read 8 bytes from 0x80000c00
# [SimX-DPI] Read 8 bytes from 0x80000c08
# [SimX-DPI] Read 8 bytes from 0x80000c10
# [SimX-DPI] Read 8 bytes from 0x80000c18
# [SimX-DPI] Read 8 bytes from 0x80000c20
# [SimX-DPI] Read 8 bytes from 0x80000c28
# [SimX-DPI] Read 8 bytes from 0x80000c30
# [SimX-DPI] Read 8 bytes from 0x80000c38
# [SimX-DPI] Read 8 bytes from 0x80000c40
# [SimX-DPI] Read 8 bytes from 0x80000c48
# [SimX-DPI] Read 8 bytes from 0x80000c50
# [SimX-DPI] Read 8 bytes from 0x80000c58
# [SimX-DPI] Read 8 bytes from 0x80000c60
# [SimX-DPI] Read 8 bytes from 0x80000c68
# [SimX-DPI] Read 8 bytes from 0x80000c70
# [SimX-DPI] Read 8 bytes from 0x80000c78
# [SimX-DPI] Read 8 bytes from 0x80000c80
# [SimX-DPI] Read 8 bytes from 0x80000c88
# [SimX-DPI] Read 8 bytes from 0x80000c90
# [SimX-DPI] Read 8 bytes from 0x80000c98
# [SimX-DPI] Read 8 bytes from 0x80000ca0
# [SimX-DPI] Read 8 bytes from 0x80000ca8
# [SimX-DPI] Read 8 bytes from 0x80000cb0
# [SimX-DPI] Read 8 bytes from 0x80000cb8
# [SimX-DPI] Read 8 bytes from 0x80000cc0
# [SimX-DPI] Read 8 bytes from 0x80000cc8
# [SimX-DPI] Read 8 bytes from 0x80000cd0
# [SimX-DPI] Read 8 bytes from 0x80000cd8
# [SimX-DPI] Read 8 bytes from 0x80000ce0
# [SimX-DPI] Read 8 bytes from 0x80000ce8
# [SimX-DPI] Read 8 bytes from 0x80000cf0
# [SimX-DPI] Read 8 bytes from 0x80000cf8
# [SimX-DPI] Read 8 bytes from 0x80000d00
# [SimX-DPI] Read 8 bytes from 0x80000d08
# [SimX-DPI] Read 8 bytes from 0x80000d10
# [SimX-DPI] Read 8 bytes from 0x80000d18
# [SimX-DPI] Read 8 bytes from 0x80000d20
# [SimX-DPI] Read 8 bytes from 0x80000d28
# [SimX-DPI] Read 8 bytes from 0x80000d30
# [SimX-DPI] Read 8 bytes from 0x80000d38
# [SimX-DPI] Read 8 bytes from 0x80000d40
# [SimX-DPI] Read 8 bytes from 0x80000d48
# [SimX-DPI] Read 8 bytes from 0x80000d50
# [SimX-DPI] Read 8 bytes from 0x80000d58
# [SimX-DPI] Read 8 bytes from 0x80000d60
# [SimX-DPI] Read 8 bytes from 0x80000d68
# [SimX-DPI] Read 8 bytes from 0x80000d70
# [SimX-DPI] Read 8 bytes from 0x80000d78
# [SimX-DPI] Read 8 bytes from 0x80000d80
# [SimX-DPI] Read 8 bytes from 0x80000d88
# [SimX-DPI] Read 8 bytes from 0x80000d90
# [SimX-DPI] Read 8 bytes from 0x80000d98
# [SimX-DPI] Read 8 bytes from 0x80000da0
# [SimX-DPI] Read 8 bytes from 0x80000da8
# [SimX-DPI] Read 8 bytes from 0x80000db0
# [SimX-DPI] Read 8 bytes from 0x80000db8
# [SimX-DPI] Read 8 bytes from 0x80000dc0
# [SimX-DPI] Read 8 bytes from 0x80000dc8
# [SimX-DPI] Read 8 bytes from 0x80000dd0
# [SimX-DPI] Read 8 bytes from 0x80000dd8
# [SimX-DPI] Read 8 bytes from 0x80000de0
# [SimX-DPI] Read 8 bytes from 0x80000de8
# [SimX-DPI] Read 8 bytes from 0x80000df0
# [SimX-DPI] Read 8 bytes from 0x80000df8
# [SimX-DPI] Read 8 bytes from 0x80000e00
# [SimX-DPI] Read 8 bytes from 0x80000e08
# [SimX-DPI] Read 8 bytes from 0x80000e10
# [SimX-DPI] Read 8 bytes from 0x80000e18
# [SimX-DPI] Read 8 bytes from 0x80000e20
# [SimX-DPI] Read 8 bytes from 0x80000e28
# [SimX-DPI] Read 8 bytes from 0x80000e30
# [SimX-DPI] Read 8 bytes from 0x80000e38
# [SimX-DPI] Read 8 bytes from 0x80000e40
# [SimX-DPI] Read 8 bytes from 0x80000e48
# [SimX-DPI] Read 8 bytes from 0x80000e50
# [SimX-DPI] Read 8 bytes from 0x80000e58
# [SimX-DPI] Read 8 bytes from 0x80000e60
# [SimX-DPI] Read 8 bytes from 0x80000e68
# [SimX-DPI] Read 8 bytes from 0x80000e70
# [SimX-DPI] Read 8 bytes from 0x80000e78
# [SimX-DPI] Read 8 bytes from 0x80000e80
# [SimX-DPI] Read 8 bytes from 0x80000e88
# [SimX-DPI] Read 8 bytes from 0x80000e90
# [SimX-DPI] Read 8 bytes from 0x80000e98
# [SimX-DPI] Read 8 bytes from 0x80000ea0
# [SimX-DPI] Read 8 bytes from 0x80000ea8
# [SimX-DPI] Read 8 bytes from 0x80000eb0
# [SimX-DPI] Read 8 bytes from 0x80000eb8
# [SimX-DPI] Read 8 bytes from 0x80000ec0
# [SimX-DPI] Read 8 bytes from 0x80000ec8
# [SimX-DPI] Read 8 bytes from 0x80000ed0
# [SimX-DPI] Read 8 bytes from 0x80000ed8
# [SimX-DPI] Read 8 bytes from 0x80000ee0
# [SimX-DPI] Read 8 bytes from 0x80000ee8
# [SimX-DPI] Read 8 bytes from 0x80000ef0
# [SimX-DPI] Read 8 bytes from 0x80000ef8
# [SimX-DPI] Read 8 bytes from 0x80000f00
# [SimX-DPI] Read 8 bytes from 0x80000f08
# [SimX-DPI] Read 8 bytes from 0x80000f10
# [SimX-DPI] Read 8 bytes from 0x80000f18
# [SimX-DPI] Read 8 bytes from 0x80000f20
# [SimX-DPI] Read 8 bytes from 0x80000f28
# [SimX-DPI] Read 8 bytes from 0x80000f30
# [SimX-DPI] Read 8 bytes from 0x80000f38
# [SimX-DPI] Read 8 bytes from 0x80000f40
# [SimX-DPI] Read 8 bytes from 0x80000f48
# [SimX-DPI] Read 8 bytes from 0x80000f50
# [SimX-DPI] Read 8 bytes from 0x80000f58
# [SimX-DPI] Read 8 bytes from 0x80000f60
# [SimX-DPI] Read 8 bytes from 0x80000f68
# [SimX-DPI] Read 8 bytes from 0x80000f70
# [SimX-DPI] Read 8 bytes from 0x80000f78
# [SimX-DPI] Read 8 bytes from 0x80000f80
# [SimX-DPI] Read 8 bytes from 0x80000f88
# [SimX-DPI] Read 8 bytes from 0x80000f90
# [SimX-DPI] Read 8 bytes from 0x80000f98
# [SimX-DPI] Read 8 bytes from 0x80000fa0
# [SimX-DPI] Read 8 bytes from 0x80000fa8
# [SimX-DPI] Read 8 bytes from 0x80000fb0
# [SimX-DPI] Read 8 bytes from 0x80000fb8
# [SimX-DPI] Read 8 bytes from 0x80000fc0
# [SimX-DPI] Read 8 bytes from 0x80000fc8
# [SimX-DPI] Read 8 bytes from 0x80000fd0
# [SimX-DPI] Read 8 bytes from 0x80000fd8
# [SimX-DPI] Read 8 bytes from 0x80000fe0
# [SimX-DPI] Read 8 bytes from 0x80000fe8
# [SimX-DPI] Read 8 bytes from 0x80000ff0
# [SimX-DPI] Read 8 bytes from 0x80000ff8
# [SimX-DPI] Read 8 bytes from 0x80001000
# [SimX-DPI] Read 8 bytes from 0x80001008
# [SimX-DPI] Read 8 bytes from 0x80001010
# [SimX-DPI] Read 8 bytes from 0x80001018
# [SimX-DPI] Read 8 bytes from 0x80001020
# [SimX-DPI] Read 8 bytes from 0x80001028
# [SimX-DPI] Read 8 bytes from 0x80001030
# [SimX-DPI] Read 8 bytes from 0x80001038
# [SimX-DPI] Read 8 bytes from 0x80001040
# [SimX-DPI] Read 8 bytes from 0x80001048
# [SimX-DPI] Read 8 bytes from 0x80001050
# [SimX-DPI] Read 8 bytes from 0x80001058
# [SimX-DPI] Read 8 bytes from 0x80001060
# [SimX-DPI] Read 8 bytes from 0x80001068
# [SimX-DPI] Read 8 bytes from 0x80001070
# [SimX-DPI] Read 8 bytes from 0x80001078
# [SimX-DPI] Read 8 bytes from 0x80001080
# [SimX-DPI] Read 8 bytes from 0x80001088
# [SimX-DPI] Read 8 bytes from 0x80001090
# [SimX-DPI] Read 8 bytes from 0x80001098
# [SimX-DPI] Read 8 bytes from 0x800010a0
# [SimX-DPI] Read 8 bytes from 0x800010a8
# [SimX-DPI] Read 8 bytes from 0x800010b0
# [SimX-DPI] Read 8 bytes from 0x800010b8
# [SimX-DPI] Read 8 bytes from 0x800010c0
# [SimX-DPI] Read 8 bytes from 0x800010c8
# [SimX-DPI] Read 8 bytes from 0x800010d0
# [SimX-DPI] Read 8 bytes from 0x800010d8
# [SimX-DPI] Read 8 bytes from 0x800010e0
# [SimX-DPI] Read 8 bytes from 0x800010e8
# [SimX-DPI] Read 8 bytes from 0x800010f0
# [SimX-DPI] Read 8 bytes from 0x800010f8
# [SimX-DPI] Read 8 bytes from 0x80001100
# [SimX-DPI] Read 8 bytes from 0x80001108
# [SimX-DPI] Read 8 bytes from 0x80001110
# [SimX-DPI] Read 8 bytes from 0x80001118
# [SimX-DPI] Read 8 bytes from 0x80001120
# [SimX-DPI] Read 8 bytes from 0x80001128
# [SimX-DPI] Read 8 bytes from 0x80001130
# [SimX-DPI] Read 8 bytes from 0x80001138
# [SimX-DPI] Read 8 bytes from 0x80001140
# [SimX-DPI] Read 8 bytes from 0x80001148
# [SimX-DPI] Read 8 bytes from 0x80001150
# [SimX-DPI] Read 8 bytes from 0x80001158
# [SimX-DPI] Read 8 bytes from 0x80001160
# [SimX-DPI] Read 8 bytes from 0x80001168
# [SimX-DPI] Read 8 bytes from 0x80001170
# [SimX-DPI] Read 8 bytes from 0x80001178
# [SimX-DPI] Read 8 bytes from 0x80001180
# [SimX-DPI] Read 8 bytes from 0x80001188
# [SimX-DPI] Read 8 bytes from 0x80001190
# [SimX-DPI] Read 8 bytes from 0x80001198
# [SimX-DPI] Read 8 bytes from 0x800011a0
# [SimX-DPI] Read 8 bytes from 0x800011a8
# [SimX-DPI] Read 8 bytes from 0x800011b0
# [SimX-DPI] Read 8 bytes from 0x800011b8
# [SimX-DPI] Read 8 bytes from 0x800011c0
# [SimX-DPI] Read 8 bytes from 0x800011c8
# [SimX-DPI] Read 8 bytes from 0x800011d0
# [SimX-DPI] Read 8 bytes from 0x800011d8
# [SimX-DPI] Read 8 bytes from 0x800011e0
# [SimX-DPI] Read 8 bytes from 0x800011e8
# [SimX-DPI] Read 8 bytes from 0x800011f0
# [SimX-DPI] Read 8 bytes from 0x800011f8
# [SimX-DPI] Read 8 bytes from 0x80001200
# [SimX-DPI] Read 8 bytes from 0x80001208
# [SimX-DPI] Read 8 bytes from 0x80001210
# [SimX-DPI] Read 8 bytes from 0x80001218
# [SimX-DPI] Read 8 bytes from 0x80001220
# [SimX-DPI] Read 8 bytes from 0x80001228
# [SimX-DPI] Read 8 bytes from 0x80001230
# [SimX-DPI] Read 8 bytes from 0x80001238
# [SimX-DPI] Read 8 bytes from 0x80001240
# [SimX-DPI] Read 8 bytes from 0x80001248
# [SimX-DPI] Read 8 bytes from 0x80001250
# [SimX-DPI] Read 8 bytes from 0x80001258
# [SimX-DPI] Read 8 bytes from 0x80001260
# [SimX-DPI] Read 8 bytes from 0x80001268
# [SimX-DPI] Read 8 bytes from 0x80001270
# [SimX-DPI] Read 8 bytes from 0x80001278
# [SimX-DPI] Read 8 bytes from 0x80001280
# [SimX-DPI] Read 8 bytes from 0x80001288
# [SimX-DPI] Read 8 bytes from 0x80001290
# [SimX-DPI] Read 8 bytes from 0x80001298
# [SimX-DPI] Read 8 bytes from 0x800012a0
# [SimX-DPI] Read 8 bytes from 0x800012a8
# [SimX-DPI] Read 8 bytes from 0x800012b0
# [SimX-DPI] Read 8 bytes from 0x800012b8
# [SimX-DPI] Read 8 bytes from 0x800012c0
# [SimX-DPI] Read 8 bytes from 0x800012c8
# [SimX-DPI] Read 8 bytes from 0x800012d0
# [SimX-DPI] Read 8 bytes from 0x800012d8
# [SimX-DPI] Read 8 bytes from 0x800012e0
# [SimX-DPI] Read 8 bytes from 0x800012e8
# [SimX-DPI] Read 8 bytes from 0x800012f0
# [SimX-DPI] Read 8 bytes from 0x800012f8
# [SimX-DPI] Read 8 bytes from 0x80001300
# [SimX-DPI] Read 8 bytes from 0x80001308
# [SimX-DPI] Read 8 bytes from 0x80001310
# [SimX-DPI] Read 8 bytes from 0x80001318
# [SimX-DPI] Read 8 bytes from 0x80001320
# [SimX-DPI] Read 8 bytes from 0x80001328
# [SimX-DPI] Read 8 bytes from 0x80001330
# [SimX-DPI] Read 8 bytes from 0x80001338
# [SimX-DPI] Read 8 bytes from 0x80001340
# [SimX-DPI] Read 8 bytes from 0x80001348
# [SimX-DPI] Read 8 bytes from 0x80001350
# [SimX-DPI] Read 8 bytes from 0x80001358
# [SimX-DPI] Read 8 bytes from 0x80001360
# [SimX-DPI] Read 8 bytes from 0x80001368
# [SimX-DPI] Read 8 bytes from 0x80001370
# [SimX-DPI] Read 8 bytes from 0x80001378
# [SimX-DPI] Read 8 bytes from 0x80001380
# [SimX-DPI] Read 8 bytes from 0x80001388
# [SimX-DPI] Read 8 bytes from 0x80001390
# [SimX-DPI] Read 8 bytes from 0x80001398
# [SimX-DPI] Read 8 bytes from 0x800013a0
# [SimX-DPI] Read 8 bytes from 0x800013a8
# [SimX-DPI] Read 8 bytes from 0x800013b0
# [SimX-DPI] Read 8 bytes from 0x800013b8
# [SimX-DPI] Read 8 bytes from 0x800013c0
# [SimX-DPI] Read 8 bytes from 0x800013c8
# [SimX-DPI] Read 8 bytes from 0x800013d0
# [SimX-DPI] Read 8 bytes from 0x800013d8
# [SimX-DPI] Read 8 bytes from 0x800013e0
# [SimX-DPI] Read 8 bytes from 0x800013e8
# [SimX-DPI] Read 8 bytes from 0x800013f0
# [SimX-DPI] Read 8 bytes from 0x800013f8
# [SimX-DPI] Read 8 bytes from 0x80001400
# [SimX-DPI] Read 8 bytes from 0x80001408
# [SimX-DPI] Read 8 bytes from 0x80001410
# [SimX-DPI] Read 8 bytes from 0x80001418
# [SimX-DPI] Read 8 bytes from 0x80001420
# [SimX-DPI] Read 8 bytes from 0x80001428
# [SimX-DPI] Read 8 bytes from 0x80001430
# [SimX-DPI] Read 8 bytes from 0x80001438
# [SimX-DPI] Read 8 bytes from 0x80001440
# [SimX-DPI] Read 8 bytes from 0x80001448
# [SimX-DPI] Read 8 bytes from 0x80001450
# [SimX-DPI] Read 8 bytes from 0x80001458
# [SimX-DPI] Read 8 bytes from 0x80001460
# [SimX-DPI] Read 8 bytes from 0x80001468
# [SimX-DPI] Read 8 bytes from 0x80001470
# [SimX-DPI] Read 8 bytes from 0x80001478
# [SimX-DPI] Read 8 bytes from 0x80001480
# [SimX-DPI] Read 8 bytes from 0x80001488
# [SimX-DPI] Read 8 bytes from 0x80001490
# [SimX-DPI] Read 8 bytes from 0x80001498
# [SimX-DPI] Read 8 bytes from 0x800014a0
# [SimX-DPI] Read 8 bytes from 0x800014a8
# [SimX-DPI] Read 8 bytes from 0x800014b0
# [SimX-DPI] Read 8 bytes from 0x800014b8
# [SimX-DPI] Read 8 bytes from 0x800014c0
# [SimX-DPI] Read 8 bytes from 0x800014c8
# [SimX-DPI] Read 8 bytes from 0x800014d0
# [SimX-DPI] Read 8 bytes from 0x800014d8
# [SimX-DPI] Read 8 bytes from 0x800014e0
# [SimX-DPI] Read 8 bytes from 0x800014e8
# [SimX-DPI] Read 8 bytes from 0x800014f0
# [SimX-DPI] Read 8 bytes from 0x800014f8
# [SimX-DPI] Read 8 bytes from 0x80001500
# [SimX-DPI] Read 8 bytes from 0x80001508
# [SimX-DPI] Read 8 bytes from 0x80001510
# [SimX-DPI] Read 8 bytes from 0x80001518
# [SimX-DPI] Read 8 bytes from 0x80001520
# [SimX-DPI] Read 8 bytes from 0x80001528
# [SimX-DPI] Read 8 bytes from 0x80001530
# [SimX-DPI] Read 8 bytes from 0x80001538
# [SimX-DPI] Read 8 bytes from 0x80001540
# [SimX-DPI] Read 8 bytes from 0x80001548
# [SimX-DPI] Read 8 bytes from 0x80001550
# [SimX-DPI] Read 8 bytes from 0x80001558
# [SimX-DPI] Read 8 bytes from 0x80001560
# [SimX-DPI] Read 8 bytes from 0x80001568
# [SimX-DPI] Read 8 bytes from 0x80001570
# [SimX-DPI] Read 8 bytes from 0x80001578
# [SimX-DPI] Read 8 bytes from 0x80001580
# [SimX-DPI] Read 8 bytes from 0x80001588
# [SimX-DPI] Read 8 bytes from 0x80001590
# [SimX-DPI] Read 8 bytes from 0x80001598
# [SimX-DPI] Read 8 bytes from 0x800015a0
# [SimX-DPI] Read 8 bytes from 0x800015a8
# [SimX-DPI] Read 8 bytes from 0x800015b0
# [SimX-DPI] Read 8 bytes from 0x800015b8
# [SimX-DPI] Read 8 bytes from 0x800015c0
# [SimX-DPI] Read 8 bytes from 0x800015c8
# [SimX-DPI] Read 8 bytes from 0x800015d0
# [SimX-DPI] Read 8 bytes from 0x800015d8
# [SimX-DPI] Read 8 bytes from 0x800015e0
# [SimX-DPI] Read 8 bytes from 0x800015e8
# [SimX-DPI] Read 8 bytes from 0x800015f0
# [SimX-DPI] Read 8 bytes from 0x800015f8
# [SimX-DPI] Read 8 bytes from 0x80001600
# [SimX-DPI] Read 8 bytes from 0x80001608
# [SimX-DPI] Read 8 bytes from 0x80001610
# [SimX-DPI] Read 8 bytes from 0x80001618
# [SimX-DPI] Read 8 bytes from 0x80001620
# [SimX-DPI] Read 8 bytes from 0x80001628
# [SimX-DPI] Read 8 bytes from 0x80001630
# [SimX-DPI] Read 8 bytes from 0x80001638
# [SimX-DPI] Read 8 bytes from 0x80001640
# [SimX-DPI] Read 8 bytes from 0x80001648
# [SimX-DPI] Read 8 bytes from 0x80001650
# [SimX-DPI] Read 8 bytes from 0x80001658
# [SimX-DPI] Read 8 bytes from 0x80001660
# [SimX-DPI] Read 8 bytes from 0x80001668
# [SimX-DPI] Read 8 bytes from 0x80001670
# [SimX-DPI] Read 8 bytes from 0x80001678
# [SimX-DPI] Read 8 bytes from 0x80001680
# [SimX-DPI] Read 8 bytes from 0x80001688
# [SimX-DPI] Read 8 bytes from 0x80001690
# [SimX-DPI] Read 8 bytes from 0x80001698
# [SimX-DPI] Read 8 bytes from 0x800016a0
# [SimX-DPI] Read 8 bytes from 0x800016a8
# [SimX-DPI] Read 8 bytes from 0x800016b0
# [SimX-DPI] Read 8 bytes from 0x800016b8
# [SimX-DPI] Read 8 bytes from 0x800016c0
# [SimX-DPI] Read 8 bytes from 0x800016c8
# [SimX-DPI] Read 8 bytes from 0x800016d0
# [SimX-DPI] Read 8 bytes from 0x800016d8
# [SimX-DPI] Read 8 bytes from 0x800016e0
# [SimX-DPI] Read 8 bytes from 0x800016e8
# [SimX-DPI] Read 8 bytes from 0x800016f0
# [SimX-DPI] Read 8 bytes from 0x800016f8
# [SimX-DPI] Read 8 bytes from 0x80001700
# [SimX-DPI] Read 8 bytes from 0x80001708
# [SimX-DPI] Read 8 bytes from 0x80001710
# [SimX-DPI] Read 8 bytes from 0x80001718
# [SimX-DPI] Read 8 bytes from 0x80001720
# [SimX-DPI] Read 8 bytes from 0x80001728
# [SimX-DPI] Read 8 bytes from 0x80001730
# [SimX-DPI] Read 8 bytes from 0x80001738
# [SimX-DPI] Read 8 bytes from 0x80001740
# [SimX-DPI] Read 8 bytes from 0x80001748
# [SimX-DPI] Read 8 bytes from 0x80001750
# [SimX-DPI] Read 8 bytes from 0x80001758
# [SimX-DPI] Read 8 bytes from 0x80001760
# [SimX-DPI] Read 8 bytes from 0x80001768
# [SimX-DPI] Read 8 bytes from 0x80001770
# [SimX-DPI] Read 8 bytes from 0x80001778
# [SimX-DPI] Read 8 bytes from 0x80001780
# [SimX-DPI] Read 8 bytes from 0x80001788
# [SimX-DPI] Read 8 bytes from 0x80001790
# [SimX-DPI] Read 8 bytes from 0x80001798
# [SimX-DPI] Read 8 bytes from 0x800017a0
# [SimX-DPI] Read 8 bytes from 0x800017a8
# [SimX-DPI] Read 8 bytes from 0x800017b0
# [SimX-DPI] Read 8 bytes from 0x800017b8
# [SimX-DPI] Read 8 bytes from 0x800017c0
# [SimX-DPI] Read 8 bytes from 0x800017c8
# [SimX-DPI] Read 8 bytes from 0x800017d0
# [SimX-DPI] Read 8 bytes from 0x800017d8
# [SimX-DPI] Read 8 bytes from 0x800017e0
# [SimX-DPI] Read 8 bytes from 0x800017e8
# [SimX-DPI] Read 8 bytes from 0x800017f0
# [SimX-DPI] Read 8 bytes from 0x800017f8
# [SimX-DPI] Read 8 bytes from 0x80001800
# [SimX-DPI] Read 8 bytes from 0x80001808
# [SimX-DPI] Read 8 bytes from 0x80001810
# [SimX-DPI] Read 8 bytes from 0x80001818
# [SimX-DPI] Read 8 bytes from 0x80001820
# [SimX-DPI] Read 8 bytes from 0x80001828
# [SimX-DPI] Read 8 bytes from 0x80001830
# [SimX-DPI] Read 8 bytes from 0x80001838
# [SimX-DPI] Read 8 bytes from 0x80001840
# [SimX-DPI] Read 8 bytes from 0x80001848
# [SimX-DPI] Read 8 bytes from 0x80001850
# [SimX-DPI] Read 8 bytes from 0x80001858
# [SimX-DPI] Read 8 bytes from 0x80001860
# [SimX-DPI] Read 8 bytes from 0x80001868
# [SimX-DPI] Read 8 bytes from 0x80001870
# [SimX-DPI] Read 8 bytes from 0x80001878
# [SimX-DPI] Read 8 bytes from 0x80001880
# [SimX-DPI] Read 8 bytes from 0x80001888
# [SimX-DPI] Read 8 bytes from 0x80001890
# [SimX-DPI] Read 8 bytes from 0x80001898
# [SimX-DPI] Read 8 bytes from 0x800018a0
# [SimX-DPI] Read 8 bytes from 0x800018a8
# [SimX-DPI] Read 8 bytes from 0x800018b0
# [SimX-DPI] Read 8 bytes from 0x800018b8
# [SimX-DPI] Read 8 bytes from 0x800018c0
# [SimX-DPI] Read 8 bytes from 0x800018c8
# [SimX-DPI] Read 8 bytes from 0x800018d0
# [SimX-DPI] Read 8 bytes from 0x800018d8
# [SimX-DPI] Read 8 bytes from 0x800018e0
# [SimX-DPI] Read 8 bytes from 0x800018e8
# [SimX-DPI] Read 8 bytes from 0x800018f0
# [SimX-DPI] Read 8 bytes from 0x800018f8
# [SimX-DPI] Read 8 bytes from 0x80001900
# [SimX-DPI] Read 8 bytes from 0x80001908
# [SimX-DPI] Read 8 bytes from 0x80001910
# [SimX-DPI] Read 8 bytes from 0x80001918
# [SimX-DPI] Read 8 bytes from 0x80001920
# [SimX-DPI] Read 8 bytes from 0x80001928
# [SimX-DPI] Read 8 bytes from 0x80001930
# [SimX-DPI] Read 8 bytes from 0x80001938
# [SimX-DPI] Read 8 bytes from 0x80001940
# [SimX-DPI] Read 8 bytes from 0x80001948
# [SimX-DPI] Read 8 bytes from 0x80001950
# [SimX-DPI] Read 8 bytes from 0x80001958
# [SimX-DPI] Read 8 bytes from 0x80001960
# [SimX-DPI] Read 8 bytes from 0x80001968
# [SimX-DPI] Read 8 bytes from 0x80001970
# [SimX-DPI] Read 8 bytes from 0x80001978
# [SimX-DPI] Read 8 bytes from 0x80001980
# [SimX-DPI] Read 8 bytes from 0x80001988
# [SimX-DPI] Read 8 bytes from 0x80001990
# [SimX-DPI] Read 8 bytes from 0x80001998
# [SimX-DPI] Read 8 bytes from 0x800019a0
# [SimX-DPI] Read 8 bytes from 0x800019a8
# [SimX-DPI] Read 8 bytes from 0x800019b0
# [SimX-DPI] Read 8 bytes from 0x800019b8
# [SimX-DPI] Read 8 bytes from 0x800019c0
# [SimX-DPI] Read 8 bytes from 0x800019c8
# [SimX-DPI] Read 8 bytes from 0x800019d0
# [SimX-DPI] Read 8 bytes from 0x800019d8
# [SimX-DPI] Read 8 bytes from 0x800019e0
# [SimX-DPI] Read 8 bytes from 0x800019e8
# [SimX-DPI] Read 8 bytes from 0x800019f0
# [SimX-DPI] Read 8 bytes from 0x800019f8
# [SimX-DPI] Read 8 bytes from 0x80001a00
# [SimX-DPI] Read 8 bytes from 0x80001a08
# [SimX-DPI] Read 8 bytes from 0x80001a10
# [SimX-DPI] Read 8 bytes from 0x80001a18
# [SimX-DPI] Read 8 bytes from 0x80001a20
# [SimX-DPI] Read 8 bytes from 0x80001a28
# [SimX-DPI] Read 8 bytes from 0x80001a30
# [SimX-DPI] Read 8 bytes from 0x80001a38
# [SimX-DPI] Read 8 bytes from 0x80001a40
# [SimX-DPI] Read 8 bytes from 0x80001a48
# [SimX-DPI] Read 8 bytes from 0x80001a50
# [SimX-DPI] Read 8 bytes from 0x80001a58
# [SimX-DPI] Read 8 bytes from 0x80001a60
# [SimX-DPI] Read 8 bytes from 0x80001a68
# [SimX-DPI] Read 8 bytes from 0x80001a70
# [SimX-DPI] Read 8 bytes from 0x80001a78
# [SimX-DPI] Read 8 bytes from 0x80001a80
# [SimX-DPI] Read 8 bytes from 0x80001a88
# [SimX-DPI] Read 8 bytes from 0x80001a90
# [SimX-DPI] Read 8 bytes from 0x80001a98
# [SimX-DPI] Read 8 bytes from 0x80001aa0
# [SimX-DPI] Read 8 bytes from 0x80001aa8
# [SimX-DPI] Read 8 bytes from 0x80001ab0
# [SimX-DPI] Read 8 bytes from 0x80001ab8
# [SimX-DPI] Read 8 bytes from 0x80001ac0
# [SimX-DPI] Read 8 bytes from 0x80001ac8
# [SimX-DPI] Read 8 bytes from 0x80001ad0
# [SimX-DPI] Read 8 bytes from 0x80001ad8
# [SimX-DPI] Read 8 bytes from 0x80001ae0
# [SimX-DPI] Read 8 bytes from 0x80001ae8
# [SimX-DPI] Read 8 bytes from 0x80001af0
# [SimX-DPI] Read 8 bytes from 0x80001af8
# [SimX-DPI] Read 8 bytes from 0x80001b00
# [SimX-DPI] Read 8 bytes from 0x80001b08
# [SimX-DPI] Read 8 bytes from 0x80001b10
# [SimX-DPI] Read 8 bytes from 0x80001b18
# [SimX-DPI] Read 8 bytes from 0x80001b20
# [SimX-DPI] Read 8 bytes from 0x80001b28
# [SimX-DPI] Read 8 bytes from 0x80001b30
# [SimX-DPI] Read 8 bytes from 0x80001b38
# [SimX-DPI] Read 8 bytes from 0x80001b40
# [SimX-DPI] Read 8 bytes from 0x80001b48
# [SimX-DPI] Read 8 bytes from 0x80001b50
# [SimX-DPI] Read 8 bytes from 0x80001b58
# [SimX-DPI] Read 8 bytes from 0x80001b60
# [SimX-DPI] Read 8 bytes from 0x80001b68
# [SimX-DPI] Read 8 bytes from 0x80001b70
# [SimX-DPI] Read 8 bytes from 0x80001b78
# [SimX-DPI] Read 8 bytes from 0x80001b80
# [SimX-DPI] Read 8 bytes from 0x80001b88
# [SimX-DPI] Read 8 bytes from 0x80001b90
# [SimX-DPI] Read 8 bytes from 0x80001b98
# [SimX-DPI] Read 8 bytes from 0x80001ba0
# [SimX-DPI] Read 8 bytes from 0x80001ba8
# [SimX-DPI] Read 8 bytes from 0x80001bb0
# [SimX-DPI] Read 8 bytes from 0x80001bb8
# [SimX-DPI] Read 8 bytes from 0x80001bc0
# [SimX-DPI] Read 8 bytes from 0x80001bc8
# [SimX-DPI] Read 8 bytes from 0x80001bd0
# [SimX-DPI] Read 8 bytes from 0x80001bd8
# [SimX-DPI] Read 8 bytes from 0x80001be0
# [SimX-DPI] Read 8 bytes from 0x80001be8
# [SimX-DPI] Read 8 bytes from 0x80001bf0
# [SimX-DPI] Read 8 bytes from 0x80001bf8
# [SimX-DPI] Read 8 bytes from 0x80001c00
# [SimX-DPI] Read 8 bytes from 0x80001c08
# [SimX-DPI] Read 8 bytes from 0x80001c10
# [SimX-DPI] Read 8 bytes from 0x80001c18
# [SimX-DPI] Read 8 bytes from 0x80001c20
# [SimX-DPI] Read 8 bytes from 0x80001c28
# [SimX-DPI] Read 8 bytes from 0x80001c30
# [SimX-DPI] Read 8 bytes from 0x80001c38
# [SimX-DPI] Read 8 bytes from 0x80001c40
# [SimX-DPI] Read 8 bytes from 0x80001c48
# [SimX-DPI] Read 8 bytes from 0x80001c50
# [SimX-DPI] Read 8 bytes from 0x80001c58
# [SimX-DPI] Read 8 bytes from 0x80001c60
# [SimX-DPI] Read 8 bytes from 0x80001c68
# [SimX-DPI] Read 8 bytes from 0x80001c70
# [SimX-DPI] Read 8 bytes from 0x80001c78
# [SimX-DPI] Read 8 bytes from 0x80001c80
# [SimX-DPI] Read 8 bytes from 0x80001c88
# [SimX-DPI] Read 8 bytes from 0x80001c90
# [SimX-DPI] Read 8 bytes from 0x80001c98
# [SimX-DPI] Read 8 bytes from 0x80001ca0
# [SimX-DPI] Read 8 bytes from 0x80001ca8
# [SimX-DPI] Read 8 bytes from 0x80001cb0
# [SimX-DPI] Read 8 bytes from 0x80001cb8
# [SimX-DPI] Read 8 bytes from 0x80001cc0
# [SimX-DPI] Read 8 bytes from 0x80001cc8
# [SimX-DPI] Read 8 bytes from 0x80001cd0
# [SimX-DPI] Read 8 bytes from 0x80001cd8
# [SimX-DPI] Read 8 bytes from 0x80001ce0
# [SimX-DPI] Read 8 bytes from 0x80001ce8
# [SimX-DPI] Read 8 bytes from 0x80001cf0
# [SimX-DPI] Read 8 bytes from 0x80001cf8
# [SimX-DPI] Read 8 bytes from 0x80001d00
# [SimX-DPI] Read 8 bytes from 0x80001d08
# [SimX-DPI] Read 8 bytes from 0x80001d10
# [SimX-DPI] Read 8 bytes from 0x80001d18
# [SimX-DPI] Read 8 bytes from 0x80001d20
# [SimX-DPI] Read 8 bytes from 0x80001d28
# [SimX-DPI] Read 8 bytes from 0x80001d30
# [SimX-DPI] Read 8 bytes from 0x80001d38
# [SimX-DPI] Read 8 bytes from 0x80001d40
# [SimX-DPI] Read 8 bytes from 0x80001d48
# [SimX-DPI] Read 8 bytes from 0x80001d50
# [SimX-DPI] Read 8 bytes from 0x80001d58
# [SimX-DPI] Read 8 bytes from 0x80001d60
# [SimX-DPI] Read 8 bytes from 0x80001d68
# [SimX-DPI] Read 8 bytes from 0x80001d70
# [SimX-DPI] Read 8 bytes from 0x80001d78
# [SimX-DPI] Read 8 bytes from 0x80001d80
# [SimX-DPI] Read 8 bytes from 0x80001d88
# [SimX-DPI] Read 8 bytes from 0x80001d90
# [SimX-DPI] Read 8 bytes from 0x80001d98
# [SimX-DPI] Read 8 bytes from 0x80001da0
# [SimX-DPI] Read 8 bytes from 0x80001da8
# [SimX-DPI] Read 8 bytes from 0x80001db0
# [SimX-DPI] Read 8 bytes from 0x80001db8
# [SimX-DPI] Read 8 bytes from 0x80001dc0
# [SimX-DPI] Read 8 bytes from 0x80001dc8
# [SimX-DPI] Read 8 bytes from 0x80001dd0
# [SimX-DPI] Read 8 bytes from 0x80001dd8
# [SimX-DPI] Read 8 bytes from 0x80001de0
# [SimX-DPI] Read 8 bytes from 0x80001de8
# [SimX-DPI] Read 8 bytes from 0x80001df0
# [SimX-DPI] Read 8 bytes from 0x80001df8
# [SimX-DPI] Read 8 bytes from 0x80001e00
# [SimX-DPI] Read 8 bytes from 0x80001e08
# [SimX-DPI] Read 8 bytes from 0x80001e10
# [SimX-DPI] Read 8 bytes from 0x80001e18
# [SimX-DPI] Read 8 bytes from 0x80001e20
# [SimX-DPI] Read 8 bytes from 0x80001e28
# [SimX-DPI] Read 8 bytes from 0x80001e30
# [SimX-DPI] Read 8 bytes from 0x80001e38
# [SimX-DPI] Read 8 bytes from 0x80001e40
# [SimX-DPI] Read 8 bytes from 0x80001e48
# [SimX-DPI] Read 8 bytes from 0x80001e50
# [SimX-DPI] Read 8 bytes from 0x80001e58
# [SimX-DPI] Read 8 bytes from 0x80001e60
# [SimX-DPI] Read 8 bytes from 0x80001e68
# [SimX-DPI] Read 8 bytes from 0x80001e70
# [SimX-DPI] Read 8 bytes from 0x80001e78
# [SimX-DPI] Read 8 bytes from 0x80001e80
# [SimX-DPI] Read 8 bytes from 0x80001e88
# [SimX-DPI] Read 8 bytes from 0x80001e90
# [SimX-DPI] Read 8 bytes from 0x80001e98
# [SimX-DPI] Read 8 bytes from 0x80001ea0
# [SimX-DPI] Read 8 bytes from 0x80001ea8
# [SimX-DPI] Read 8 bytes from 0x80001eb0
# [SimX-DPI] Read 8 bytes from 0x80001eb8
# [SimX-DPI] Read 8 bytes from 0x80001ec0
# [SimX-DPI] Read 8 bytes from 0x80001ec8
# [SimX-DPI] Read 8 bytes from 0x80001ed0
# [SimX-DPI] Read 8 bytes from 0x80001ed8
# [SimX-DPI] Read 8 bytes from 0x80001ee0
# [SimX-DPI] Read 8 bytes from 0x80001ee8
# [SimX-DPI] Read 8 bytes from 0x80001ef0
# [SimX-DPI] Read 8 bytes from 0x80001ef8
# [SimX-DPI] Read 8 bytes from 0x80001f00
# [SimX-DPI] Read 8 bytes from 0x80001f08
# [SimX-DPI] Read 8 bytes from 0x80001f10
# [SimX-DPI] Read 8 bytes from 0x80001f18
# [SimX-DPI] Read 8 bytes from 0x80001f20
# [SimX-DPI] Read 8 bytes from 0x80001f28
# [SimX-DPI] Read 8 bytes from 0x80001f30
# [SimX-DPI] Read 8 bytes from 0x80001f38
# [SimX-DPI] Read 8 bytes from 0x80001f40
# [SimX-DPI] Read 8 bytes from 0x80001f48
# [SimX-DPI] Read 8 bytes from 0x80001f50
# [SimX-DPI] Read 8 bytes from 0x80001f58
# [SimX-DPI] Read 8 bytes from 0x80001f60
# [SimX-DPI] Read 8 bytes from 0x80001f68
# [SimX-DPI] Read 8 bytes from 0x80001f70
# [SimX-DPI] Read 8 bytes from 0x80001f78
# [SimX-DPI] Read 8 bytes from 0x80001f80
# [SimX-DPI] Read 8 bytes from 0x80001f88
# [SimX-DPI] Read 8 bytes from 0x80001f90
# [SimX-DPI] Read 8 bytes from 0x80001f98
# [SimX-DPI] Read 8 bytes from 0x80001fa0
# [SimX-DPI] Read 8 bytes from 0x80001fa8
# [SimX-DPI] Read 8 bytes from 0x80001fb0
# [SimX-DPI] Read 8 bytes from 0x80001fb8
# [SimX-DPI] Read 8 bytes from 0x80001fc0
# [SimX-DPI] Read 8 bytes from 0x80001fc8
# [SimX-DPI] Read 8 bytes from 0x80001fd0
# [SimX-DPI] Read 8 bytes from 0x80001fd8
# [SimX-DPI] Read 8 bytes from 0x80001fe0
# [SimX-DPI] Read 8 bytes from 0x80001fe8
# [SimX-DPI] Read 8 bytes from 0x80001ff0
# [SimX-DPI] Read 8 bytes from 0x80001ff8
# [SimX-DPI] Read 8 bytes from 0x80002000
# [SimX-DPI] Read 8 bytes from 0x80002008
# [SimX-DPI] Read 8 bytes from 0x80002010
# [SimX-DPI] Read 8 bytes from 0x80002018
# [SimX-DPI] Read 8 bytes from 0x80002020
# [SimX-DPI] Read 8 bytes from 0x80002028
# [SimX-DPI] Read 8 bytes from 0x80002030
# [SimX-DPI] Read 8 bytes from 0x80002038
# [SimX-DPI] Read 8 bytes from 0x80002040
# [SimX-DPI] Read 8 bytes from 0x80002048
# [SimX-DPI] Read 8 bytes from 0x80002050
# [SimX-DPI] Read 8 bytes from 0x80002058
# [SimX-DPI] Read 8 bytes from 0x80002060
# [SimX-DPI] Read 8 bytes from 0x80002068
# [SimX-DPI] Read 8 bytes from 0x80002070
# [SimX-DPI] Read 8 bytes from 0x80002078
# [SimX-DPI] Read 8 bytes from 0x80002080
# [SimX-DPI] Read 8 bytes from 0x80002088
# [SimX-DPI] Read 8 bytes from 0x80002090
# [SimX-DPI] Read 8 bytes from 0x80002098
# [SimX-DPI] Read 8 bytes from 0x800020a0
# [SimX-DPI] Read 8 bytes from 0x800020a8
# [SimX-DPI] Read 8 bytes from 0x800020b0
# [SimX-DPI] Read 8 bytes from 0x800020b8
# [SimX-DPI] Read 8 bytes from 0x800020c0
# [SimX-DPI] Read 8 bytes from 0x800020c8
# [SimX-DPI] Read 8 bytes from 0x800020d0
# [SimX-DPI] Read 8 bytes from 0x800020d8
# [SimX-DPI] Read 8 bytes from 0x800020e0
# [SimX-DPI] Read 8 bytes from 0x800020e8
# [SimX-DPI] Read 8 bytes from 0x800020f0
# [SimX-DPI] Read 8 bytes from 0x800020f8
# [SimX-DPI] Read 8 bytes from 0x80002100
# [SimX-DPI] Read 8 bytes from 0x80002108
# [SimX-DPI] Read 8 bytes from 0x80002110
# [SimX-DPI] Read 8 bytes from 0x80002118
# [SimX-DPI] Read 8 bytes from 0x80002120
# [SimX-DPI] Read 8 bytes from 0x80002128
# [SimX-DPI] Read 8 bytes from 0x80002130
# [SimX-DPI] Read 8 bytes from 0x80002138
# [SimX-DPI] Read 8 bytes from 0x80002140
# [SimX-DPI] Read 8 bytes from 0x80002148
# [SimX-DPI] Read 8 bytes from 0x80002150
# [SimX-DPI] Read 8 bytes from 0x80002158
# [SimX-DPI] Read 8 bytes from 0x80002160
# [SimX-DPI] Read 8 bytes from 0x80002168
# [SimX-DPI] Read 8 bytes from 0x80002170
# [SimX-DPI] Read 8 bytes from 0x80002178
# [SimX-DPI] Read 8 bytes from 0x80002180
# [SimX-DPI] Read 8 bytes from 0x80002188
# [SimX-DPI] Read 8 bytes from 0x80002190
# [SimX-DPI] Read 8 bytes from 0x80002198
# [SimX-DPI] Read 8 bytes from 0x800021a0
# [SimX-DPI] Read 8 bytes from 0x800021a8
# [SimX-DPI] Read 8 bytes from 0x800021b0
# [SimX-DPI] Read 8 bytes from 0x800021b8
# [SimX-DPI] Read 8 bytes from 0x800021c0
# [SimX-DPI] Read 8 bytes from 0x800021c8
# [SimX-DPI] Read 8 bytes from 0x800021d0
# [SimX-DPI] Read 8 bytes from 0x800021d8
# [SimX-DPI] Read 8 bytes from 0x800021e0
# [SimX-DPI] Read 8 bytes from 0x800021e8
# [SimX-DPI] Read 8 bytes from 0x800021f0
# [SimX-DPI] Read 8 bytes from 0x800021f8
# [SimX-DPI] Read 8 bytes from 0x80002200
# [SimX-DPI] Read 8 bytes from 0x80002208
# [SimX-DPI] Read 8 bytes from 0x80002210
# [SimX-DPI] Read 8 bytes from 0x80002218
# [SimX-DPI] Read 8 bytes from 0x80002220
# [SimX-DPI] Read 8 bytes from 0x80002228
# [SimX-DPI] Read 8 bytes from 0x80002230
# [SimX-DPI] Read 8 bytes from 0x80002238
# [SimX-DPI] Read 8 bytes from 0x80002240
# [SimX-DPI] Read 8 bytes from 0x80002248
# [SimX-DPI] Read 8 bytes from 0x80002250
# [SimX-DPI] Read 8 bytes from 0x80002258
# [SimX-DPI] Read 8 bytes from 0x80002260
# [SimX-DPI] Read 8 bytes from 0x80002268
# [SimX-DPI] Read 8 bytes from 0x80002270
# [SimX-DPI] Read 8 bytes from 0x80002278
# [SimX-DPI] Read 8 bytes from 0x80002280
# [SimX-DPI] Read 8 bytes from 0x80002288
# [SimX-DPI] Read 8 bytes from 0x80002290
# [SimX-DPI] Read 8 bytes from 0x80002298
# [SimX-DPI] Read 8 bytes from 0x800022a0
# [SimX-DPI] Read 8 bytes from 0x800022a8
# [SimX-DPI] Read 8 bytes from 0x800022b0
# [SimX-DPI] Read 8 bytes from 0x800022b8
# [SimX-DPI] Read 8 bytes from 0x800022c0
# [SimX-DPI] Read 8 bytes from 0x800022c8
# [SimX-DPI] Read 8 bytes from 0x800022d0
# [SimX-DPI] Read 8 bytes from 0x800022d8
# [SimX-DPI] Read 8 bytes from 0x800022e0
# [SimX-DPI] Read 8 bytes from 0x800022e8
# [SimX-DPI] Read 8 bytes from 0x800022f0
# [SimX-DPI] Read 8 bytes from 0x800022f8
# [SimX-DPI] Read 8 bytes from 0x80002300
# [SimX-DPI] Read 8 bytes from 0x80002308
# [SimX-DPI] Read 8 bytes from 0x80002310
# [SimX-DPI] Read 8 bytes from 0x80002318
# [SimX-DPI] Read 8 bytes from 0x80002320
# [SimX-DPI] Read 8 bytes from 0x80002328
# [SimX-DPI] Read 8 bytes from 0x80002330
# [SimX-DPI] Read 8 bytes from 0x80002338
# [SimX-DPI] Read 8 bytes from 0x80002340
# [SimX-DPI] Read 8 bytes from 0x80002348
# [SimX-DPI] Read 8 bytes from 0x80002350
# [SimX-DPI] Read 8 bytes from 0x80002358
# [SimX-DPI] Read 8 bytes from 0x80002360
# [SimX-DPI] Read 8 bytes from 0x80002368
# [SimX-DPI] Read 8 bytes from 0x80002370
# [SimX-DPI] Read 8 bytes from 0x80002378
# [SimX-DPI] Read 8 bytes from 0x80002380
# [SimX-DPI] Read 8 bytes from 0x80002388
# [SimX-DPI] Read 8 bytes from 0x80002390
# [SimX-DPI] Read 8 bytes from 0x80002398
# [SimX-DPI] Read 8 bytes from 0x800023a0
# [SimX-DPI] Read 8 bytes from 0x800023a8
# [SimX-DPI] Read 8 bytes from 0x800023b0
# [SimX-DPI] Read 8 bytes from 0x800023b8
# [SimX-DPI] Read 8 bytes from 0x800023c0
# [SimX-DPI] Read 8 bytes from 0x800023c8
# [SimX-DPI] Read 8 bytes from 0x800023d0
# [SimX-DPI] Read 8 bytes from 0x800023d8
# [SimX-DPI] Read 8 bytes from 0x800023e0
# [SimX-DPI] Read 8 bytes from 0x800023e8
# [SimX-DPI] Read 8 bytes from 0x800023f0
# [SimX-DPI] Read 8 bytes from 0x800023f8
# [SimX-DPI] Read 8 bytes from 0x80002400
# [SimX-DPI] Read 8 bytes from 0x80002408
# [SimX-DPI] Read 8 bytes from 0x80002410
# [SimX-DPI] Read 8 bytes from 0x80002418
# [SimX-DPI] Read 8 bytes from 0x80002420
# [SimX-DPI] Read 8 bytes from 0x80002428
# [SimX-DPI] Read 8 bytes from 0x80002430
# [SimX-DPI] Read 8 bytes from 0x80002438
# [SimX-DPI] Read 8 bytes from 0x80002440
# [SimX-DPI] Read 8 bytes from 0x80002448
# [SimX-DPI] Read 8 bytes from 0x80002450
# [SimX-DPI] Read 8 bytes from 0x80002458
# [SimX-DPI] Read 8 bytes from 0x80002460
# [SimX-DPI] Read 8 bytes from 0x80002468
# [SimX-DPI] Read 8 bytes from 0x80002470
# [SimX-DPI] Read 8 bytes from 0x80002478
# [SimX-DPI] Read 8 bytes from 0x80002480
# [SimX-DPI] Read 8 bytes from 0x80002488
# [SimX-DPI] Read 8 bytes from 0x80002490
# [SimX-DPI] Read 8 bytes from 0x80002498
# [SimX-DPI] Read 8 bytes from 0x800024a0
# [SimX-DPI] Read 8 bytes from 0x800024a8
# [SimX-DPI] Read 8 bytes from 0x800024b0
# [SimX-DPI] Read 8 bytes from 0x800024b8
# [SimX-DPI] Read 8 bytes from 0x800024c0
# [SimX-DPI] Read 8 bytes from 0x800024c8
# [SimX-DPI] Read 8 bytes from 0x800024d0
# [SimX-DPI] Read 8 bytes from 0x800024d8
# [SimX-DPI] Read 8 bytes from 0x800024e0
# [SimX-DPI] Read 8 bytes from 0x800024e8
# [SimX-DPI] Read 8 bytes from 0x800024f0
# [SimX-DPI] Read 8 bytes from 0x800024f8
# [SimX-DPI] Read 8 bytes from 0x80002500
# [SimX-DPI] Read 8 bytes from 0x80002508
# [SimX-DPI] Read 8 bytes from 0x80002510
# [SimX-DPI] Read 8 bytes from 0x80002518
# [SimX-DPI] Read 8 bytes from 0x80002520
# [SimX-DPI] Read 8 bytes from 0x80002528
# [SimX-DPI] Read 8 bytes from 0x80002530
# [SimX-DPI] Read 8 bytes from 0x80002538
# [SimX-DPI] Read 8 bytes from 0x80002540
# [SimX-DPI] Read 8 bytes from 0x80002548
# [SimX-DPI] Read 8 bytes from 0x80002550
# [SimX-DPI] Read 8 bytes from 0x80002558
# [SimX-DPI] Read 8 bytes from 0x80002560
# [SimX-DPI] Read 8 bytes from 0x80002568
# [SimX-DPI] Read 8 bytes from 0x80002570
# [SimX-DPI] Read 8 bytes from 0x80002578
# [SimX-DPI] Read 8 bytes from 0x80002580
# [SimX-DPI] Read 8 bytes from 0x80002588
# [SimX-DPI] Read 8 bytes from 0x80002590
# [SimX-DPI] Read 8 bytes from 0x80002598
# [SimX-DPI] Read 8 bytes from 0x800025a0
# [SimX-DPI] Read 8 bytes from 0x800025a8
# [SimX-DPI] Read 8 bytes from 0x800025b0
# [SimX-DPI] Read 8 bytes from 0x800025b8
# [SimX-DPI] Read 8 bytes from 0x800025c0
# [SimX-DPI] Read 8 bytes from 0x800025c8
# [SimX-DPI] Read 8 bytes from 0x800025d0
# [SimX-DPI] Read 8 bytes from 0x800025d8
# [SimX-DPI] Read 8 bytes from 0x800025e0
# [SimX-DPI] Read 8 bytes from 0x800025e8
# [SimX-DPI] Read 8 bytes from 0x800025f0
# [SimX-DPI] Read 8 bytes from 0x800025f8
# [SimX-DPI] Read 8 bytes from 0x80002600
# [SimX-DPI] Read 8 bytes from 0x80002608
# [SimX-DPI] Read 8 bytes from 0x80002610
# [SimX-DPI] Read 8 bytes from 0x80002618
# [SimX-DPI] Read 8 bytes from 0x80002620
# [SimX-DPI] Read 8 bytes from 0x80002628
# [SimX-DPI] Read 8 bytes from 0x80002630
# [SimX-DPI] Read 8 bytes from 0x80002638
# [SimX-DPI] Read 8 bytes from 0x80002640
# [SimX-DPI] Read 8 bytes from 0x80002648
# [SimX-DPI] Read 8 bytes from 0x80002650
# [SimX-DPI] Read 8 bytes from 0x80002658
# [SimX-DPI] Read 8 bytes from 0x80002660
# [SimX-DPI] Read 8 bytes from 0x80002668
# [SimX-DPI] Read 8 bytes from 0x80002670
# [SimX-DPI] Read 8 bytes from 0x80002678
# [SimX-DPI] Read 8 bytes from 0x80002680
# [SimX-DPI] Read 8 bytes from 0x80002688
# [SimX-DPI] Read 8 bytes from 0x80002690
# [SimX-DPI] Read 8 bytes from 0x80002698
# [SimX-DPI] Read 8 bytes from 0x800026a0
# [SimX-DPI] Read 8 bytes from 0x800026a8
# [SimX-DPI] Read 8 bytes from 0x800026b0
# [SimX-DPI] Read 8 bytes from 0x800026b8
# [SimX-DPI] Read 8 bytes from 0x800026c0
# [SimX-DPI] Read 8 bytes from 0x800026c8
# [SimX-DPI] Read 8 bytes from 0x800026d0
# [SimX-DPI] Read 8 bytes from 0x800026d8
# [SimX-DPI] Read 8 bytes from 0x800026e0
# [SimX-DPI] Read 8 bytes from 0x800026e8
# [SimX-DPI] Read 8 bytes from 0x800026f0
# [SimX-DPI] Read 8 bytes from 0x800026f8
# [SimX-DPI] Read 8 bytes from 0x80002700
# [SimX-DPI] Read 8 bytes from 0x80002708
# [SimX-DPI] Read 8 bytes from 0x80002710
# [SimX-DPI] Read 8 bytes from 0x80002718
# [SimX-DPI] Read 8 bytes from 0x80002720
# [SimX-DPI] Read 8 bytes from 0x80002728
# [SimX-DPI] Read 8 bytes from 0x80002730
# [SimX-DPI] Read 8 bytes from 0x80002738
# [SimX-DPI] Read 8 bytes from 0x80002740
# [SimX-DPI] Read 8 bytes from 0x80002748
# [SimX-DPI] Read 8 bytes from 0x80002750
# [SimX-DPI] Read 8 bytes from 0x80002758
# [SimX-DPI] Read 8 bytes from 0x80002760
# [SimX-DPI] Read 8 bytes from 0x80002768
# [SimX-DPI] Read 8 bytes from 0x80002770
# [SimX-DPI] Read 8 bytes from 0x80002778
# [SimX-DPI] Read 8 bytes from 0x80002780
# [SimX-DPI] Read 8 bytes from 0x80002788
# [SimX-DPI] Read 8 bytes from 0x80002790
# [SimX-DPI] Read 8 bytes from 0x80002798
# [SimX-DPI] Read 8 bytes from 0x800027a0
# [SimX-DPI] Read 8 bytes from 0x800027a8
# [SimX-DPI] Read 8 bytes from 0x800027b0
# [SimX-DPI] Read 8 bytes from 0x800027b8
# [SimX-DPI] Read 8 bytes from 0x800027c0
# [SimX-DPI] Read 8 bytes from 0x800027c8
# [SimX-DPI] Read 8 bytes from 0x800027d0
# [SimX-DPI] Read 8 bytes from 0x800027d8
# [SimX-DPI] Read 8 bytes from 0x800027e0
# [SimX-DPI] Read 8 bytes from 0x800027e8
# [SimX-DPI] Read 8 bytes from 0x800027f0
# [SimX-DPI] Read 8 bytes from 0x800027f8
# [SimX-DPI] Read 8 bytes from 0x80002800
# [SimX-DPI] Read 8 bytes from 0x80002808
# [SimX-DPI] Read 8 bytes from 0x80002810
# [SimX-DPI] Read 8 bytes from 0x80002818
# [SimX-DPI] Read 8 bytes from 0x80002820
# [SimX-DPI] Read 8 bytes from 0x80002828
# [SimX-DPI] Read 8 bytes from 0x80002830
# [SimX-DPI] Read 8 bytes from 0x80002838
# [SimX-DPI] Read 8 bytes from 0x80002840
# [SimX-DPI] Read 8 bytes from 0x80002848
# [SimX-DPI] Read 8 bytes from 0x80002850
# [SimX-DPI] Read 8 bytes from 0x80002858
# [SimX-DPI] Read 8 bytes from 0x80002860
# [SimX-DPI] Read 8 bytes from 0x80002868
# [SimX-DPI] Read 8 bytes from 0x80002870
# [SimX-DPI] Read 8 bytes from 0x80002878
# [SimX-DPI] Read 8 bytes from 0x80002880
# [SimX-DPI] Read 8 bytes from 0x80002888
# [SimX-DPI] Read 8 bytes from 0x80002890
# [SimX-DPI] Read 8 bytes from 0x80002898
# [SimX-DPI] Read 8 bytes from 0x800028a0
# [SimX-DPI] Read 8 bytes from 0x800028a8
# [SimX-DPI] Read 8 bytes from 0x800028b0
# [SimX-DPI] Read 8 bytes from 0x800028b8
# [SimX-DPI] Read 8 bytes from 0x800028c0
# [SimX-DPI] Read 8 bytes from 0x800028c8
# [SimX-DPI] Read 8 bytes from 0x800028d0
# [SimX-DPI] Read 8 bytes from 0x800028d8
# [SimX-DPI] Read 8 bytes from 0x800028e0
# [SimX-DPI] Read 8 bytes from 0x800028e8
# [SimX-DPI] Read 8 bytes from 0x800028f0
# [SimX-DPI] Read 8 bytes from 0x800028f8
# [SimX-DPI] Read 8 bytes from 0x80002900
# [SimX-DPI] Read 8 bytes from 0x80002908
# [SimX-DPI] Read 8 bytes from 0x80002910
# [SimX-DPI] Read 8 bytes from 0x80002918
# [SimX-DPI] Read 8 bytes from 0x80002920
# [SimX-DPI] Read 8 bytes from 0x80002928
# [SimX-DPI] Read 8 bytes from 0x80002930
# [SimX-DPI] Read 8 bytes from 0x80002938
# [SimX-DPI] Read 8 bytes from 0x80002940
# [SimX-DPI] Read 8 bytes from 0x80002948
# [SimX-DPI] Read 8 bytes from 0x80002950
# [SimX-DPI] Read 8 bytes from 0x80002958
# [SimX-DPI] Read 8 bytes from 0x80002960
# [SimX-DPI] Read 8 bytes from 0x80002968
# [SimX-DPI] Read 8 bytes from 0x80002970
# [SimX-DPI] Read 8 bytes from 0x80002978
# [SimX-DPI] Read 8 bytes from 0x80002980
# [SimX-DPI] Read 8 bytes from 0x80002988
# [SimX-DPI] Read 8 bytes from 0x80002990
# [SimX-DPI] Read 8 bytes from 0x80002998
# [SimX-DPI] Read 8 bytes from 0x800029a0
# [SimX-DPI] Read 8 bytes from 0x800029a8
# [SimX-DPI] Read 8 bytes from 0x800029b0
# [SimX-DPI] Read 8 bytes from 0x800029b8
# [SimX-DPI] Read 8 bytes from 0x800029c0
# [SimX-DPI] Read 8 bytes from 0x800029c8
# [SimX-DPI] Read 8 bytes from 0x800029d0
# [SimX-DPI] Read 8 bytes from 0x800029d8
# [SimX-DPI] Read 8 bytes from 0x800029e0
# [SimX-DPI] Read 8 bytes from 0x800029e8
# [SimX-DPI] Read 8 bytes from 0x800029f0
# [SimX-DPI] Read 8 bytes from 0x800029f8
# [SimX-DPI] Read 8 bytes from 0x80002a00
# [SimX-DPI] Read 8 bytes from 0x80002a08
# [SimX-DPI] Read 8 bytes from 0x80002a10
# [SimX-DPI] Read 8 bytes from 0x80002a18
# [SimX-DPI] Read 8 bytes from 0x80002a20
# [SimX-DPI] Read 8 bytes from 0x80002a28
# [SimX-DPI] Read 8 bytes from 0x80002a30
# [SimX-DPI] Read 8 bytes from 0x80002a38
# [SimX-DPI] Read 8 bytes from 0x80002a40
# [SimX-DPI] Read 8 bytes from 0x80002a48
# [SimX-DPI] Read 8 bytes from 0x80002a50
# [SimX-DPI] Read 8 bytes from 0x80002a58
# [SimX-DPI] Read 8 bytes from 0x80002a60
# [SimX-DPI] Read 8 bytes from 0x80002a68
# [SimX-DPI] Read 8 bytes from 0x80002a70
# [SimX-DPI] Read 8 bytes from 0x80002a78
# [SimX-DPI] Read 8 bytes from 0x80002a80
# [SimX-DPI] Read 8 bytes from 0x80002a88
# [SimX-DPI] Read 8 bytes from 0x80002a90
# [SimX-DPI] Read 8 bytes from 0x80002a98
# [SimX-DPI] Read 8 bytes from 0x80002aa0
# [SimX-DPI] Read 8 bytes from 0x80002aa8
# [SimX-DPI] Read 8 bytes from 0x80002ab0
# [SimX-DPI] Read 8 bytes from 0x80002ab8
# [SimX-DPI] Read 8 bytes from 0x80002ac0
# [SimX-DPI] Read 8 bytes from 0x80002ac8
# [SimX-DPI] Read 8 bytes from 0x80002ad0
# [SimX-DPI] Read 8 bytes from 0x80002ad8
# [SimX-DPI] Read 8 bytes from 0x80002ae0
# [SimX-DPI] Read 8 bytes from 0x80002ae8
# [SimX-DPI] Read 8 bytes from 0x80002af0
# [SimX-DPI] Read 8 bytes from 0x80002af8
# [SimX-DPI] Read 8 bytes from 0x80002b00
# [SimX-DPI] Read 8 bytes from 0x80002b08
# [SimX-DPI] Read 8 bytes from 0x80002b10
# [SimX-DPI] Read 8 bytes from 0x80002b18
# [SimX-DPI] Read 8 bytes from 0x80002b20
# [SimX-DPI] Read 8 bytes from 0x80002b28
# [SimX-DPI] Read 8 bytes from 0x80002b30
# [SimX-DPI] Read 8 bytes from 0x80002b38
# [SimX-DPI] Read 8 bytes from 0x80002b40
# [SimX-DPI] Read 8 bytes from 0x80002b48
# [SimX-DPI] Read 8 bytes from 0x80002b50
# [SimX-DPI] Read 8 bytes from 0x80002b58
# [SimX-DPI] Read 8 bytes from 0x80002b60
# [SimX-DPI] Read 8 bytes from 0x80002b68
# [SimX-DPI] Read 8 bytes from 0x80002b70
# [SimX-DPI] Read 8 bytes from 0x80002b78
# [SimX-DPI] Read 8 bytes from 0x80002b80
# [SimX-DPI] Read 8 bytes from 0x80002b88
# [SimX-DPI] Read 8 bytes from 0x80002b90
# [SimX-DPI] Read 8 bytes from 0x80002b98
# [SimX-DPI] Read 8 bytes from 0x80002ba0
# [SimX-DPI] Read 8 bytes from 0x80002ba8
# [SimX-DPI] Read 8 bytes from 0x80002bb0
# [SimX-DPI] Read 8 bytes from 0x80002bb8
# [SimX-DPI] Read 8 bytes from 0x80002bc0
# [SimX-DPI] Read 8 bytes from 0x80002bc8
# [SimX-DPI] Read 8 bytes from 0x80002bd0
# [SimX-DPI] Read 8 bytes from 0x80002bd8
# [SimX-DPI] Read 8 bytes from 0x80002be0
# [SimX-DPI] Read 8 bytes from 0x80002be8
# [SimX-DPI] Read 8 bytes from 0x80002bf0
# [SimX-DPI] Read 8 bytes from 0x80002bf8
# [SimX-DPI] Read 8 bytes from 0x80002c00
# [SimX-DPI] Read 8 bytes from 0x80002c08
# [SimX-DPI] Read 8 bytes from 0x80002c10
# [SimX-DPI] Read 8 bytes from 0x80002c18
# [SimX-DPI] Read 8 bytes from 0x80002c20
# [SimX-DPI] Read 8 bytes from 0x80002c28
# [SimX-DPI] Read 8 bytes from 0x80002c30
# [SimX-DPI] Read 8 bytes from 0x80002c38
# [SimX-DPI] Read 8 bytes from 0x80002c40
# [SimX-DPI] Read 8 bytes from 0x80002c48
# [SimX-DPI] Read 8 bytes from 0x80002c50
# [SimX-DPI] Read 8 bytes from 0x80002c58
# [SimX-DPI] Read 8 bytes from 0x80002c60
# [SimX-DPI] Read 8 bytes from 0x80002c68
# [SimX-DPI] Read 8 bytes from 0x80002c70
# [SimX-DPI] Read 8 bytes from 0x80002c78
# [SimX-DPI] Read 8 bytes from 0x80002c80
# [SimX-DPI] Read 8 bytes from 0x80002c88
# [SimX-DPI] Read 8 bytes from 0x80002c90
# [SimX-DPI] Read 8 bytes from 0x80002c98
# [SimX-DPI] Read 8 bytes from 0x80002ca0
# [SimX-DPI] Read 8 bytes from 0x80002ca8
# [SimX-DPI] Read 8 bytes from 0x80002cb0
# [SimX-DPI] Read 8 bytes from 0x80002cb8
# [SimX-DPI] Read 8 bytes from 0x80002cc0
# [SimX-DPI] Read 8 bytes from 0x80002cc8
# [SimX-DPI] Read 8 bytes from 0x80002cd0
# [SimX-DPI] Read 8 bytes from 0x80002cd8
# [SimX-DPI] Read 8 bytes from 0x80002ce0
# [SimX-DPI] Read 8 bytes from 0x80002ce8
# [SimX-DPI] Read 8 bytes from 0x80002cf0
# [SimX-DPI] Read 8 bytes from 0x80002cf8
# [SimX-DPI] Read 8 bytes from 0x80002d00
# [SimX-DPI] Read 8 bytes from 0x80002d08
# [SimX-DPI] Read 8 bytes from 0x80002d10
# [SimX-DPI] Read 8 bytes from 0x80002d18
# [SimX-DPI] Read 8 bytes from 0x80002d20
# [SimX-DPI] Read 8 bytes from 0x80002d28
# [SimX-DPI] Read 8 bytes from 0x80002d30
# [SimX-DPI] Read 8 bytes from 0x80002d38
# [SimX-DPI] Read 8 bytes from 0x80002d40
# [SimX-DPI] Read 8 bytes from 0x80002d48
# [SimX-DPI] Read 8 bytes from 0x80002d50
# [SimX-DPI] Read 8 bytes from 0x80002d58
# [SimX-DPI] Read 8 bytes from 0x80002d60
# [SimX-DPI] Read 8 bytes from 0x80002d68
# [SimX-DPI] Read 8 bytes from 0x80002d70
# [SimX-DPI] Read 8 bytes from 0x80002d78
# [SimX-DPI] Read 8 bytes from 0x80002d80
# [SimX-DPI] Read 8 bytes from 0x80002d88
# [SimX-DPI] Read 8 bytes from 0x80002d90
# [SimX-DPI] Read 8 bytes from 0x80002d98
# [SimX-DPI] Read 8 bytes from 0x80002da0
# [SimX-DPI] Read 8 bytes from 0x80002da8
# [SimX-DPI] Read 8 bytes from 0x80002db0
# [SimX-DPI] Read 8 bytes from 0x80002db8
# [SimX-DPI] Read 8 bytes from 0x80002dc0
# [SimX-DPI] Read 8 bytes from 0x80002dc8
# [SimX-DPI] Read 8 bytes from 0x80002dd0
# [SimX-DPI] Read 8 bytes from 0x80002dd8
# [SimX-DPI] Read 8 bytes from 0x80002de0
# [SimX-DPI] Read 8 bytes from 0x80002de8
# [SimX-DPI] Read 8 bytes from 0x80002df0
# [SimX-DPI] Read 8 bytes from 0x80002df8
# [SimX-DPI] Read 8 bytes from 0x80002e00
# [SimX-DPI] Read 8 bytes from 0x80002e08
# [SimX-DPI] Read 8 bytes from 0x80002e10
# [SimX-DPI] Read 8 bytes from 0x80002e18
# [SimX-DPI] Read 8 bytes from 0x80002e20
# [SimX-DPI] Read 8 bytes from 0x80002e28
# [SimX-DPI] Read 8 bytes from 0x80002e30
# [SimX-DPI] Read 8 bytes from 0x80002e38
# [SimX-DPI] Read 8 bytes from 0x80002e40
# [SimX-DPI] Read 8 bytes from 0x80002e48
# [SimX-DPI] Read 8 bytes from 0x80002e50
# [SimX-DPI] Read 8 bytes from 0x80002e58
# [SimX-DPI] Read 8 bytes from 0x80002e60
# [SimX-DPI] Read 8 bytes from 0x80002e68
# [SimX-DPI] Read 8 bytes from 0x80002e70
# [SimX-DPI] Read 8 bytes from 0x80002e78
# [SimX-DPI] Read 8 bytes from 0x80002e80
# [SimX-DPI] Read 8 bytes from 0x80002e88
# [SimX-DPI] Read 8 bytes from 0x80002e90
# [SimX-DPI] Read 8 bytes from 0x80002e98
# [SimX-DPI] Read 8 bytes from 0x80002ea0
# [SimX-DPI] Read 8 bytes from 0x80002ea8
# [SimX-DPI] Read 8 bytes from 0x80002eb0
# [SimX-DPI] Read 8 bytes from 0x80002eb8
# [SimX-DPI] Read 8 bytes from 0x80002ec0
# [SimX-DPI] Read 8 bytes from 0x80002ec8
# [SimX-DPI] Read 8 bytes from 0x80002ed0
# [SimX-DPI] Read 8 bytes from 0x80002ed8
# [SimX-DPI] Read 8 bytes from 0x80002ee0
# [SimX-DPI] Read 8 bytes from 0x80002ee8
# [SimX-DPI] Read 8 bytes from 0x80002ef0
# [SimX-DPI] Read 8 bytes from 0x80002ef8
# [SimX-DPI] Read 8 bytes from 0x80002f00
# [SimX-DPI] Read 8 bytes from 0x80002f08
# [SimX-DPI] Read 8 bytes from 0x80002f10
# [SimX-DPI] Read 8 bytes from 0x80002f18
# [SimX-DPI] Read 8 bytes from 0x80002f20
# [SimX-DPI] Read 8 bytes from 0x80002f28
# [SimX-DPI] Read 8 bytes from 0x80002f30
# [SimX-DPI] Read 8 bytes from 0x80002f38
# [SimX-DPI] Read 8 bytes from 0x80002f40
# [SimX-DPI] Read 8 bytes from 0x80002f48
# [SimX-DPI] Read 8 bytes from 0x80002f50
# [SimX-DPI] Read 8 bytes from 0x80002f58
# [SimX-DPI] Read 8 bytes from 0x80002f60
# [SimX-DPI] Read 8 bytes from 0x80002f68
# [SimX-DPI] Read 8 bytes from 0x80002f70
# [SimX-DPI] Read 8 bytes from 0x80002f78
# [SimX-DPI] Read 8 bytes from 0x80002f80
# [SimX-DPI] Read 8 bytes from 0x80002f88
# [SimX-DPI] Read 8 bytes from 0x80002f90
# [SimX-DPI] Read 8 bytes from 0x80002f98
# [SimX-DPI] Read 8 bytes from 0x80002fa0
# [SimX-DPI] Read 8 bytes from 0x80002fa8
# [SimX-DPI] Read 8 bytes from 0x80002fb0
# [SimX-DPI] Read 8 bytes from 0x80002fb8
# [SimX-DPI] Read 8 bytes from 0x80002fc0
# [SimX-DPI] Read 8 bytes from 0x80002fc8
# [SimX-DPI] Read 8 bytes from 0x80002fd0
# [SimX-DPI] Read 8 bytes from 0x80002fd8
# [SimX-DPI] Read 8 bytes from 0x80002fe0
# [SimX-DPI] Read 8 bytes from 0x80002fe8
# [SimX-DPI] Read 8 bytes from 0x80002ff0
# [SimX-DPI] Read 8 bytes from 0x80002ff8
# [SimX-DPI] Read 8 bytes from 0x80003000
# [SimX-DPI] Read 8 bytes from 0x80003008
# [SimX-DPI] Read 8 bytes from 0x80003010
# [SimX-DPI] Read 8 bytes from 0x80003018
# [SimX-DPI] Read 8 bytes from 0x80003020
# [SimX-DPI] Read 8 bytes from 0x80003028
# [SimX-DPI] Read 8 bytes from 0x80003030
# [SimX-DPI] Read 8 bytes from 0x80003038
# [SimX-DPI] Read 8 bytes from 0x80003040
# [SimX-DPI] Read 8 bytes from 0x80003048
# [SimX-DPI] Read 8 bytes from 0x80003050
# [SimX-DPI] Read 8 bytes from 0x80003058
# [SimX-DPI] Read 8 bytes from 0x80003060
# [SimX-DPI] Read 8 bytes from 0x80003068
# [SimX-DPI] Read 8 bytes from 0x80003070
# [SimX-DPI] Read 8 bytes from 0x80003078
# [SimX-DPI] Read 8 bytes from 0x80003080
# [SimX-DPI] Read 8 bytes from 0x80003088
# [SimX-DPI] Read 8 bytes from 0x80003090
# [SimX-DPI] Read 8 bytes from 0x80003098
# [SimX-DPI] Read 8 bytes from 0x800030a0
# [SimX-DPI] Read 8 bytes from 0x800030a8
# [SimX-DPI] Read 8 bytes from 0x800030b0
# [SimX-DPI] Read 8 bytes from 0x800030b8
# [SimX-DPI] Read 8 bytes from 0x800030c0
# [SimX-DPI] Read 8 bytes from 0x800030c8
# [SimX-DPI] Read 8 bytes from 0x800030d0
# [SimX-DPI] Read 8 bytes from 0x800030d8
# [SimX-DPI] Read 8 bytes from 0x800030e0
# [SimX-DPI] Read 8 bytes from 0x800030e8
# [SimX-DPI] Read 8 bytes from 0x800030f0
# [SimX-DPI] Read 8 bytes from 0x800030f8
# [SimX-DPI] Read 8 bytes from 0x80003100
# [SimX-DPI] Read 8 bytes from 0x80003108
# [SimX-DPI] Read 8 bytes from 0x80003110
# [SimX-DPI] Read 8 bytes from 0x80003118
# [SimX-DPI] Read 8 bytes from 0x80003120
# [SimX-DPI] Read 8 bytes from 0x80003128
# [SimX-DPI] Read 8 bytes from 0x80003130
# [SimX-DPI] Read 8 bytes from 0x80003138
# [SimX-DPI] Read 8 bytes from 0x80003140
# [SimX-DPI] Read 8 bytes from 0x80003148
# [SimX-DPI] Read 8 bytes from 0x80003150
# [SimX-DPI] Read 8 bytes from 0x80003158
# [SimX-DPI] Read 8 bytes from 0x80003160
# [SimX-DPI] Read 8 bytes from 0x80003168
# [SimX-DPI] Read 8 bytes from 0x80003170
# [SimX-DPI] Read 8 bytes from 0x80003178
# [SimX-DPI] Read 8 bytes from 0x80003180
# [SimX-DPI] Read 8 bytes from 0x80003188
# [SimX-DPI] Read 8 bytes from 0x80003190
# [SimX-DPI] Read 8 bytes from 0x80003198
# [SimX-DPI] Read 8 bytes from 0x800031a0
# [SimX-DPI] Read 8 bytes from 0x800031a8
# [SimX-DPI] Read 8 bytes from 0x800031b0
# [SimX-DPI] Read 8 bytes from 0x800031b8
# [SimX-DPI] Read 8 bytes from 0x800031c0
# [SimX-DPI] Read 8 bytes from 0x800031c8
# [SimX-DPI] Read 8 bytes from 0x800031d0
# [SimX-DPI] Read 8 bytes from 0x800031d8
# [SimX-DPI] Read 8 bytes from 0x800031e0
# [SimX-DPI] Read 8 bytes from 0x800031e8
# [SimX-DPI] Read 8 bytes from 0x800031f0
# [SimX-DPI] Read 8 bytes from 0x800031f8
# [SimX-DPI] Read 8 bytes from 0x80003200
# [SimX-DPI] Read 8 bytes from 0x80003208
# [SimX-DPI] Read 8 bytes from 0x80003210
# [SimX-DPI] Read 8 bytes from 0x80003218
# [SimX-DPI] Read 8 bytes from 0x80003220
# [SimX-DPI] Read 8 bytes from 0x80003228
# [SimX-DPI] Read 8 bytes from 0x80003230
# [SimX-DPI] Read 8 bytes from 0x80003238
# [SimX-DPI] Read 8 bytes from 0x80003240
# [SimX-DPI] Read 8 bytes from 0x80003248
# [SimX-DPI] Read 8 bytes from 0x80003250
# [SimX-DPI] Read 8 bytes from 0x80003258
# [SimX-DPI] Read 8 bytes from 0x80003260
# [SimX-DPI] Read 8 bytes from 0x80003268
# [SimX-DPI] Read 8 bytes from 0x80003270
# [SimX-DPI] Read 8 bytes from 0x80003278
# [SimX-DPI] Read 8 bytes from 0x80003280
# [SimX-DPI] Read 8 bytes from 0x80003288
# [SimX-DPI] Read 8 bytes from 0x80003290
# [SimX-DPI] Read 8 bytes from 0x80003298
# [SimX-DPI] Read 8 bytes from 0x800032a0
# [SimX-DPI] Read 8 bytes from 0x800032a8
# [SimX-DPI] Read 8 bytes from 0x800032b0
# [SimX-DPI] Read 8 bytes from 0x800032b8
# [SimX-DPI] Read 8 bytes from 0x800032c0
# [SimX-DPI] Read 8 bytes from 0x800032c8
# [SimX-DPI] Read 8 bytes from 0x800032d0
# [SimX-DPI] Read 8 bytes from 0x800032d8
# [SimX-DPI] Read 8 bytes from 0x800032e0
# [SimX-DPI] Read 8 bytes from 0x800032e8
# [SimX-DPI] Read 8 bytes from 0x800032f0
# [SimX-DPI] Read 8 bytes from 0x800032f8
# [SimX-DPI] Read 8 bytes from 0x80003300
# [SimX-DPI] Read 8 bytes from 0x80003308
# [SimX-DPI] Read 8 bytes from 0x80003310
# [SimX-DPI] Read 8 bytes from 0x80003318
# [SimX-DPI] Read 8 bytes from 0x80003320
# [SimX-DPI] Read 8 bytes from 0x80003328
# [SimX-DPI] Read 8 bytes from 0x80003330
# [SimX-DPI] Read 8 bytes from 0x80003338
# [SimX-DPI] Read 8 bytes from 0x80003340
# [SimX-DPI] Read 8 bytes from 0x80003348
# [SimX-DPI] Read 8 bytes from 0x80003350
# [SimX-DPI] Read 8 bytes from 0x80003358
# [SimX-DPI] Read 8 bytes from 0x80003360
# [SimX-DPI] Read 8 bytes from 0x80003368
# [SimX-DPI] Read 8 bytes from 0x80003370
# [SimX-DPI] Read 8 bytes from 0x80003378
# [SimX-DPI] Read 8 bytes from 0x80003380
# [SimX-DPI] Read 8 bytes from 0x80003388
# [SimX-DPI] Read 8 bytes from 0x80003390
# [SimX-DPI] Read 8 bytes from 0x80003398
# [SimX-DPI] Read 8 bytes from 0x800033a0
# [SimX-DPI] Read 8 bytes from 0x800033a8
# [SimX-DPI] Read 8 bytes from 0x800033b0
# [SimX-DPI] Read 8 bytes from 0x800033b8
# [SimX-DPI] Read 8 bytes from 0x800033c0
# [SimX-DPI] Read 8 bytes from 0x800033c8
# [SimX-DPI] Read 8 bytes from 0x800033d0
# [SimX-DPI] Read 8 bytes from 0x800033d8
# [SimX-DPI] Read 8 bytes from 0x800033e0
# [SimX-DPI] Read 8 bytes from 0x800033e8
# [SimX-DPI] Read 8 bytes from 0x800033f0
# [SimX-DPI] Read 8 bytes from 0x800033f8
# [SimX-DPI] Read 8 bytes from 0x80003400
# [SimX-DPI] Read 8 bytes from 0x80003408
# [SimX-DPI] Read 8 bytes from 0x80003410
# [SimX-DPI] Read 8 bytes from 0x80003418
# [SimX-DPI] Read 8 bytes from 0x80003420
# [SimX-DPI] Read 8 bytes from 0x80003428
# [SimX-DPI] Read 8 bytes from 0x80003430
# [SimX-DPI] Read 8 bytes from 0x80003438
# [SimX-DPI] Read 8 bytes from 0x80003440
# [SimX-DPI] Read 8 bytes from 0x80003448
# [SimX-DPI] Read 8 bytes from 0x80003450
# [SimX-DPI] Read 8 bytes from 0x80003458
# [SimX-DPI] Read 8 bytes from 0x80003460
# [SimX-DPI] Read 8 bytes from 0x80003468
# [SimX-DPI] Read 8 bytes from 0x80003470
# [SimX-DPI] Read 8 bytes from 0x80003478
# [SimX-DPI] Read 8 bytes from 0x80003480
# [SimX-DPI] Read 8 bytes from 0x80003488
# [SimX-DPI] Read 8 bytes from 0x80003490
# [SimX-DPI] Read 8 bytes from 0x80003498
# [SimX-DPI] Read 8 bytes from 0x800034a0
# [SimX-DPI] Read 8 bytes from 0x800034a8
# [SimX-DPI] Read 8 bytes from 0x800034b0
# [SimX-DPI] Read 8 bytes from 0x800034b8
# [SimX-DPI] Read 8 bytes from 0x800034c0
# [SimX-DPI] Read 8 bytes from 0x800034c8
# [SimX-DPI] Read 8 bytes from 0x800034d0
# [SimX-DPI] Read 8 bytes from 0x800034d8
# [SimX-DPI] Read 8 bytes from 0x800034e0
# [SimX-DPI] Read 8 bytes from 0x800034e8
# [SimX-DPI] Read 8 bytes from 0x800034f0
# [SimX-DPI] Read 8 bytes from 0x800034f8
# [SimX-DPI] Read 8 bytes from 0x80003500
# [SimX-DPI] Read 8 bytes from 0x80003508
# [SimX-DPI] Read 8 bytes from 0x80003510
# [SimX-DPI] Read 8 bytes from 0x80003518
# [SimX-DPI] Read 8 bytes from 0x80003520
# [SimX-DPI] Read 8 bytes from 0x80003528
# [SimX-DPI] Read 8 bytes from 0x80003530
# [SimX-DPI] Read 8 bytes from 0x80003538
# [SimX-DPI] Read 8 bytes from 0x80003540
# [SimX-DPI] Read 8 bytes from 0x80003548
# [SimX-DPI] Read 8 bytes from 0x80003550
# [SimX-DPI] Read 8 bytes from 0x80003558
# [SimX-DPI] Read 8 bytes from 0x80003560
# [SimX-DPI] Read 8 bytes from 0x80003568
# [SimX-DPI] Read 8 bytes from 0x80003570
# [SimX-DPI] Read 8 bytes from 0x80003578
# [SimX-DPI] Read 8 bytes from 0x80003580
# [SimX-DPI] Read 8 bytes from 0x80003588
# [SimX-DPI] Read 8 bytes from 0x80003590
# [SimX-DPI] Read 8 bytes from 0x80003598
# [SimX-DPI] Read 8 bytes from 0x800035a0
# [SimX-DPI] Read 8 bytes from 0x800035a8
# [SimX-DPI] Read 8 bytes from 0x800035b0
# [SimX-DPI] Read 8 bytes from 0x800035b8
# [SimX-DPI] Read 8 bytes from 0x800035c0
# [SimX-DPI] Read 8 bytes from 0x800035c8
# [SimX-DPI] Read 8 bytes from 0x800035d0
# [SimX-DPI] Read 8 bytes from 0x800035d8
# [SimX-DPI] Read 8 bytes from 0x800035e0
# [SimX-DPI] Read 8 bytes from 0x800035e8
# [SimX-DPI] Read 8 bytes from 0x800035f0
# [SimX-DPI] Read 8 bytes from 0x800035f8
# [SimX-DPI] Read 8 bytes from 0x80003600
# [SimX-DPI] Read 8 bytes from 0x80003608
# [SimX-DPI] Read 8 bytes from 0x80003610
# [SimX-DPI] Read 8 bytes from 0x80003618
# [SimX-DPI] Read 8 bytes from 0x80003620
# [SimX-DPI] Read 8 bytes from 0x80003628
# [SimX-DPI] Read 8 bytes from 0x80003630
# [SimX-DPI] Read 8 bytes from 0x80003638
# [SimX-DPI] Read 8 bytes from 0x80003640
# [SimX-DPI] Read 8 bytes from 0x80003648
# [SimX-DPI] Read 8 bytes from 0x80003650
# [SimX-DPI] Read 8 bytes from 0x80003658
# [SimX-DPI] Read 8 bytes from 0x80003660
# [SimX-DPI] Read 8 bytes from 0x80003668
# [SimX-DPI] Read 8 bytes from 0x80003670
# [SimX-DPI] Read 8 bytes from 0x80003678
# [SimX-DPI] Read 8 bytes from 0x80003680
# [SimX-DPI] Read 8 bytes from 0x80003688
# [SimX-DPI] Read 8 bytes from 0x80003690
# [SimX-DPI] Read 8 bytes from 0x80003698
# [SimX-DPI] Read 8 bytes from 0x800036a0
# [SimX-DPI] Read 8 bytes from 0x800036a8
# [SimX-DPI] Read 8 bytes from 0x800036b0
# [SimX-DPI] Read 8 bytes from 0x800036b8
# [SimX-DPI] Read 8 bytes from 0x800036c0
# [SimX-DPI] Read 8 bytes from 0x800036c8
# [SimX-DPI] Read 8 bytes from 0x800036d0
# [SimX-DPI] Read 8 bytes from 0x800036d8
# [SimX-DPI] Read 8 bytes from 0x800036e0
# [SimX-DPI] Read 8 bytes from 0x800036e8
# [SimX-DPI] Read 8 bytes from 0x800036f0
# [SimX-DPI] Read 8 bytes from 0x800036f8
# [SimX-DPI] Read 8 bytes from 0x80003700
# [SimX-DPI] Read 8 bytes from 0x80003708
# [SimX-DPI] Read 8 bytes from 0x80003710
# [SimX-DPI] Read 8 bytes from 0x80003718
# [SimX-DPI] Read 8 bytes from 0x80003720
# [SimX-DPI] Read 8 bytes from 0x80003728
# [SimX-DPI] Read 8 bytes from 0x80003730
# [SimX-DPI] Read 8 bytes from 0x80003738
# [SimX-DPI] Read 8 bytes from 0x80003740
# [SimX-DPI] Read 8 bytes from 0x80003748
# [SimX-DPI] Read 8 bytes from 0x80003750
# [SimX-DPI] Read 8 bytes from 0x80003758
# [SimX-DPI] Read 8 bytes from 0x80003760
# [SimX-DPI] Read 8 bytes from 0x80003768
# [SimX-DPI] Read 8 bytes from 0x80003770
# [SimX-DPI] Read 8 bytes from 0x80003778
# [SimX-DPI] Read 8 bytes from 0x80003780
# [SimX-DPI] Read 8 bytes from 0x80003788
# [SimX-DPI] Read 8 bytes from 0x80003790
# [SimX-DPI] Read 8 bytes from 0x80003798
# [SimX-DPI] Read 8 bytes from 0x800037a0
# [SimX-DPI] Read 8 bytes from 0x800037a8
# [SimX-DPI] Read 8 bytes from 0x800037b0
# [SimX-DPI] Read 8 bytes from 0x800037b8
# [SimX-DPI] Read 8 bytes from 0x800037c0
# [SimX-DPI] Read 8 bytes from 0x800037c8
# [SimX-DPI] Read 8 bytes from 0x800037d0
# [SimX-DPI] Read 8 bytes from 0x800037d8
# [SimX-DPI] Read 8 bytes from 0x800037e0
# [SimX-DPI] Read 8 bytes from 0x800037e8
# [SimX-DPI] Read 8 bytes from 0x800037f0
# [SimX-DPI] Read 8 bytes from 0x800037f8
# [SimX-DPI] Read 8 bytes from 0x80003800
# [SimX-DPI] Read 8 bytes from 0x80003808
# [SimX-DPI] Read 8 bytes from 0x80003810
# [SimX-DPI] Read 8 bytes from 0x80003818
# [SimX-DPI] Read 8 bytes from 0x80003820
# [SimX-DPI] Read 8 bytes from 0x80003828
# [SimX-DPI] Read 8 bytes from 0x80003830
# [SimX-DPI] Read 8 bytes from 0x80003838
# [SimX-DPI] Read 8 bytes from 0x80003840
# [SimX-DPI] Read 8 bytes from 0x80003848
# [SimX-DPI] Read 8 bytes from 0x80003850
# [SimX-DPI] Read 8 bytes from 0x80003858
# [SimX-DPI] Read 8 bytes from 0x80003860
# [SimX-DPI] Read 8 bytes from 0x80003868
# [SimX-DPI] Read 8 bytes from 0x80003870
# [SimX-DPI] Read 8 bytes from 0x80003878
# [SimX-DPI] Read 8 bytes from 0x80003880
# [SimX-DPI] Read 8 bytes from 0x80003888
# [SimX-DPI] Read 8 bytes from 0x80003890
# [SimX-DPI] Read 8 bytes from 0x80003898
# [SimX-DPI] Read 8 bytes from 0x800038a0
# [SimX-DPI] Read 8 bytes from 0x800038a8
# [SimX-DPI] Read 8 bytes from 0x800038b0
# [SimX-DPI] Read 8 bytes from 0x800038b8
# [SimX-DPI] Read 8 bytes from 0x800038c0
# [SimX-DPI] Read 8 bytes from 0x800038c8
# [SimX-DPI] Read 8 bytes from 0x800038d0
# [SimX-DPI] Read 8 bytes from 0x800038d8
# [SimX-DPI] Read 8 bytes from 0x800038e0
# [SimX-DPI] Read 8 bytes from 0x800038e8
# [SimX-DPI] Read 8 bytes from 0x800038f0
# [SimX-DPI] Read 8 bytes from 0x800038f8
# [SimX-DPI] Read 8 bytes from 0x80003900
# [SimX-DPI] Read 8 bytes from 0x80003908
# [SimX-DPI] Read 8 bytes from 0x80003910
# [SimX-DPI] Read 8 bytes from 0x80003918
# [SimX-DPI] Read 8 bytes from 0x80003920
# [SimX-DPI] Read 8 bytes from 0x80003928
# [SimX-DPI] Read 8 bytes from 0x80003930
# [SimX-DPI] Read 8 bytes from 0x80003938
# [SimX-DPI] Read 8 bytes from 0x80003940
# [SimX-DPI] Read 8 bytes from 0x80003948
# [SimX-DPI] Read 8 bytes from 0x80003950
# [SimX-DPI] Read 8 bytes from 0x80003958
# [SimX-DPI] Read 8 bytes from 0x80003960
# [SimX-DPI] Read 8 bytes from 0x80003968
# [SimX-DPI] Read 8 bytes from 0x80003970
# [SimX-DPI] Read 8 bytes from 0x80003978
# [SimX-DPI] Read 8 bytes from 0x80003980
# [SimX-DPI] Read 8 bytes from 0x80003988
# [SimX-DPI] Read 8 bytes from 0x80003990
# [SimX-DPI] Read 8 bytes from 0x80003998
# [SimX-DPI] Read 8 bytes from 0x800039a0
# [SimX-DPI] Read 8 bytes from 0x800039a8
# [SimX-DPI] Read 8 bytes from 0x800039b0
# [SimX-DPI] Read 8 bytes from 0x800039b8
# [SimX-DPI] Read 8 bytes from 0x800039c0
# [SimX-DPI] Read 8 bytes from 0x800039c8
# [SimX-DPI] Read 8 bytes from 0x800039d0
# [SimX-DPI] Read 8 bytes from 0x800039d8
# [SimX-DPI] Read 8 bytes from 0x800039e0
# [SimX-DPI] Read 8 bytes from 0x800039e8
# [SimX-DPI] Read 8 bytes from 0x800039f0
# [SimX-DPI] Read 8 bytes from 0x800039f8
# [SimX-DPI] Read 8 bytes from 0x80003a00
# [SimX-DPI] Read 8 bytes from 0x80003a08
# [SimX-DPI] Read 8 bytes from 0x80003a10
# [SimX-DPI] Read 8 bytes from 0x80003a18
# [SimX-DPI] Read 8 bytes from 0x80003a20
# [SimX-DPI] Read 8 bytes from 0x80003a28
# [SimX-DPI] Read 8 bytes from 0x80003a30
# [SimX-DPI] Read 8 bytes from 0x80003a38
# [SimX-DPI] Read 8 bytes from 0x80003a40
# [SimX-DPI] Read 8 bytes from 0x80003a48
# [SimX-DPI] Read 8 bytes from 0x80003a50
# [SimX-DPI] Read 8 bytes from 0x80003a58
# [SimX-DPI] Read 8 bytes from 0x80003a60
# [SimX-DPI] Read 8 bytes from 0x80003a68
# [SimX-DPI] Read 8 bytes from 0x80003a70
# [SimX-DPI] Read 8 bytes from 0x80003a78
# [SimX-DPI] Read 8 bytes from 0x80003a80
# [SimX-DPI] Read 8 bytes from 0x80003a88
# [SimX-DPI] Read 8 bytes from 0x80003a90
# [SimX-DPI] Read 8 bytes from 0x80003a98
# [SimX-DPI] Read 8 bytes from 0x80003aa0
# [SimX-DPI] Read 8 bytes from 0x80003aa8
# [SimX-DPI] Read 8 bytes from 0x80003ab0
# [SimX-DPI] Read 8 bytes from 0x80003ab8
# [SimX-DPI] Read 8 bytes from 0x80003ac0
# [SimX-DPI] Read 8 bytes from 0x80003ac8
# [SimX-DPI] Read 8 bytes from 0x80003ad0
# [SimX-DPI] Read 8 bytes from 0x80003ad8
# [SimX-DPI] Read 8 bytes from 0x80003ae0
# [SimX-DPI] Read 8 bytes from 0x80003ae8
# [SimX-DPI] Read 8 bytes from 0x80003af0
# [SimX-DPI] Read 8 bytes from 0x80003af8
# [SimX-DPI] Read 8 bytes from 0x80003b00
# [SimX-DPI] Read 8 bytes from 0x80003b08
# [SimX-DPI] Read 8 bytes from 0x80003b10
# [SimX-DPI] Read 8 bytes from 0x80003b18
# [SimX-DPI] Read 8 bytes from 0x80003b20
# [SimX-DPI] Read 8 bytes from 0x80003b28
# [SimX-DPI] Read 8 bytes from 0x80003b30
# [SimX-DPI] Read 8 bytes from 0x80003b38
# [SimX-DPI] Read 8 bytes from 0x80003b40
# [SimX-DPI] Read 8 bytes from 0x80003b48
# [SimX-DPI] Read 8 bytes from 0x80003b50
# [SimX-DPI] Read 8 bytes from 0x80003b58
# [SimX-DPI] Read 8 bytes from 0x80003b60
# [SimX-DPI] Read 8 bytes from 0x80003b68
# [SimX-DPI] Read 8 bytes from 0x80003b70
# [SimX-DPI] Read 8 bytes from 0x80003b78
# [SimX-DPI] Read 8 bytes from 0x80003b80
# [SimX-DPI] Read 8 bytes from 0x80003b88
# [SimX-DPI] Read 8 bytes from 0x80003b90
# [SimX-DPI] Read 8 bytes from 0x80003b98
# [SimX-DPI] Read 8 bytes from 0x80003ba0
# [SimX-DPI] Read 8 bytes from 0x80003ba8
# [SimX-DPI] Read 8 bytes from 0x80003bb0
# [SimX-DPI] Read 8 bytes from 0x80003bb8
# [SimX-DPI] Read 8 bytes from 0x80003bc0
# [SimX-DPI] Read 8 bytes from 0x80003bc8
# [SimX-DPI] Read 8 bytes from 0x80003bd0
# [SimX-DPI] Read 8 bytes from 0x80003bd8
# [SimX-DPI] Read 8 bytes from 0x80003be0
# [SimX-DPI] Read 8 bytes from 0x80003be8
# [SimX-DPI] Read 8 bytes from 0x80003bf0
# [SimX-DPI] Read 8 bytes from 0x80003bf8
# [SimX-DPI] Read 8 bytes from 0x80003c00
# [SimX-DPI] Read 8 bytes from 0x80003c08
# [SimX-DPI] Read 8 bytes from 0x80003c10
# [SimX-DPI] Read 8 bytes from 0x80003c18
# [SimX-DPI] Read 8 bytes from 0x80003c20
# [SimX-DPI] Read 8 bytes from 0x80003c28
# [SimX-DPI] Read 8 bytes from 0x80003c30
# [SimX-DPI] Read 8 bytes from 0x80003c38
# [SimX-DPI] Read 8 bytes from 0x80003c40
# [SimX-DPI] Read 8 bytes from 0x80003c48
# [SimX-DPI] Read 8 bytes from 0x80003c50
# [SimX-DPI] Read 8 bytes from 0x80003c58
# [SimX-DPI] Read 8 bytes from 0x80003c60
# [SimX-DPI] Read 8 bytes from 0x80003c68
# [SimX-DPI] Read 8 bytes from 0x80003c70
# [SimX-DPI] Read 8 bytes from 0x80003c78
# [SimX-DPI] Read 8 bytes from 0x80003c80
# [SimX-DPI] Read 8 bytes from 0x80003c88
# [SimX-DPI] Read 8 bytes from 0x80003c90
# [SimX-DPI] Read 8 bytes from 0x80003c98
# [SimX-DPI] Read 8 bytes from 0x80003ca0
# [SimX-DPI] Read 8 bytes from 0x80003ca8
# [SimX-DPI] Read 8 bytes from 0x80003cb0
# [SimX-DPI] Read 8 bytes from 0x80003cb8
# [SimX-DPI] Read 8 bytes from 0x80003cc0
# [SimX-DPI] Read 8 bytes from 0x80003cc8
# [SimX-DPI] Read 8 bytes from 0x80003cd0
# [SimX-DPI] Read 8 bytes from 0x80003cd8
# [SimX-DPI] Read 8 bytes from 0x80003ce0
# [SimX-DPI] Read 8 bytes from 0x80003ce8
# [SimX-DPI] Read 8 bytes from 0x80003cf0
# [SimX-DPI] Read 8 bytes from 0x80003cf8
# [SimX-DPI] Read 8 bytes from 0x80003d00
# [SimX-DPI] Read 8 bytes from 0x80003d08
# [SimX-DPI] Read 8 bytes from 0x80003d10
# [SimX-DPI] Read 8 bytes from 0x80003d18
# [SimX-DPI] Read 8 bytes from 0x80003d20
# [SimX-DPI] Read 8 bytes from 0x80003d28
# [SimX-DPI] Read 8 bytes from 0x80003d30
# [SimX-DPI] Read 8 bytes from 0x80003d38
# [SimX-DPI] Read 8 bytes from 0x80003d40
# [SimX-DPI] Read 8 bytes from 0x80003d48
# [SimX-DPI] Read 8 bytes from 0x80003d50
# [SimX-DPI] Read 8 bytes from 0x80003d58
# [SimX-DPI] Read 8 bytes from 0x80003d60
# [SimX-DPI] Read 8 bytes from 0x80003d68
# [SimX-DPI] Read 8 bytes from 0x80003d70
# [SimX-DPI] Read 8 bytes from 0x80003d78
# [SimX-DPI] Read 8 bytes from 0x80003d80
# [SimX-DPI] Read 8 bytes from 0x80003d88
# [SimX-DPI] Read 8 bytes from 0x80003d90
# [SimX-DPI] Read 8 bytes from 0x80003d98
# [SimX-DPI] Read 8 bytes from 0x80003da0
# [SimX-DPI] Read 8 bytes from 0x80003da8
# [SimX-DPI] Read 8 bytes from 0x80003db0
# [SimX-DPI] Read 8 bytes from 0x80003db8
# [SimX-DPI] Read 8 bytes from 0x80003dc0
# [SimX-DPI] Read 8 bytes from 0x80003dc8
# [SimX-DPI] Read 8 bytes from 0x80003dd0
# [SimX-DPI] Read 8 bytes from 0x80003dd8
# [SimX-DPI] Read 8 bytes from 0x80003de0
# [SimX-DPI] Read 8 bytes from 0x80003de8
# [SimX-DPI] Read 8 bytes from 0x80003df0
# [SimX-DPI] Read 8 bytes from 0x80003df8
# [SimX-DPI] Read 8 bytes from 0x80003e00
# [SimX-DPI] Read 8 bytes from 0x80003e08
# [SimX-DPI] Read 8 bytes from 0x80003e10
# [SimX-DPI] Read 8 bytes from 0x80003e18
# [SimX-DPI] Read 8 bytes from 0x80003e20
# [SimX-DPI] Read 8 bytes from 0x80003e28
# [SimX-DPI] Read 8 bytes from 0x80003e30
# [SimX-DPI] Read 8 bytes from 0x80003e38
# [SimX-DPI] Read 8 bytes from 0x80003e40
# [SimX-DPI] Read 8 bytes from 0x80003e48
# [SimX-DPI] Read 8 bytes from 0x80003e50
# [SimX-DPI] Read 8 bytes from 0x80003e58
# [SimX-DPI] Read 8 bytes from 0x80003e60
# [SimX-DPI] Read 8 bytes from 0x80003e68
# [SimX-DPI] Read 8 bytes from 0x80003e70
# [SimX-DPI] Read 8 bytes from 0x80003e78
# [SimX-DPI] Read 8 bytes from 0x80003e80
# [SimX-DPI] Read 8 bytes from 0x80003e88
# [SimX-DPI] Read 8 bytes from 0x80003e90
# [SimX-DPI] Read 8 bytes from 0x80003e98
# [SimX-DPI] Read 8 bytes from 0x80003ea0
# [SimX-DPI] Read 8 bytes from 0x80003ea8
# [SimX-DPI] Read 8 bytes from 0x80003eb0
# [SimX-DPI] Read 8 bytes from 0x80003eb8
# [SimX-DPI] Read 8 bytes from 0x80003ec0
# [SimX-DPI] Read 8 bytes from 0x80003ec8
# [SimX-DPI] Read 8 bytes from 0x80003ed0
# [SimX-DPI] Read 8 bytes from 0x80003ed8
# [SimX-DPI] Read 8 bytes from 0x80003ee0
# [SimX-DPI] Read 8 bytes from 0x80003ee8
# [SimX-DPI] Read 8 bytes from 0x80003ef0
# [SimX-DPI] Read 8 bytes from 0x80003ef8
# [SimX-DPI] Read 8 bytes from 0x80003f00
# [SimX-DPI] Read 8 bytes from 0x80003f08
# [SimX-DPI] Read 8 bytes from 0x80003f10
# [SimX-DPI] Read 8 bytes from 0x80003f18
# [SimX-DPI] Read 8 bytes from 0x80003f20
# [SimX-DPI] Read 8 bytes from 0x80003f28
# [SimX-DPI] Read 8 bytes from 0x80003f30
# [SimX-DPI] Read 8 bytes from 0x80003f38
# [SimX-DPI] Read 8 bytes from 0x80003f40
# [SimX-DPI] Read 8 bytes from 0x80003f48
# [SimX-DPI] Read 8 bytes from 0x80003f50
# [SimX-DPI] Read 8 bytes from 0x80003f58
# [SimX-DPI] Read 8 bytes from 0x80003f60
# [SimX-DPI] Read 8 bytes from 0x80003f68
# [SimX-DPI] Read 8 bytes from 0x80003f70
# [SimX-DPI] Read 8 bytes from 0x80003f78
# [SimX-DPI] Read 8 bytes from 0x80003f80
# [SimX-DPI] Read 8 bytes from 0x80003f88
# [SimX-DPI] Read 8 bytes from 0x80003f90
# [SimX-DPI] Read 8 bytes from 0x80003f98
# [SimX-DPI] Read 8 bytes from 0x80003fa0
# [SimX-DPI] Read 8 bytes from 0x80003fa8
# [SimX-DPI] Read 8 bytes from 0x80003fb0
# [SimX-DPI] Read 8 bytes from 0x80003fb8
# [SimX-DPI] Read 8 bytes from 0x80003fc0
# [SimX-DPI] Read 8 bytes from 0x80003fc8
# [SimX-DPI] Read 8 bytes from 0x80003fd0
# [SimX-DPI] Read 8 bytes from 0x80003fd8
# [SimX-DPI] Read 8 bytes from 0x80003fe0
# [SimX-DPI] Read 8 bytes from 0x80003fe8
# [SimX-DPI] Read 8 bytes from 0x80003ff0
# [SimX-DPI] Read 8 bytes from 0x80003ff8
# [SimX-DPI] Read 8 bytes from 0x80004000
# [SimX-DPI] Read 8 bytes from 0x80004008
# [SimX-DPI] Read 8 bytes from 0x80004010
# [SimX-DPI] Read 8 bytes from 0x80004018
# [SimX-DPI] Read 8 bytes from 0x80004020
# [SimX-DPI] Read 8 bytes from 0x80004028
# [SimX-DPI] Read 8 bytes from 0x80004030
# [SimX-DPI] Read 8 bytes from 0x80004038
# [SimX-DPI] Read 8 bytes from 0x80004040
# [SimX-DPI] Read 8 bytes from 0x80004048
# [SimX-DPI] Read 8 bytes from 0x80004050
# [SimX-DPI] Read 8 bytes from 0x80004058
# [SimX-DPI] Read 8 bytes from 0x80004060
# [SimX-DPI] Read 8 bytes from 0x80004068
# [SimX-DPI] Read 8 bytes from 0x80004070
# [SimX-DPI] Read 8 bytes from 0x80004078
# [SimX-DPI] Read 8 bytes from 0x80004080
# [SimX-DPI] Read 8 bytes from 0x80004088
# [SimX-DPI] Read 8 bytes from 0x80004090
# [SimX-DPI] Read 8 bytes from 0x80004098
# [SimX-DPI] Read 8 bytes from 0x800040a0
# [SimX-DPI] Read 8 bytes from 0x800040a8
# [SimX-DPI] Read 8 bytes from 0x800040b0
# [SimX-DPI] Read 8 bytes from 0x800040b8
# [SimX-DPI] Read 8 bytes from 0x800040c0
# [SimX-DPI] Read 8 bytes from 0x800040c8
# [SimX-DPI] Read 8 bytes from 0x800040d0
# [SimX-DPI] Read 8 bytes from 0x800040d8
# [SimX-DPI] Read 8 bytes from 0x800040e0
# [SimX-DPI] Read 8 bytes from 0x800040e8
# [SimX-DPI] Read 8 bytes from 0x800040f0
# [SimX-DPI] Read 8 bytes from 0x800040f8
# [SimX-DPI] Read 8 bytes from 0x80004100
# [SimX-DPI] Read 8 bytes from 0x80004108
# [SimX-DPI] Read 8 bytes from 0x80004110
# [SimX-DPI] Read 8 bytes from 0x80004118
# [SimX-DPI] Read 8 bytes from 0x80004120
# [SimX-DPI] Read 8 bytes from 0x80004128
# [SimX-DPI] Read 8 bytes from 0x80004130
# [SimX-DPI] Read 8 bytes from 0x80004138
# [SimX-DPI] Read 8 bytes from 0x80004140
# [SimX-DPI] Read 8 bytes from 0x80004148
# [SimX-DPI] Read 8 bytes from 0x80004150
# [SimX-DPI] Read 8 bytes from 0x80004158
# [SimX-DPI] Read 8 bytes from 0x80004160
# [SimX-DPI] Read 8 bytes from 0x80004168
# [SimX-DPI] Read 8 bytes from 0x80004170
# [SimX-DPI] Read 8 bytes from 0x80004178
# [SimX-DPI] Read 8 bytes from 0x80004180
# [SimX-DPI] Read 8 bytes from 0x80004188
# [SimX-DPI] Read 8 bytes from 0x80004190
# [SimX-DPI] Read 8 bytes from 0x80004198
# [SimX-DPI] Read 8 bytes from 0x800041a0
# [SimX-DPI] Read 8 bytes from 0x800041a8
# [SimX-DPI] Read 8 bytes from 0x800041b0
# [SimX-DPI] Read 8 bytes from 0x800041b8
# [SimX-DPI] Read 8 bytes from 0x800041c0
# [SimX-DPI] Read 8 bytes from 0x800041c8
# [SimX-DPI] Read 8 bytes from 0x800041d0
# [SimX-DPI] Read 8 bytes from 0x800041d8
# [SimX-DPI] Read 8 bytes from 0x800041e0
# [SimX-DPI] Read 8 bytes from 0x800041e8
# [SimX-DPI] Read 8 bytes from 0x800041f0
# [SimX-DPI] Read 8 bytes from 0x800041f8
# [SimX-DPI] Read 8 bytes from 0x80004200
# [SimX-DPI] Read 8 bytes from 0x80004208
# [SimX-DPI] Read 8 bytes from 0x80004210
# [SimX-DPI] Read 8 bytes from 0x80004218
# [SimX-DPI] Read 8 bytes from 0x80004220
# [SimX-DPI] Read 8 bytes from 0x80004228
# [SimX-DPI] Read 8 bytes from 0x80004230
# [SimX-DPI] Read 8 bytes from 0x80004238
# [SimX-DPI] Read 8 bytes from 0x80004240
# [SimX-DPI] Read 8 bytes from 0x80004248
# [SimX-DPI] Read 8 bytes from 0x80004250
# [SimX-DPI] Read 8 bytes from 0x80004258
# [SimX-DPI] Read 8 bytes from 0x80004260
# [SimX-DPI] Read 8 bytes from 0x80004268
# [SimX-DPI] Read 8 bytes from 0x80004270
# [SimX-DPI] Read 8 bytes from 0x80004278
# [SimX-DPI] Read 8 bytes from 0x80004280
# [SimX-DPI] Read 8 bytes from 0x80004288
# [SimX-DPI] Read 8 bytes from 0x80004290
# [SimX-DPI] Read 8 bytes from 0x80004298
# [SimX-DPI] Read 8 bytes from 0x800042a0
# [SimX-DPI] Read 8 bytes from 0x800042a8
# [SimX-DPI] Read 8 bytes from 0x800042b0
# [SimX-DPI] Read 8 bytes from 0x800042b8
# [SimX-DPI] Read 8 bytes from 0x800042c0
# [SimX-DPI] Read 8 bytes from 0x800042c8
# [SimX-DPI] Read 8 bytes from 0x800042d0
# [SimX-DPI] Read 8 bytes from 0x800042d8
# [SimX-DPI] Read 8 bytes from 0x800042e0
# [SimX-DPI] Read 8 bytes from 0x800042e8
# [SimX-DPI] Read 8 bytes from 0x800042f0
# [SimX-DPI] Read 8 bytes from 0x800042f8
# [SimX-DPI] Read 8 bytes from 0x80004300
# [SimX-DPI] Read 8 bytes from 0x80004308
# [SimX-DPI] Read 8 bytes from 0x80004310
# [SimX-DPI] Read 8 bytes from 0x80004318
# [SimX-DPI] Read 8 bytes from 0x80004320
# [SimX-DPI] Read 8 bytes from 0x80004328
# [SimX-DPI] Read 8 bytes from 0x80004330
# [SimX-DPI] Read 8 bytes from 0x80004338
# [SimX-DPI] Read 8 bytes from 0x80004340
# [SimX-DPI] Read 8 bytes from 0x80004348
# [SimX-DPI] Read 8 bytes from 0x80004350
# [SimX-DPI] Read 8 bytes from 0x80004358
# [SimX-DPI] Read 8 bytes from 0x80004360
# [SimX-DPI] Read 8 bytes from 0x80004368
# [SimX-DPI] Read 8 bytes from 0x80004370
# [SimX-DPI] Read 8 bytes from 0x80004378
# [SimX-DPI] Read 8 bytes from 0x80004380
# [SimX-DPI] Read 8 bytes from 0x80004388
# [SimX-DPI] Read 8 bytes from 0x80004390
# [SimX-DPI] Read 8 bytes from 0x80004398
# [SimX-DPI] Read 8 bytes from 0x800043a0
# [SimX-DPI] Read 8 bytes from 0x800043a8
# [SimX-DPI] Read 8 bytes from 0x800043b0
# [SimX-DPI] Read 8 bytes from 0x800043b8
# [SimX-DPI] Read 8 bytes from 0x800043c0
# [SimX-DPI] Read 8 bytes from 0x800043c8
# [SimX-DPI] Read 8 bytes from 0x800043d0
# [SimX-DPI] Read 8 bytes from 0x800043d8
# [SimX-DPI] Read 8 bytes from 0x800043e0
# [SimX-DPI] Read 8 bytes from 0x800043e8
# [SimX-DPI] Read 8 bytes from 0x800043f0
# [SimX-DPI] Read 8 bytes from 0x800043f8
# [SimX-DPI] Read 8 bytes from 0x80004400
# [SimX-DPI] Read 8 bytes from 0x80004408
# [SimX-DPI] Read 8 bytes from 0x80004410
# [SimX-DPI] Read 8 bytes from 0x80004418
# [SimX-DPI] Read 8 bytes from 0x80004420
# [SimX-DPI] Read 8 bytes from 0x80004428
# [SimX-DPI] Read 8 bytes from 0x80004430
# [SimX-DPI] Read 8 bytes from 0x80004438
# [SimX-DPI] Read 8 bytes from 0x80004440
# [SimX-DPI] Read 8 bytes from 0x80004448
# [SimX-DPI] Read 8 bytes from 0x80004450
# [SimX-DPI] Read 8 bytes from 0x80004458
# [SimX-DPI] Read 8 bytes from 0x80004460
# [SimX-DPI] Read 8 bytes from 0x80004468
# [SimX-DPI] Read 8 bytes from 0x80004470
# [SimX-DPI] Read 8 bytes from 0x80004478
# [SimX-DPI] Read 8 bytes from 0x80004480
# [SimX-DPI] Read 8 bytes from 0x80004488
# [SimX-DPI] Read 8 bytes from 0x80004490
# [SimX-DPI] Read 8 bytes from 0x80004498
# [SimX-DPI] Read 8 bytes from 0x800044a0
# [SimX-DPI] Read 8 bytes from 0x800044a8
# [SimX-DPI] Read 8 bytes from 0x800044b0
# [SimX-DPI] Read 8 bytes from 0x800044b8
# [SimX-DPI] Read 8 bytes from 0x800044c0
# [SimX-DPI] Read 8 bytes from 0x800044c8
# [SimX-DPI] Read 8 bytes from 0x800044d0
# [SimX-DPI] Read 8 bytes from 0x800044d8
# [SimX-DPI] Read 8 bytes from 0x800044e0
# [SimX-DPI] Read 8 bytes from 0x800044e8
# [SimX-DPI] Read 8 bytes from 0x800044f0
# [SimX-DPI] Read 8 bytes from 0x800044f8
# [SimX-DPI] Read 8 bytes from 0x80004500
# [SimX-DPI] Read 8 bytes from 0x80004508
# [SimX-DPI] Read 8 bytes from 0x80004510
# [SimX-DPI] Read 8 bytes from 0x80004518
# [SimX-DPI] Read 8 bytes from 0x80004520
# [SimX-DPI] Read 8 bytes from 0x80004528
# [SimX-DPI] Read 8 bytes from 0x80004530
# [SimX-DPI] Read 8 bytes from 0x80004538
# [SimX-DPI] Read 8 bytes from 0x80004540
# [SimX-DPI] Read 8 bytes from 0x80004548
# [SimX-DPI] Read 8 bytes from 0x80004550
# [SimX-DPI] Read 8 bytes from 0x80004558
# [SimX-DPI] Read 8 bytes from 0x80004560
# [SimX-DPI] Read 8 bytes from 0x80004568
# [SimX-DPI] Read 8 bytes from 0x80004570
# [SimX-DPI] Read 8 bytes from 0x80004578
# [SimX-DPI] Read 8 bytes from 0x80004580
# [SimX-DPI] Read 8 bytes from 0x80004588
# [SimX-DPI] Read 8 bytes from 0x80004590
# [SimX-DPI] Read 8 bytes from 0x80004598
# [SimX-DPI] Read 8 bytes from 0x800045a0
# [SimX-DPI] Read 8 bytes from 0x800045a8
# [SimX-DPI] Read 8 bytes from 0x800045b0
# [SimX-DPI] Read 8 bytes from 0x800045b8
# [SimX-DPI] Read 8 bytes from 0x800045c0
# [SimX-DPI] Read 8 bytes from 0x800045c8
# [SimX-DPI] Read 8 bytes from 0x800045d0
# [SimX-DPI] Read 8 bytes from 0x800045d8
# [SimX-DPI] Read 8 bytes from 0x800045e0
# [SimX-DPI] Read 8 bytes from 0x800045e8
# [SimX-DPI] Read 8 bytes from 0x800045f0
# [SimX-DPI] Read 8 bytes from 0x800045f8
# [SimX-DPI] Read 8 bytes from 0x80004600
# [SimX-DPI] Read 8 bytes from 0x80004608
# [SimX-DPI] Read 8 bytes from 0x80004610
# [SimX-DPI] Read 8 bytes from 0x80004618
# [SimX-DPI] Read 8 bytes from 0x80004620
# [SimX-DPI] Read 8 bytes from 0x80004628
# [SimX-DPI] Read 8 bytes from 0x80004630
# [SimX-DPI] Read 8 bytes from 0x80004638
# [SimX-DPI] Read 8 bytes from 0x80004640
# [SimX-DPI] Read 8 bytes from 0x80004648
# [SimX-DPI] Read 8 bytes from 0x80004650
# [SimX-DPI] Read 8 bytes from 0x80004658
# [SimX-DPI] Read 8 bytes from 0x80004660
# [SimX-DPI] Read 8 bytes from 0x80004668
# [SimX-DPI] Read 8 bytes from 0x80004670
# [SimX-DPI] Read 8 bytes from 0x80004678
# [SimX-DPI] Read 8 bytes from 0x80004680
# [SimX-DPI] Read 8 bytes from 0x80004688
# [SimX-DPI] Read 8 bytes from 0x80004690
# [SimX-DPI] Read 8 bytes from 0x80004698
# [SimX-DPI] Read 8 bytes from 0x800046a0
# [SimX-DPI] Read 8 bytes from 0x800046a8
# [SimX-DPI] Read 8 bytes from 0x800046b0
# [SimX-DPI] Read 8 bytes from 0x800046b8
# [SimX-DPI] Read 8 bytes from 0x800046c0
# [SimX-DPI] Read 8 bytes from 0x800046c8
# [SimX-DPI] Read 8 bytes from 0x800046d0
# [SimX-DPI] Read 8 bytes from 0x800046d8
# [SimX-DPI] Read 8 bytes from 0x800046e0
# [SimX-DPI] Read 8 bytes from 0x800046e8
# [SimX-DPI] Read 8 bytes from 0x800046f0
# [SimX-DPI] Read 8 bytes from 0x800046f8
# [SimX-DPI] Read 8 bytes from 0x80004700
# [SimX-DPI] Read 8 bytes from 0x80004708
# [SimX-DPI] Read 8 bytes from 0x80004710
# [SimX-DPI] Read 8 bytes from 0x80004718
# [SimX-DPI] Read 8 bytes from 0x80004720
# [SimX-DPI] Read 8 bytes from 0x80004728
# [SimX-DPI] Read 8 bytes from 0x80004730
# [SimX-DPI] Read 8 bytes from 0x80004738
# [SimX-DPI] Read 8 bytes from 0x80004740
# [SimX-DPI] Read 8 bytes from 0x80004748
# [SimX-DPI] Read 8 bytes from 0x80004750
# [SimX-DPI] Read 8 bytes from 0x80004758
# [SimX-DPI] Read 8 bytes from 0x80004760
# [SimX-DPI] Read 8 bytes from 0x80004768
# [SimX-DPI] Read 8 bytes from 0x80004770
# [SimX-DPI] Read 8 bytes from 0x80004778
# [SimX-DPI] Read 8 bytes from 0x80004780
# [SimX-DPI] Read 8 bytes from 0x80004788
# [SimX-DPI] Read 8 bytes from 0x80004790
# [SimX-DPI] Read 8 bytes from 0x80004798
# [SimX-DPI] Read 8 bytes from 0x800047a0
# [SimX-DPI] Read 8 bytes from 0x800047a8
# [SimX-DPI] Read 8 bytes from 0x800047b0
# [SimX-DPI] Read 8 bytes from 0x800047b8
# [SimX-DPI] Read 8 bytes from 0x800047c0
# [SimX-DPI] Read 8 bytes from 0x800047c8
# [SimX-DPI] Read 8 bytes from 0x800047d0
# [SimX-DPI] Read 8 bytes from 0x800047d8
# [SimX-DPI] Read 8 bytes from 0x800047e0
# [SimX-DPI] Read 8 bytes from 0x800047e8
# [SimX-DPI] Read 8 bytes from 0x800047f0
# [SimX-DPI] Read 8 bytes from 0x800047f8
# [SimX-DPI] Read 8 bytes from 0x80004800
# [SimX-DPI] Read 8 bytes from 0x80004808
# [SimX-DPI] Read 8 bytes from 0x80004810
# [SimX-DPI] Read 8 bytes from 0x80004818
# [SimX-DPI] Read 8 bytes from 0x80004820
# [SimX-DPI] Read 8 bytes from 0x80004828
# [SimX-DPI] Read 8 bytes from 0x80004830
# [SimX-DPI] Read 8 bytes from 0x80004838
# [SimX-DPI] Read 8 bytes from 0x80004840
# [SimX-DPI] Read 8 bytes from 0x80004848
# [SimX-DPI] Read 8 bytes from 0x80004850
# [SimX-DPI] Read 8 bytes from 0x80004858
# [SimX-DPI] Read 8 bytes from 0x80004860
# [SimX-DPI] Read 8 bytes from 0x80004868
# [SimX-DPI] Read 8 bytes from 0x80004870
# [SimX-DPI] Read 8 bytes from 0x80004878
# [SimX-DPI] Read 8 bytes from 0x80004880
# [SimX-DPI] Read 8 bytes from 0x80004888
# [SimX-DPI] Read 8 bytes from 0x80004890
# [SimX-DPI] Read 8 bytes from 0x80004898
# [SimX-DPI] Read 8 bytes from 0x800048a0
# [SimX-DPI] Read 8 bytes from 0x800048a8
# [SimX-DPI] Read 8 bytes from 0x800048b0
# [SimX-DPI] Read 8 bytes from 0x800048b8
# [SimX-DPI] Read 8 bytes from 0x800048c0
# [SimX-DPI] Read 8 bytes from 0x800048c8
# [SimX-DPI] Read 8 bytes from 0x800048d0
# [SimX-DPI] Read 8 bytes from 0x800048d8
# [SimX-DPI] Read 8 bytes from 0x800048e0
# [SimX-DPI] Read 8 bytes from 0x800048e8
# [SimX-DPI] Read 8 bytes from 0x800048f0
# [SimX-DPI] Read 8 bytes from 0x800048f8
# [SimX-DPI] Read 8 bytes from 0x80004900
# [SimX-DPI] Read 8 bytes from 0x80004908
# [SimX-DPI] Read 8 bytes from 0x80004910
# [SimX-DPI] Read 8 bytes from 0x80004918
# [SimX-DPI] Read 8 bytes from 0x80004920
# [SimX-DPI] Read 8 bytes from 0x80004928
# [SimX-DPI] Read 8 bytes from 0x80004930
# [SimX-DPI] Read 8 bytes from 0x80004938
# [SimX-DPI] Read 8 bytes from 0x80004940
# [SimX-DPI] Read 8 bytes from 0x80004948
# [SimX-DPI] Read 8 bytes from 0x80004950
# [SimX-DPI] Read 8 bytes from 0x80004958
# [SimX-DPI] Read 8 bytes from 0x80004960
# [SimX-DPI] Read 8 bytes from 0x80004968
# [SimX-DPI] Read 8 bytes from 0x80004970
# [SimX-DPI] Read 8 bytes from 0x80004978
# [SimX-DPI] Read 8 bytes from 0x80004980
# [SimX-DPI] Read 8 bytes from 0x80004988
# [SimX-DPI] Read 8 bytes from 0x80004990
# [SimX-DPI] Read 8 bytes from 0x80004998
# [SimX-DPI] Read 8 bytes from 0x800049a0
# [SimX-DPI] Read 8 bytes from 0x800049a8
# [SimX-DPI] Read 8 bytes from 0x800049b0
# [SimX-DPI] Read 8 bytes from 0x800049b8
# [SimX-DPI] Read 8 bytes from 0x800049c0
# [SimX-DPI] Read 8 bytes from 0x800049c8
# [SimX-DPI] Read 8 bytes from 0x800049d0
# [SimX-DPI] Read 8 bytes from 0x800049d8
# [SimX-DPI] Read 8 bytes from 0x800049e0
# [SimX-DPI] Read 8 bytes from 0x800049e8
# [SimX-DPI] Read 8 bytes from 0x800049f0
# [SimX-DPI] Read 8 bytes from 0x800049f8
# [SimX-DPI] Read 8 bytes from 0x80004a00
# [SimX-DPI] Read 8 bytes from 0x80004a08
# [SimX-DPI] Read 8 bytes from 0x80004a10
# [SimX-DPI] Read 8 bytes from 0x80004a18
# [SimX-DPI] Read 8 bytes from 0x80004a20
# [SimX-DPI] Read 8 bytes from 0x80004a28
# [SimX-DPI] Read 8 bytes from 0x80004a30
# [SimX-DPI] Read 8 bytes from 0x80004a38
# [SimX-DPI] Read 8 bytes from 0x80004a40
# [SimX-DPI] Read 8 bytes from 0x80004a48
# [SimX-DPI] Read 8 bytes from 0x80004a50
# [SimX-DPI] Read 8 bytes from 0x80004a58
# [SimX-DPI] Read 8 bytes from 0x80004a60
# [SimX-DPI] Read 8 bytes from 0x80004a68
# [SimX-DPI] Read 8 bytes from 0x80004a70
# [SimX-DPI] Read 8 bytes from 0x80004a78
# [SimX-DPI] Read 8 bytes from 0x80004a80
# [SimX-DPI] Read 8 bytes from 0x80004a88
# [SimX-DPI] Read 8 bytes from 0x80004a90
# [SimX-DPI] Read 8 bytes from 0x80004a98
# [SimX-DPI] Read 8 bytes from 0x80004aa0
# [SimX-DPI] Read 8 bytes from 0x80004aa8
# [SimX-DPI] Read 8 bytes from 0x80004ab0
# [SimX-DPI] Read 8 bytes from 0x80004ab8
# [SimX-DPI] Read 8 bytes from 0x80004ac0
# [SimX-DPI] Read 8 bytes from 0x80004ac8
# [SimX-DPI] Read 8 bytes from 0x80004ad0
# [SimX-DPI] Read 8 bytes from 0x80004ad8
# [SimX-DPI] Read 8 bytes from 0x80004ae0
# [SimX-DPI] Read 8 bytes from 0x80004ae8
# [SimX-DPI] Read 8 bytes from 0x80004af0
# [SimX-DPI] Read 8 bytes from 0x80004af8
# [SimX-DPI] Read 8 bytes from 0x80004b00
# [SimX-DPI] Read 8 bytes from 0x80004b08
# [SimX-DPI] Read 8 bytes from 0x80004b10
# [SimX-DPI] Read 8 bytes from 0x80004b18
# [SimX-DPI] Read 8 bytes from 0x80004b20
# [SimX-DPI] Read 8 bytes from 0x80004b28
# [SimX-DPI] Read 8 bytes from 0x80004b30
# [SimX-DPI] Read 8 bytes from 0x80004b38
# [SimX-DPI] Read 8 bytes from 0x80004b40
# [SimX-DPI] Read 8 bytes from 0x80004b48
# [SimX-DPI] Read 8 bytes from 0x80004b50
# [SimX-DPI] Read 8 bytes from 0x80004b58
# [SimX-DPI] Read 8 bytes from 0x80004b60
# [SimX-DPI] Read 8 bytes from 0x80004b68
# [SimX-DPI] Read 8 bytes from 0x80004b70
# [SimX-DPI] Read 8 bytes from 0x80004b78
# [SimX-DPI] Read 8 bytes from 0x80004b80
# [SimX-DPI] Read 8 bytes from 0x80004b88
# [SimX-DPI] Read 8 bytes from 0x80004b90
# [SimX-DPI] Read 8 bytes from 0x80004b98
# [SimX-DPI] Read 8 bytes from 0x80004ba0
# [SimX-DPI] Read 8 bytes from 0x80004ba8
# [SimX-DPI] Read 8 bytes from 0x80004bb0
# [SimX-DPI] Read 8 bytes from 0x80004bb8
# [SimX-DPI] Read 8 bytes from 0x80004bc0
# [SimX-DPI] Read 8 bytes from 0x80004bc8
# [SimX-DPI] Read 8 bytes from 0x80004bd0
# [SimX-DPI] Read 8 bytes from 0x80004bd8
# [SimX-DPI] Read 8 bytes from 0x80004be0
# [SimX-DPI] Read 8 bytes from 0x80004be8
# [SimX-DPI] Read 8 bytes from 0x80004bf0
# [SimX-DPI] Read 8 bytes from 0x80004bf8
# [SimX-DPI] Read 8 bytes from 0x80004c00
# [SimX-DPI] Read 8 bytes from 0x80004c08
# [SimX-DPI] Read 8 bytes from 0x80004c10
# [SimX-DPI] Read 8 bytes from 0x80004c18
# [SimX-DPI] Read 8 bytes from 0x80004c20
# [SimX-DPI] Read 8 bytes from 0x80004c28
# [SimX-DPI] Read 8 bytes from 0x80004c30
# [SimX-DPI] Read 8 bytes from 0x80004c38
# [SimX-DPI] Read 8 bytes from 0x80004c40
# [SimX-DPI] Read 8 bytes from 0x80004c48
# [SimX-DPI] Read 8 bytes from 0x80004c50
# [SimX-DPI] Read 8 bytes from 0x80004c58
# [SimX-DPI] Read 8 bytes from 0x80004c60
# [SimX-DPI] Read 8 bytes from 0x80004c68
# [SimX-DPI] Read 8 bytes from 0x80004c70
# [SimX-DPI] Read 8 bytes from 0x80004c78
# [SimX-DPI] Read 8 bytes from 0x80004c80
# [SimX-DPI] Read 8 bytes from 0x80004c88
# [SimX-DPI] Read 8 bytes from 0x80004c90
# [SimX-DPI] Read 8 bytes from 0x80004c98
# [SimX-DPI] Read 8 bytes from 0x80004ca0
# [SimX-DPI] Read 8 bytes from 0x80004ca8
# [SimX-DPI] Read 8 bytes from 0x80004cb0
# [SimX-DPI] Read 8 bytes from 0x80004cb8
# [SimX-DPI] Read 8 bytes from 0x80004cc0
# [SimX-DPI] Read 8 bytes from 0x80004cc8
# [SimX-DPI] Read 8 bytes from 0x80004cd0
# [SimX-DPI] Read 8 bytes from 0x80004cd8
# [SimX-DPI] Read 8 bytes from 0x80004ce0
# [SimX-DPI] Read 8 bytes from 0x80004ce8
# [SimX-DPI] Read 8 bytes from 0x80004cf0
# [SimX-DPI] Read 8 bytes from 0x80004cf8
# [SimX-DPI] Read 8 bytes from 0x80004d00
# [SimX-DPI] Read 8 bytes from 0x80004d08
# [SimX-DPI] Read 8 bytes from 0x80004d10
# [SimX-DPI] Read 8 bytes from 0x80004d18
# [SimX-DPI] Read 8 bytes from 0x80004d20
# [SimX-DPI] Read 8 bytes from 0x80004d28
# [SimX-DPI] Read 8 bytes from 0x80004d30
# [SimX-DPI] Read 8 bytes from 0x80004d38
# [SimX-DPI] Read 8 bytes from 0x80004d40
# [SimX-DPI] Read 8 bytes from 0x80004d48
# [SimX-DPI] Read 8 bytes from 0x80004d50
# [SimX-DPI] Read 8 bytes from 0x80004d58
# [SimX-DPI] Read 8 bytes from 0x80004d60
# [SimX-DPI] Read 8 bytes from 0x80004d68
# [SimX-DPI] Read 8 bytes from 0x80004d70
# [SimX-DPI] Read 8 bytes from 0x80004d78
# [SimX-DPI] Read 8 bytes from 0x80004d80
# [SimX-DPI] Read 8 bytes from 0x80004d88
# [SimX-DPI] Read 8 bytes from 0x80004d90
# [SimX-DPI] Read 8 bytes from 0x80004d98
# [SimX-DPI] Read 8 bytes from 0x80004da0
# [SimX-DPI] Read 8 bytes from 0x80004da8
# [SimX-DPI] Read 8 bytes from 0x80004db0
# [SimX-DPI] Read 8 bytes from 0x80004db8
# [SimX-DPI] Read 8 bytes from 0x80004dc0
# [SimX-DPI] Read 8 bytes from 0x80004dc8
# [SimX-DPI] Read 8 bytes from 0x80004dd0
# [SimX-DPI] Read 8 bytes from 0x80004dd8
# [SimX-DPI] Read 8 bytes from 0x80004de0
# [SimX-DPI] Read 8 bytes from 0x80004de8
# [SimX-DPI] Read 8 bytes from 0x80004df0
# [SimX-DPI] Read 8 bytes from 0x80004df8
# [SimX-DPI] Read 8 bytes from 0x80004e00
# [SimX-DPI] Read 8 bytes from 0x80004e08
# [SimX-DPI] Read 8 bytes from 0x80004e10
# [SimX-DPI] Read 8 bytes from 0x80004e18
# [SimX-DPI] Read 8 bytes from 0x80004e20
# [SimX-DPI] Read 8 bytes from 0x80004e28
# [SimX-DPI] Read 8 bytes from 0x80004e30
# [SimX-DPI] Read 8 bytes from 0x80004e38
# [SimX-DPI] Read 8 bytes from 0x80004e40
# [SimX-DPI] Read 8 bytes from 0x80004e48
# [SimX-DPI] Read 8 bytes from 0x80004e50
# [SimX-DPI] Read 8 bytes from 0x80004e58
# [SimX-DPI] Read 8 bytes from 0x80004e60
# [SimX-DPI] Read 8 bytes from 0x80004e68
# [SimX-DPI] Read 8 bytes from 0x80004e70
# [SimX-DPI] Read 8 bytes from 0x80004e78
# [SimX-DPI] Read 8 bytes from 0x80004e80
# [SimX-DPI] Read 8 bytes from 0x80004e88
# [SimX-DPI] Read 8 bytes from 0x80004e90
# [SimX-DPI] Read 8 bytes from 0x80004e98
# [SimX-DPI] Read 8 bytes from 0x80004ea0
# [SimX-DPI] Read 8 bytes from 0x80004ea8
# [SimX-DPI] Read 8 bytes from 0x80004eb0
# [SimX-DPI] Read 8 bytes from 0x80004eb8
# [SimX-DPI] Read 8 bytes from 0x80004ec0
# [SimX-DPI] Read 8 bytes from 0x80004ec8
# [SimX-DPI] Read 8 bytes from 0x80004ed0
# [SimX-DPI] Read 8 bytes from 0x80004ed8
# [SimX-DPI] Read 8 bytes from 0x80004ee0
# [SimX-DPI] Read 8 bytes from 0x80004ee8
# [SimX-DPI] Read 8 bytes from 0x80004ef0
# [SimX-DPI] Read 8 bytes from 0x80004ef8
# [SimX-DPI] Read 8 bytes from 0x80004f00
# [SimX-DPI] Read 8 bytes from 0x80004f08
# [SimX-DPI] Read 8 bytes from 0x80004f10
# [SimX-DPI] Read 8 bytes from 0x80004f18
# [SimX-DPI] Read 8 bytes from 0x80004f20
# [SimX-DPI] Read 8 bytes from 0x80004f28
# [SimX-DPI] Read 8 bytes from 0x80004f30
# [SimX-DPI] Read 8 bytes from 0x80004f38
# [SimX-DPI] Read 8 bytes from 0x80004f40
# [SimX-DPI] Read 8 bytes from 0x80004f48
# [SimX-DPI] Read 8 bytes from 0x80004f50
# [SimX-DPI] Read 8 bytes from 0x80004f58
# [SimX-DPI] Read 8 bytes from 0x80004f60
# [SimX-DPI] Read 8 bytes from 0x80004f68
# [SimX-DPI] Read 8 bytes from 0x80004f70
# [SimX-DPI] Read 8 bytes from 0x80004f78
# [SimX-DPI] Read 8 bytes from 0x80004f80
# [SimX-DPI] Read 8 bytes from 0x80004f88
# [SimX-DPI] Read 8 bytes from 0x80004f90
# [SimX-DPI] Read 8 bytes from 0x80004f98
# [SimX-DPI] Read 8 bytes from 0x80004fa0
# [SimX-DPI] Read 8 bytes from 0x80004fa8
# [SimX-DPI] Read 8 bytes from 0x80004fb0
# [SimX-DPI] Read 8 bytes from 0x80004fb8
# [SimX-DPI] Read 8 bytes from 0x80004fc0
# [SimX-DPI] Read 8 bytes from 0x80004fc8
# [SimX-DPI] Read 8 bytes from 0x80004fd0
# [SimX-DPI] Read 8 bytes from 0x80004fd8
# [SimX-DPI] Read 8 bytes from 0x80004fe0
# [SimX-DPI] Read 8 bytes from 0x80004fe8
# [SimX-DPI] Read 8 bytes from 0x80004ff0
# [SimX-DPI] Read 8 bytes from 0x80004ff8
# [SimX-DPI] Read 8 bytes from 0x80005000
# [SimX-DPI] Read 8 bytes from 0x80005008
# [SimX-DPI] Read 8 bytes from 0x80005010
# [SimX-DPI] Read 8 bytes from 0x80005018
# [SimX-DPI] Read 8 bytes from 0x80005020
# [SimX-DPI] Read 8 bytes from 0x80005028
# [SimX-DPI] Read 8 bytes from 0x80005030
# [SimX-DPI] Read 8 bytes from 0x80005038
# [SimX-DPI] Read 8 bytes from 0x80005040
# [SimX-DPI] Read 8 bytes from 0x80005048
# [SimX-DPI] Read 8 bytes from 0x80005050
# [SimX-DPI] Read 8 bytes from 0x80005058
# [SimX-DPI] Read 8 bytes from 0x80005060
# [SimX-DPI] Read 8 bytes from 0x80005068
# [SimX-DPI] Read 8 bytes from 0x80005070
# [SimX-DPI] Read 8 bytes from 0x80005078
# [SimX-DPI] Read 8 bytes from 0x80005080
# [SimX-DPI] Read 8 bytes from 0x80005088
# [SimX-DPI] Read 8 bytes from 0x80005090
# [SimX-DPI] Read 8 bytes from 0x80005098
# [SimX-DPI] Read 8 bytes from 0x800050a0
# [SimX-DPI] Read 8 bytes from 0x800050a8
# [SimX-DPI] Read 8 bytes from 0x800050b0
# [SimX-DPI] Read 8 bytes from 0x800050b8
# [SimX-DPI] Read 8 bytes from 0x800050c0
# [SimX-DPI] Read 8 bytes from 0x800050c8
# [SimX-DPI] Read 8 bytes from 0x800050d0
# [SimX-DPI] Read 8 bytes from 0x800050d8
# [SimX-DPI] Read 8 bytes from 0x800050e0
# [SimX-DPI] Read 8 bytes from 0x800050e8
# [SimX-DPI] Read 8 bytes from 0x800050f0
# [SimX-DPI] Read 8 bytes from 0x800050f8
# [SimX-DPI] Read 8 bytes from 0x80005100
# [SimX-DPI] Read 8 bytes from 0x80005108
# [SimX-DPI] Read 8 bytes from 0x80005110
# [SimX-DPI] Read 8 bytes from 0x80005118
# [SimX-DPI] Read 8 bytes from 0x80005120
# [SimX-DPI] Read 8 bytes from 0x80005128
# [SimX-DPI] Read 8 bytes from 0x80005130
# [SimX-DPI] Read 8 bytes from 0x80005138
# [SimX-DPI] Read 8 bytes from 0x80005140
# [SimX-DPI] Read 8 bytes from 0x80005148
# [SimX-DPI] Read 8 bytes from 0x80005150
# [SimX-DPI] Read 8 bytes from 0x80005158
# [SimX-DPI] Read 8 bytes from 0x80005160
# [SimX-DPI] Read 8 bytes from 0x80005168
# [SimX-DPI] Read 8 bytes from 0x80005170
# [SimX-DPI] Read 8 bytes from 0x80005178
# [SimX-DPI] Read 8 bytes from 0x80005180
# [SimX-DPI] Read 8 bytes from 0x80005188
# [SimX-DPI] Read 8 bytes from 0x80005190
# [SimX-DPI] Read 8 bytes from 0x80005198
# [SimX-DPI] Read 8 bytes from 0x800051a0
# [SimX-DPI] Read 8 bytes from 0x800051a8
# [SimX-DPI] Read 8 bytes from 0x800051b0
# [SimX-DPI] Read 8 bytes from 0x800051b8
# [SimX-DPI] Read 8 bytes from 0x800051c0
# [SimX-DPI] Read 8 bytes from 0x800051c8
# [SimX-DPI] Read 8 bytes from 0x800051d0
# [SimX-DPI] Read 8 bytes from 0x800051d8
# [SimX-DPI] Read 8 bytes from 0x800051e0
# [SimX-DPI] Read 8 bytes from 0x800051e8
# [SimX-DPI] Read 8 bytes from 0x800051f0
# [SimX-DPI] Read 8 bytes from 0x800051f8
# [SimX-DPI] Read 8 bytes from 0x80005200
# [SimX-DPI] Read 8 bytes from 0x80005208
# [SimX-DPI] Read 8 bytes from 0x80005210
# [SimX-DPI] Read 8 bytes from 0x80005218
# [SimX-DPI] Read 8 bytes from 0x80005220
# [SimX-DPI] Read 8 bytes from 0x80005228
# [SimX-DPI] Read 8 bytes from 0x80005230
# [SimX-DPI] Read 8 bytes from 0x80005238
# [SimX-DPI] Read 8 bytes from 0x80005240
# [SimX-DPI] Read 8 bytes from 0x80005248
# [SimX-DPI] Read 8 bytes from 0x80005250
# [SimX-DPI] Read 8 bytes from 0x80005258
# [SimX-DPI] Read 8 bytes from 0x80005260
# [SimX-DPI] Read 8 bytes from 0x80005268
# [SimX-DPI] Read 8 bytes from 0x80005270
# [SimX-DPI] Read 8 bytes from 0x80005278
# [SimX-DPI] Read 8 bytes from 0x80005280
# [SimX-DPI] Read 8 bytes from 0x80005288
# [SimX-DPI] Read 8 bytes from 0x80005290
# [SimX-DPI] Read 8 bytes from 0x80005298
# [SimX-DPI] Read 8 bytes from 0x800052a0
# [SimX-DPI] Read 8 bytes from 0x800052a8
# [SimX-DPI] Read 8 bytes from 0x800052b0
# [SimX-DPI] Read 8 bytes from 0x800052b8
# [SimX-DPI] Read 8 bytes from 0x800052c0
# [SimX-DPI] Read 8 bytes from 0x800052c8
# [SimX-DPI] Read 8 bytes from 0x800052d0
# [SimX-DPI] Read 8 bytes from 0x800052d8
# [SimX-DPI] Read 8 bytes from 0x800052e0
# [SimX-DPI] Read 8 bytes from 0x800052e8
# [SimX-DPI] Read 8 bytes from 0x800052f0
# [SimX-DPI] Read 8 bytes from 0x800052f8
# [SimX-DPI] Read 8 bytes from 0x80005300
# [SimX-DPI] Read 8 bytes from 0x80005308
# [SimX-DPI] Read 8 bytes from 0x80005310
# [SimX-DPI] Read 8 bytes from 0x80005318
# [SimX-DPI] Read 8 bytes from 0x80005320
# [SimX-DPI] Read 8 bytes from 0x80005328
# [SimX-DPI] Read 8 bytes from 0x80005330
# [SimX-DPI] Read 8 bytes from 0x80005338
# [SimX-DPI] Read 8 bytes from 0x80005340
# [SimX-DPI] Read 8 bytes from 0x80005348
# [SimX-DPI] Read 8 bytes from 0x80005350
# [SimX-DPI] Read 8 bytes from 0x80005358
# [SimX-DPI] Read 8 bytes from 0x80005360
# [SimX-DPI] Read 8 bytes from 0x80005368
# [SimX-DPI] Read 8 bytes from 0x80005370
# [SimX-DPI] Read 8 bytes from 0x80005378
# [SimX-DPI] Read 8 bytes from 0x80005380
# [SimX-DPI] Read 8 bytes from 0x80005388
# [SimX-DPI] Read 8 bytes from 0x80005390
# [SimX-DPI] Read 8 bytes from 0x80005398
# [SimX-DPI] Read 8 bytes from 0x800053a0
# [SimX-DPI] Read 8 bytes from 0x800053a8
# [SimX-DPI] Read 8 bytes from 0x800053b0
# [SimX-DPI] Read 8 bytes from 0x800053b8
# [SimX-DPI] Read 8 bytes from 0x800053c0
# [SimX-DPI] Read 8 bytes from 0x800053c8
# [SimX-DPI] Read 8 bytes from 0x800053d0
# [SimX-DPI] Read 8 bytes from 0x800053d8
# [SimX-DPI] Read 8 bytes from 0x800053e0
# [SimX-DPI] Read 8 bytes from 0x800053e8
# [SimX-DPI] Read 8 bytes from 0x800053f0
# [SimX-DPI] Read 8 bytes from 0x800053f8
# [SimX-DPI] Read 8 bytes from 0x80005400
# [SimX-DPI] Read 8 bytes from 0x80005408
# [SimX-DPI] Read 8 bytes from 0x80005410
# [SimX-DPI] Read 8 bytes from 0x80005418
# [SimX-DPI] Read 8 bytes from 0x80005420
# [SimX-DPI] Read 8 bytes from 0x80005428
# [SimX-DPI] Read 8 bytes from 0x80005430
# [SimX-DPI] Read 8 bytes from 0x80005438
# [SimX-DPI] Read 8 bytes from 0x80005440
# [SimX-DPI] Read 8 bytes from 0x80005448
# [SimX-DPI] Read 8 bytes from 0x80005450
# [SimX-DPI] Read 8 bytes from 0x80005458
# [SimX-DPI] Read 8 bytes from 0x80005460
# [SimX-DPI] Read 8 bytes from 0x80005468
# [SimX-DPI] Read 8 bytes from 0x80005470
# [SimX-DPI] Read 8 bytes from 0x80005478
# [SimX-DPI] Read 8 bytes from 0x80005480
# [SimX-DPI] Read 8 bytes from 0x80005488
# [SimX-DPI] Read 8 bytes from 0x80005490
# [SimX-DPI] Read 8 bytes from 0x80005498
# [SimX-DPI] Read 8 bytes from 0x800054a0
# [SimX-DPI] Read 8 bytes from 0x800054a8
# [SimX-DPI] Read 8 bytes from 0x800054b0
# [SimX-DPI] Read 8 bytes from 0x800054b8
# [SimX-DPI] Read 8 bytes from 0x800054c0
# [SimX-DPI] Read 8 bytes from 0x800054c8
# [SimX-DPI] Read 8 bytes from 0x800054d0
# [SimX-DPI] Read 8 bytes from 0x800054d8
# [SimX-DPI] Read 8 bytes from 0x800054e0
# [SimX-DPI] Read 8 bytes from 0x800054e8
# [SimX-DPI] Read 8 bytes from 0x800054f0
# [SimX-DPI] Read 8 bytes from 0x800054f8
# [SimX-DPI] Read 8 bytes from 0x80005500
# [SimX-DPI] Read 8 bytes from 0x80005508
# [SimX-DPI] Read 8 bytes from 0x80005510
# [SimX-DPI] Read 8 bytes from 0x80005518
# [SimX-DPI] Read 8 bytes from 0x80005520
# [SimX-DPI] Read 8 bytes from 0x80005528
# [SimX-DPI] Read 8 bytes from 0x80005530
# [SimX-DPI] Read 8 bytes from 0x80005538
# [SimX-DPI] Read 8 bytes from 0x80005540
# [SimX-DPI] Read 8 bytes from 0x80005548
# [SimX-DPI] Read 8 bytes from 0x80005550
# [SimX-DPI] Read 8 bytes from 0x80005558
# [SimX-DPI] Read 8 bytes from 0x80005560
# [SimX-DPI] Read 8 bytes from 0x80005568
# [SimX-DPI] Read 8 bytes from 0x80005570
# [SimX-DPI] Read 8 bytes from 0x80005578
# [SimX-DPI] Read 8 bytes from 0x80005580
# [SimX-DPI] Read 8 bytes from 0x80005588
# [SimX-DPI] Read 8 bytes from 0x80005590
# [SimX-DPI] Read 8 bytes from 0x80005598
# [SimX-DPI] Read 8 bytes from 0x800055a0
# [SimX-DPI] Read 8 bytes from 0x800055a8
# [SimX-DPI] Read 8 bytes from 0x800055b0
# [SimX-DPI] Read 8 bytes from 0x800055b8
# [SimX-DPI] Read 8 bytes from 0x800055c0
# [SimX-DPI] Read 8 bytes from 0x800055c8
# [SimX-DPI] Read 8 bytes from 0x800055d0
# [SimX-DPI] Read 8 bytes from 0x800055d8
# [SimX-DPI] Read 8 bytes from 0x800055e0
# [SimX-DPI] Read 8 bytes from 0x800055e8
# [SimX-DPI] Read 8 bytes from 0x800055f0
# [SimX-DPI] Read 8 bytes from 0x800055f8
# [SimX-DPI] Read 8 bytes from 0x80005600
# [SimX-DPI] Read 8 bytes from 0x80005608
# [SimX-DPI] Read 8 bytes from 0x80005610
# [SimX-DPI] Read 8 bytes from 0x80005618
# [SimX-DPI] Read 8 bytes from 0x80005620
# [SimX-DPI] Read 8 bytes from 0x80005628
# [SimX-DPI] Read 8 bytes from 0x80005630
# [SimX-DPI] Read 8 bytes from 0x80005638
# [SimX-DPI] Read 8 bytes from 0x80005640
# [SimX-DPI] Read 8 bytes from 0x80005648
# [SimX-DPI] Read 8 bytes from 0x80005650
# [SimX-DPI] Read 8 bytes from 0x80005658
# [SimX-DPI] Read 8 bytes from 0x80005660
# [SimX-DPI] Read 8 bytes from 0x80005668
# [SimX-DPI] Read 8 bytes from 0x80005670
# [SimX-DPI] Read 8 bytes from 0x80005678
# [SimX-DPI] Read 8 bytes from 0x80005680
# [SimX-DPI] Read 8 bytes from 0x80005688
# [SimX-DPI] Read 8 bytes from 0x80005690
# [SimX-DPI] Read 8 bytes from 0x80005698
# [SimX-DPI] Read 8 bytes from 0x800056a0
# [SimX-DPI] Read 8 bytes from 0x800056a8
# [SimX-DPI] Read 8 bytes from 0x800056b0
# [SimX-DPI] Read 8 bytes from 0x800056b8
# [SimX-DPI] Read 8 bytes from 0x800056c0
# [SimX-DPI] Read 8 bytes from 0x800056c8
# [SimX-DPI] Read 8 bytes from 0x800056d0
# [SimX-DPI] Read 8 bytes from 0x800056d8
# [SimX-DPI] Read 8 bytes from 0x800056e0
# [SimX-DPI] Read 8 bytes from 0x800056e8
# [SimX-DPI] Read 8 bytes from 0x800056f0
# [SimX-DPI] Read 8 bytes from 0x800056f8
# [SimX-DPI] Read 8 bytes from 0x80005700
# [SimX-DPI] Read 8 bytes from 0x80005708
# [SimX-DPI] Read 8 bytes from 0x80005710
# [SimX-DPI] Read 8 bytes from 0x80005718
# [SimX-DPI] Read 8 bytes from 0x80005720
# [SimX-DPI] Read 8 bytes from 0x80005728
# [SimX-DPI] Read 8 bytes from 0x80005730
# [SimX-DPI] Read 8 bytes from 0x80005738
# [SimX-DPI] Read 8 bytes from 0x80005740
# [SimX-DPI] Read 8 bytes from 0x80005748
# [SimX-DPI] Read 8 bytes from 0x80005750
# [SimX-DPI] Read 8 bytes from 0x80005758
# [SimX-DPI] Read 8 bytes from 0x80005760
# [SimX-DPI] Read 8 bytes from 0x80005768
# [SimX-DPI] Read 8 bytes from 0x80005770
# [SimX-DPI] Read 8 bytes from 0x80005778
# [SimX-DPI] Read 8 bytes from 0x80005780
# [SimX-DPI] Read 8 bytes from 0x80005788
# [SimX-DPI] Read 8 bytes from 0x80005790
# [SimX-DPI] Read 8 bytes from 0x80005798
# [SimX-DPI] Read 8 bytes from 0x800057a0
# [SimX-DPI] Read 8 bytes from 0x800057a8
# [SimX-DPI] Read 8 bytes from 0x800057b0
# [SimX-DPI] Read 8 bytes from 0x800057b8
# [SimX-DPI] Read 8 bytes from 0x800057c0
# [SimX-DPI] Read 8 bytes from 0x800057c8
# [SimX-DPI] Read 8 bytes from 0x800057d0
# [SimX-DPI] Read 8 bytes from 0x800057d8
# [SimX-DPI] Read 8 bytes from 0x800057e0
# [SimX-DPI] Read 8 bytes from 0x800057e8
# [SimX-DPI] Read 8 bytes from 0x800057f0
# [SimX-DPI] Read 8 bytes from 0x800057f8
# [SimX-DPI] Read 8 bytes from 0x80005800
# [SimX-DPI] Read 8 bytes from 0x80005808
# [SimX-DPI] Read 8 bytes from 0x80005810
# [SimX-DPI] Read 8 bytes from 0x80005818
# [SimX-DPI] Read 8 bytes from 0x80005820
# [SimX-DPI] Read 8 bytes from 0x80005828
# [SimX-DPI] Read 8 bytes from 0x80005830
# [SimX-DPI] Read 8 bytes from 0x80005838
# [SimX-DPI] Read 8 bytes from 0x80005840
# [SimX-DPI] Read 8 bytes from 0x80005848
# [SimX-DPI] Read 8 bytes from 0x80005850
# [SimX-DPI] Read 8 bytes from 0x80005858
# [SimX-DPI] Read 8 bytes from 0x80005860
# [SimX-DPI] Read 8 bytes from 0x80005868
# [SimX-DPI] Read 8 bytes from 0x80005870
# [SimX-DPI] Read 8 bytes from 0x80005878
# [SimX-DPI] Read 8 bytes from 0x80005880
# [SimX-DPI] Read 8 bytes from 0x80005888
# [SimX-DPI] Read 8 bytes from 0x80005890
# [SimX-DPI] Read 8 bytes from 0x80005898
# [SimX-DPI] Read 8 bytes from 0x800058a0
# [SimX-DPI] Read 8 bytes from 0x800058a8
# [SimX-DPI] Read 8 bytes from 0x800058b0
# [SimX-DPI] Read 8 bytes from 0x800058b8
# [SimX-DPI] Read 8 bytes from 0x800058c0
# [SimX-DPI] Read 8 bytes from 0x800058c8
# [SimX-DPI] Read 8 bytes from 0x800058d0
# [SimX-DPI] Read 8 bytes from 0x800058d8
# [SimX-DPI] Read 8 bytes from 0x800058e0
# [SimX-DPI] Read 8 bytes from 0x800058e8
# [SimX-DPI] Read 8 bytes from 0x800058f0
# [SimX-DPI] Read 8 bytes from 0x800058f8
# [SimX-DPI] Read 8 bytes from 0x80005900
# [SimX-DPI] Read 8 bytes from 0x80005908
# [SimX-DPI] Read 8 bytes from 0x80005910
# [SimX-DPI] Read 8 bytes from 0x80005918
# [SimX-DPI] Read 8 bytes from 0x80005920
# [SimX-DPI] Read 8 bytes from 0x80005928
# [SimX-DPI] Read 8 bytes from 0x80005930
# [SimX-DPI] Read 8 bytes from 0x80005938
# [SimX-DPI] Read 8 bytes from 0x80005940
# [SimX-DPI] Read 8 bytes from 0x80005948
# [SimX-DPI] Read 8 bytes from 0x80005950
# [SimX-DPI] Read 8 bytes from 0x80005958
# [SimX-DPI] Read 8 bytes from 0x80005960
# [SimX-DPI] Read 8 bytes from 0x80005968
# [SimX-DPI] Read 8 bytes from 0x80005970
# [SimX-DPI] Read 8 bytes from 0x80005978
# [SimX-DPI] Read 8 bytes from 0x80005980
# [SimX-DPI] Read 8 bytes from 0x80005988
# [SimX-DPI] Read 8 bytes from 0x80005990
# [SimX-DPI] Read 8 bytes from 0x80005998
# [SimX-DPI] Read 8 bytes from 0x800059a0
# [SimX-DPI] Read 8 bytes from 0x800059a8
# [SimX-DPI] Read 8 bytes from 0x800059b0
# [SimX-DPI] Read 8 bytes from 0x800059b8
# [SimX-DPI] Read 8 bytes from 0x800059c0
# [SimX-DPI] Read 8 bytes from 0x800059c8
# [SimX-DPI] Read 8 bytes from 0x800059d0
# [SimX-DPI] Read 8 bytes from 0x800059d8
# [SimX-DPI] Read 8 bytes from 0x800059e0
# [SimX-DPI] Read 8 bytes from 0x800059e8
# [SimX-DPI] Read 8 bytes from 0x800059f0
# [SimX-DPI] Read 8 bytes from 0x800059f8
# [SimX-DPI] Read 8 bytes from 0x80005a00
# [SimX-DPI] Read 8 bytes from 0x80005a08
# [SimX-DPI] Read 8 bytes from 0x80005a10
# [SimX-DPI] Read 8 bytes from 0x80005a18
# [SimX-DPI] Read 8 bytes from 0x80005a20
# [SimX-DPI] Read 8 bytes from 0x80005a28
# [SimX-DPI] Read 8 bytes from 0x80005a30
# [SimX-DPI] Read 8 bytes from 0x80005a38
# [SimX-DPI] Read 8 bytes from 0x80005a40
# [SimX-DPI] Read 8 bytes from 0x80005a48
# [SimX-DPI] Read 8 bytes from 0x80005a50
# [SimX-DPI] Read 8 bytes from 0x80005a58
# [SimX-DPI] Read 8 bytes from 0x80005a60
# [SimX-DPI] Read 8 bytes from 0x80005a68
# [SimX-DPI] Read 8 bytes from 0x80005a70
# [SimX-DPI] Read 8 bytes from 0x80005a78
# [SimX-DPI] Read 8 bytes from 0x80005a80
# [SimX-DPI] Read 8 bytes from 0x80005a88
# [SimX-DPI] Read 8 bytes from 0x80005a90
# [SimX-DPI] Read 8 bytes from 0x80005a98
# [SimX-DPI] Read 8 bytes from 0x80005aa0
# [SimX-DPI] Read 8 bytes from 0x80005aa8
# [SimX-DPI] Read 8 bytes from 0x80005ab0
# [SimX-DPI] Read 8 bytes from 0x80005ab8
# [SimX-DPI] Read 8 bytes from 0x80005ac0
# [SimX-DPI] Read 8 bytes from 0x80005ac8
# [SimX-DPI] Read 8 bytes from 0x80005ad0
# [SimX-DPI] Read 8 bytes from 0x80005ad8
# [SimX-DPI] Read 8 bytes from 0x80005ae0
# [SimX-DPI] Read 8 bytes from 0x80005ae8
# [SimX-DPI] Read 8 bytes from 0x80005af0
# [SimX-DPI] Read 8 bytes from 0x80005af8
# [SimX-DPI] Read 8 bytes from 0x80005b00
# [SimX-DPI] Read 8 bytes from 0x80005b08
# [SimX-DPI] Read 8 bytes from 0x80005b10
# [SimX-DPI] Read 8 bytes from 0x80005b18
# [SimX-DPI] Read 8 bytes from 0x80005b20
# [SimX-DPI] Read 8 bytes from 0x80005b28
# [SimX-DPI] Read 8 bytes from 0x80005b30
# [SimX-DPI] Read 8 bytes from 0x80005b38
# [SimX-DPI] Read 8 bytes from 0x80005b40
# [SimX-DPI] Read 8 bytes from 0x80005b48
# [SimX-DPI] Read 8 bytes from 0x80005b50
# [SimX-DPI] Read 8 bytes from 0x80005b58
# [SimX-DPI] Read 8 bytes from 0x80005b60
# [SimX-DPI] Read 8 bytes from 0x80005b68
# [SimX-DPI] Read 8 bytes from 0x80005b70
# [SimX-DPI] Read 8 bytes from 0x80005b78
# [SimX-DPI] Read 8 bytes from 0x80005b80
# [SimX-DPI] Read 8 bytes from 0x80005b88
# [SimX-DPI] Read 8 bytes from 0x80005b90
# [SimX-DPI] Read 8 bytes from 0x80005b98
# [SimX-DPI] Read 8 bytes from 0x80005ba0
# [SimX-DPI] Read 8 bytes from 0x80005ba8
# [SimX-DPI] Read 8 bytes from 0x80005bb0
# [SimX-DPI] Read 8 bytes from 0x80005bb8
# [SimX-DPI] Read 8 bytes from 0x80005bc0
# [SimX-DPI] Read 8 bytes from 0x80005bc8
# [SimX-DPI] Read 8 bytes from 0x80005bd0
# [SimX-DPI] Read 8 bytes from 0x80005bd8
# [SimX-DPI] Read 8 bytes from 0x80005be0
# [SimX-DPI] Read 8 bytes from 0x80005be8
# [SimX-DPI] Read 8 bytes from 0x80005bf0
# [SimX-DPI] Read 8 bytes from 0x80005bf8
# [SimX-DPI] Read 8 bytes from 0x80005c00
# [SimX-DPI] Read 8 bytes from 0x80005c08
# [SimX-DPI] Read 8 bytes from 0x80005c10
# [SimX-DPI] Read 8 bytes from 0x80005c18
# [SimX-DPI] Read 8 bytes from 0x80005c20
# [SimX-DPI] Read 8 bytes from 0x80005c28
# [SimX-DPI] Read 8 bytes from 0x80005c30
# [SimX-DPI] Read 8 bytes from 0x80005c38
# [SimX-DPI] Read 8 bytes from 0x80005c40
# [SimX-DPI] Read 8 bytes from 0x80005c48
# [SimX-DPI] Read 8 bytes from 0x80005c50
# [SimX-DPI] Read 8 bytes from 0x80005c58
# [SimX-DPI] Read 8 bytes from 0x80005c60
# [SimX-DPI] Read 8 bytes from 0x80005c68
# [SimX-DPI] Read 8 bytes from 0x80005c70
# [SimX-DPI] Read 8 bytes from 0x80005c78
# [SimX-DPI] Read 8 bytes from 0x80005c80
# [SimX-DPI] Read 8 bytes from 0x80005c88
# [SimX-DPI] Read 8 bytes from 0x80005c90
# [SimX-DPI] Read 8 bytes from 0x80005c98
# [SimX-DPI] Read 8 bytes from 0x80005ca0
# [SimX-DPI] Read 8 bytes from 0x80005ca8
# [SimX-DPI] Read 8 bytes from 0x80005cb0
# [SimX-DPI] Read 8 bytes from 0x80005cb8
# [SimX-DPI] Read 8 bytes from 0x80005cc0
# [SimX-DPI] Read 8 bytes from 0x80005cc8
# [SimX-DPI] Read 8 bytes from 0x80005cd0
# [SimX-DPI] Read 8 bytes from 0x80005cd8
# [SimX-DPI] Read 8 bytes from 0x80005ce0
# [SimX-DPI] Read 8 bytes from 0x80005ce8
# [SimX-DPI] Read 8 bytes from 0x80005cf0
# [SimX-DPI] Read 8 bytes from 0x80005cf8
# [SimX-DPI] Read 8 bytes from 0x80005d00
# [SimX-DPI] Read 8 bytes from 0x80005d08
# [SimX-DPI] Read 8 bytes from 0x80005d10
# [SimX-DPI] Read 8 bytes from 0x80005d18
# [SimX-DPI] Read 8 bytes from 0x80005d20
# [SimX-DPI] Read 8 bytes from 0x80005d28
# [SimX-DPI] Read 8 bytes from 0x80005d30
# [SimX-DPI] Read 8 bytes from 0x80005d38
# [SimX-DPI] Read 8 bytes from 0x80005d40
# [SimX-DPI] Read 8 bytes from 0x80005d48
# [SimX-DPI] Read 8 bytes from 0x80005d50
# [SimX-DPI] Read 8 bytes from 0x80005d58
# [SimX-DPI] Read 8 bytes from 0x80005d60
# [SimX-DPI] Read 8 bytes from 0x80005d68
# [SimX-DPI] Read 8 bytes from 0x80005d70
# [SimX-DPI] Read 8 bytes from 0x80005d78
# [SimX-DPI] Read 8 bytes from 0x80005d80
# [SimX-DPI] Read 8 bytes from 0x80005d88
# [SimX-DPI] Read 8 bytes from 0x80005d90
# [SimX-DPI] Read 8 bytes from 0x80005d98
# [SimX-DPI] Read 8 bytes from 0x80005da0
# [SimX-DPI] Read 8 bytes from 0x80005da8
# [SimX-DPI] Read 8 bytes from 0x80005db0
# [SimX-DPI] Read 8 bytes from 0x80005db8
# [SimX-DPI] Read 8 bytes from 0x80005dc0
# [SimX-DPI] Read 8 bytes from 0x80005dc8
# [SimX-DPI] Read 8 bytes from 0x80005dd0
# [SimX-DPI] Read 8 bytes from 0x80005dd8
# [SimX-DPI] Read 8 bytes from 0x80005de0
# [SimX-DPI] Read 8 bytes from 0x80005de8
# [SimX-DPI] Read 8 bytes from 0x80005df0
# [SimX-DPI] Read 8 bytes from 0x80005df8
# [SimX-DPI] Read 8 bytes from 0x80005e00
# [SimX-DPI] Read 8 bytes from 0x80005e08
# [SimX-DPI] Read 8 bytes from 0x80005e10
# [SimX-DPI] Read 8 bytes from 0x80005e18
# [SimX-DPI] Read 8 bytes from 0x80005e20
# [SimX-DPI] Read 8 bytes from 0x80005e28
# [SimX-DPI] Read 8 bytes from 0x80005e30
# [SimX-DPI] Read 8 bytes from 0x80005e38
# [SimX-DPI] Read 8 bytes from 0x80005e40
# [SimX-DPI] Read 8 bytes from 0x80005e48
# [SimX-DPI] Read 8 bytes from 0x80005e50
# [SimX-DPI] Read 8 bytes from 0x80005e58
# [SimX-DPI] Read 8 bytes from 0x80005e60
# [SimX-DPI] Read 8 bytes from 0x80005e68
# [SimX-DPI] Read 8 bytes from 0x80005e70
# [SimX-DPI] Read 8 bytes from 0x80005e78
# [SimX-DPI] Read 8 bytes from 0x80005e80
# [SimX-DPI] Read 8 bytes from 0x80005e88
# [SimX-DPI] Read 8 bytes from 0x80005e90
# [SimX-DPI] Read 8 bytes from 0x80005e98
# [SimX-DPI] Read 8 bytes from 0x80005ea0
# [SimX-DPI] Read 8 bytes from 0x80005ea8
# [SimX-DPI] Read 8 bytes from 0x80005eb0
# [SimX-DPI] Read 8 bytes from 0x80005eb8
# [SimX-DPI] Read 8 bytes from 0x80005ec0
# [SimX-DPI] Read 8 bytes from 0x80005ec8
# [SimX-DPI] Read 8 bytes from 0x80005ed0
# [SimX-DPI] Read 8 bytes from 0x80005ed8
# [SimX-DPI] Read 8 bytes from 0x80005ee0
# [SimX-DPI] Read 8 bytes from 0x80005ee8
# [SimX-DPI] Read 8 bytes from 0x80005ef0
# [SimX-DPI] Read 8 bytes from 0x80005ef8
# [SimX-DPI] Read 8 bytes from 0x80005f00
# [SimX-DPI] Read 8 bytes from 0x80005f08
# [SimX-DPI] Read 8 bytes from 0x80005f10
# [SimX-DPI] Read 8 bytes from 0x80005f18
# [SimX-DPI] Read 8 bytes from 0x80005f20
# [SimX-DPI] Read 8 bytes from 0x80005f28
# [SimX-DPI] Read 8 bytes from 0x80005f30
# [SimX-DPI] Read 8 bytes from 0x80005f38
# [SimX-DPI] Read 8 bytes from 0x80005f40
# [SimX-DPI] Read 8 bytes from 0x80005f48
# [SimX-DPI] Read 8 bytes from 0x80005f50
# [SimX-DPI] Read 8 bytes from 0x80005f58
# [SimX-DPI] Read 8 bytes from 0x80005f60
# [SimX-DPI] Read 8 bytes from 0x80005f68
# [SimX-DPI] Read 8 bytes from 0x80005f70
# [SimX-DPI] Read 8 bytes from 0x80005f78
# [SimX-DPI] Read 8 bytes from 0x80005f80
# [SimX-DPI] Read 8 bytes from 0x80005f88
# [SimX-DPI] Read 8 bytes from 0x80005f90
# [SimX-DPI] Read 8 bytes from 0x80005f98
# [SimX-DPI] Read 8 bytes from 0x80005fa0
# [SimX-DPI] Read 8 bytes from 0x80005fa8
# [SimX-DPI] Read 8 bytes from 0x80005fb0
# [SimX-DPI] Read 8 bytes from 0x80005fb8
# [SimX-DPI] Read 8 bytes from 0x80005fc0
# [SimX-DPI] Read 8 bytes from 0x80005fc8
# [SimX-DPI] Read 8 bytes from 0x80005fd0
# [SimX-DPI] Read 8 bytes from 0x80005fd8
# [SimX-DPI] Read 8 bytes from 0x80005fe0
# [SimX-DPI] Read 8 bytes from 0x80005fe8
# [SimX-DPI] Read 8 bytes from 0x80005ff0
# [SimX-DPI] Read 8 bytes from 0x80005ff8
# [SimX-DPI] Read 8 bytes from 0x80006000
# [SimX-DPI] Read 8 bytes from 0x80006008
# [SimX-DPI] Read 8 bytes from 0x80006010
# [SimX-DPI] Read 8 bytes from 0x80006018
# [SimX-DPI] Read 8 bytes from 0x80006020
# [SimX-DPI] Read 8 bytes from 0x80006028
# [SimX-DPI] Read 8 bytes from 0x80006030
# [SimX-DPI] Read 8 bytes from 0x80006038
# [SimX-DPI] Read 8 bytes from 0x80006040
# [SimX-DPI] Read 8 bytes from 0x80006048
# [SimX-DPI] Read 8 bytes from 0x80006050
# [SimX-DPI] Read 8 bytes from 0x80006058
# [SimX-DPI] Read 8 bytes from 0x80006060
# [SimX-DPI] Read 8 bytes from 0x80006068
# [SimX-DPI] Read 8 bytes from 0x80006070
# [SimX-DPI] Read 8 bytes from 0x80006078
# [SimX-DPI] Read 8 bytes from 0x80006080
# [SimX-DPI] Read 8 bytes from 0x80006088
# [SimX-DPI] Read 8 bytes from 0x80006090
# [SimX-DPI] Read 8 bytes from 0x80006098
# [SimX-DPI] Read 8 bytes from 0x800060a0
# [SimX-DPI] Read 8 bytes from 0x800060a8
# [SimX-DPI] Read 8 bytes from 0x800060b0
# [SimX-DPI] Read 8 bytes from 0x800060b8
# [SimX-DPI] Read 8 bytes from 0x800060c0
# [SimX-DPI] Read 8 bytes from 0x800060c8
# [SimX-DPI] Read 8 bytes from 0x800060d0
# [SimX-DPI] Read 8 bytes from 0x800060d8
# [SimX-DPI] Read 8 bytes from 0x800060e0
# [SimX-DPI] Read 8 bytes from 0x800060e8
# [SimX-DPI] Read 8 bytes from 0x800060f0
# [SimX-DPI] Read 8 bytes from 0x800060f8
# [SimX-DPI] Read 8 bytes from 0x80006100
# [SimX-DPI] Read 8 bytes from 0x80006108
# [SimX-DPI] Read 8 bytes from 0x80006110
# [SimX-DPI] Read 8 bytes from 0x80006118
# [SimX-DPI] Read 8 bytes from 0x80006120
# [SimX-DPI] Read 8 bytes from 0x80006128
# [SimX-DPI] Read 8 bytes from 0x80006130
# [SimX-DPI] Read 8 bytes from 0x80006138
# [SimX-DPI] Read 8 bytes from 0x80006140
# [SimX-DPI] Read 8 bytes from 0x80006148
# [SimX-DPI] Read 8 bytes from 0x80006150
# [SimX-DPI] Read 8 bytes from 0x80006158
# [SimX-DPI] Read 8 bytes from 0x80006160
# [SimX-DPI] Read 8 bytes from 0x80006168
# [SimX-DPI] Read 8 bytes from 0x80006170
# [SimX-DPI] Read 8 bytes from 0x80006178
# [SimX-DPI] Read 8 bytes from 0x80006180
# [SimX-DPI] Read 8 bytes from 0x80006188
# [SimX-DPI] Read 8 bytes from 0x80006190
# [SimX-DPI] Read 8 bytes from 0x80006198
# [SimX-DPI] Read 8 bytes from 0x800061a0
# [SimX-DPI] Read 8 bytes from 0x800061a8
# [SimX-DPI] Read 8 bytes from 0x800061b0
# [SimX-DPI] Read 8 bytes from 0x800061b8
# [SimX-DPI] Read 8 bytes from 0x800061c0
# [SimX-DPI] Read 8 bytes from 0x800061c8
# [SimX-DPI] Read 8 bytes from 0x800061d0
# [SimX-DPI] Read 8 bytes from 0x800061d8
# [SimX-DPI] Read 8 bytes from 0x800061e0
# [SimX-DPI] Read 8 bytes from 0x800061e8
# [SimX-DPI] Read 8 bytes from 0x800061f0
# [SimX-DPI] Read 8 bytes from 0x800061f8
# [SimX-DPI] Read 8 bytes from 0x80006200
# [SimX-DPI] Read 8 bytes from 0x80006208
# [SimX-DPI] Read 8 bytes from 0x80006210
# [SimX-DPI] Read 8 bytes from 0x80006218
# [SimX-DPI] Read 8 bytes from 0x80006220
# [SimX-DPI] Read 8 bytes from 0x80006228
# [SimX-DPI] Read 8 bytes from 0x80006230
# [SimX-DPI] Read 8 bytes from 0x80006238
# [SimX-DPI] Read 8 bytes from 0x80006240
# [SimX-DPI] Read 8 bytes from 0x80006248
# [SimX-DPI] Read 8 bytes from 0x80006250
# [SimX-DPI] Read 8 bytes from 0x80006258
# [SimX-DPI] Read 8 bytes from 0x80006260
# [SimX-DPI] Read 8 bytes from 0x80006268
# [SimX-DPI] Read 8 bytes from 0x80006270
# [SimX-DPI] Read 8 bytes from 0x80006278
# [SimX-DPI] Read 8 bytes from 0x80006280
# [SimX-DPI] Read 8 bytes from 0x80006288
# [SimX-DPI] Read 8 bytes from 0x80006290
# [SimX-DPI] Read 8 bytes from 0x80006298
# [SimX-DPI] Read 8 bytes from 0x800062a0
# [SimX-DPI] Read 8 bytes from 0x800062a8
# [SimX-DPI] Read 8 bytes from 0x800062b0
# [SimX-DPI] Read 8 bytes from 0x800062b8
# [SimX-DPI] Read 8 bytes from 0x800062c0
# [SimX-DPI] Read 8 bytes from 0x800062c8
# [SimX-DPI] Read 8 bytes from 0x800062d0
# [SimX-DPI] Read 8 bytes from 0x800062d8
# [SimX-DPI] Read 8 bytes from 0x800062e0
# [SimX-DPI] Read 8 bytes from 0x800062e8
# [SimX-DPI] Read 8 bytes from 0x800062f0
# [SimX-DPI] Read 8 bytes from 0x800062f8
# [SimX-DPI] Read 8 bytes from 0x80006300
# [SimX-DPI] Read 8 bytes from 0x80006308
# [SimX-DPI] Read 8 bytes from 0x80006310
# [SimX-DPI] Read 8 bytes from 0x80006318
# [SimX-DPI] Read 8 bytes from 0x80006320
# [SimX-DPI] Read 8 bytes from 0x80006328
# [SimX-DPI] Read 8 bytes from 0x80006330
# [SimX-DPI] Read 8 bytes from 0x80006338
# [SimX-DPI] Read 8 bytes from 0x80006340
# [SimX-DPI] Read 8 bytes from 0x80006348
# [SimX-DPI] Read 8 bytes from 0x80006350
# [SimX-DPI] Read 8 bytes from 0x80006358
# [SimX-DPI] Read 8 bytes from 0x80006360
# [SimX-DPI] Read 8 bytes from 0x80006368
# [SimX-DPI] Read 8 bytes from 0x80006370
# [SimX-DPI] Read 8 bytes from 0x80006378
# [SimX-DPI] Read 8 bytes from 0x80006380
# [SimX-DPI] Read 8 bytes from 0x80006388
# [SimX-DPI] Read 8 bytes from 0x80006390
# [SimX-DPI] Read 8 bytes from 0x80006398
# [SimX-DPI] Read 8 bytes from 0x800063a0
# [SimX-DPI] Read 8 bytes from 0x800063a8
# [SimX-DPI] Read 8 bytes from 0x800063b0
# [SimX-DPI] Read 8 bytes from 0x800063b8
# [SimX-DPI] Read 8 bytes from 0x800063c0
# [SimX-DPI] Read 8 bytes from 0x800073c8
# [SimX-DPI] Read 8 bytes from 0x800073d0
# [SimX-DPI] Read 8 bytes from 0x800073d8
# [SimX-DPI] Read 8 bytes from 0x800073e0
# [SimX-DPI] Read 8 bytes from 0x800073e8
# [SimX-DPI] Read 8 bytes from 0x800073f0
# [SimX-DPI] Read 8 bytes from 0x800073f8
# [SimX-DPI] Read 8 bytes from 0x80007400
# [SimX-DPI] Read 8 bytes from 0x80007408
# [SimX-DPI] Read 8 bytes from 0x80007410
# [SimX-DPI] Read 8 bytes from 0x80007418
# [SimX-DPI] Read 8 bytes from 0x80007420
# [SimX-DPI] Read 8 bytes from 0x80007428
# [SimX-DPI] Read 8 bytes from 0x80007430
# [SimX-DPI] Read 8 bytes from 0x80007438
# [SimX-DPI] Read 8 bytes from 0x80007440
# [SimX-DPI] Read 8 bytes from 0x80007448
# [SimX-DPI] Read 8 bytes from 0x80007450
# [SimX-DPI] Read 8 bytes from 0x80007458
# [SimX-DPI] Read 8 bytes from 0x80007460
# [SimX-DPI] Read 8 bytes from 0x80007468
# [SimX-DPI] Read 8 bytes from 0x80007470
# UVM_INFO /home/samuel_ubuntu22/Vortex_UVM_GP/Vortex/sim/uvmsim/uvm_env/vortex_scoreboard.svh(825) @ 3334745000: uvm_test_top.env.m_scoreboard [SCOREBOARD] compare_all_written: data_compared=2124  fp_tol_passed=0  skipped_stack/MMIO=140  skipped_poison=0  skipped_got=0
# UVM_INFO /home/samuel_ubuntu22/Vortex_UVM_GP/Vortex/sim/uvmsim/uvm_env/agents/status_agent/status_monitor.svh(273) @ 3334745000: uvm_test_top.env.m_status_agent.m_monitor [STATUS_MON] 
# ========================================
#   Program Execution Complete (EBREAK)
# ========================================
#   End Time:     3334745000
#   Duration:     3330850000
#   Total Cycles: 333085
#   Total Instrs: 35848
#   Final IPC:    0.108
# ========================================
# 
# ================================================================================
# VORTEX INTERFACE STATUS @ 3334755000
# ================================================================================
# Clock: 1 | Reset: 1
# 
# STATUS INTERFACE:
#   Busy:   0
#   Idle:   1
#   ebreak: 1
#   Cycles: 333090
#   Instrs: 35848
#   IPC:    0.1076 (calculated)
# 
# AXI INTERFACE:
#   AW: valid=0 ready=1 addr=0x00000000
#   W:  valid=0 ready=0 last=1
#   B:  valid=0 ready=1
#   AR: valid=0 ready=1 addr=0x00000000
#   R:  valid=0 ready=1 last=0
# 
# MEMORY INTERFACE:
#   Req: valid=x ready=x rw=x addr=0xxxxxxxx
#   Rsp: valid=x ready=x
# 
# DCR INTERFACE:
#   Write: valid=0 addr=0x002 data=0x00000000
# ================================================================================
# 
# ================================================================================
# VORTEX INTERFACE STATUS @ 3334765000
# ================================================================================
# Clock: 1 | Reset: 1
# 
# STATUS INTERFACE:
#   Busy:   0
#   Idle:   1
#   ebreak: 1
#   Cycles: 333091
#   Instrs: 35848
#   IPC:    0.1076 (calculated)
# 
# AXI INTERFACE:
#   AW: valid=0 ready=1 addr=0x00000000
#   W:  valid=0 ready=0 last=1
#   B:  valid=0 ready=1
#   AR: valid=0 ready=1 addr=0x00000000
#   R:  valid=0 ready=1 last=0
# 
# MEMORY INTERFACE:
#   Req: valid=x ready=x rw=x addr=0xxxxxxxx
#   Rsp: valid=x ready=x
# 
# DCR INTERFACE:
#   Write: valid=0 addr=0x002 data=0x00000000
# ================================================================================
# 
# ================================================================================
# VORTEX INTERFACE STATUS @ 3334775000
# ================================================================================
# Clock: 1 | Reset: 1
# 
# STATUS INTERFACE:
#   Busy:   0
#   Idle:   1
#   ebreak: 1
#   Cycles: 333092
#   Instrs: 35848
#   IPC:    0.1076 (calculated)
# 
# AXI INTERFACE:
#   AW: valid=0 ready=1 addr=0x00000000
#   W:  valid=0 ready=0 last=1
#   B:  valid=0 ready=1
#   AR: valid=0 ready=1 addr=0x00000000
#   R:  valid=0 ready=1 last=0
# 
# MEMORY INTERFACE:
#   Req: valid=x ready=x rw=x addr=0xxxxxxxx
#   Rsp: valid=x ready=x
# 
# DCR INTERFACE:
#   Write: valid=0 addr=0x002 data=0x00000000
# ================================================================================
# 
# ================================================================================
# VORTEX INTERFACE STATUS @ 3334785000
# ================================================================================
# Clock: 1 | Reset: 1
# 
# STATUS INTERFACE:
#   Busy:   0
#   Idle:   1
#   ebreak: 1
#   Cycles: 333093
#   Instrs: 35848
#   IPC:    0.1076 (calculated)
# 
# AXI INTERFACE:
#   AW: valid=0 ready=1 addr=0x00000000
#   W:  valid=0 ready=0 last=1
#   B:  valid=0 ready=1
#   AR: valid=0 ready=1 addr=0x00000000
#   R:  valid=0 ready=1 last=0
# 
# MEMORY INTERFACE:
#   Req: valid=x ready=x rw=x addr=0xxxxxxxx
#   Rsp: valid=x ready=x
# 
# DCR INTERFACE:
#   Write: valid=0 addr=0x002 data=0x00000000
# ================================================================================
# 
# ================================================================================
# VORTEX INTERFACE STATUS @ 3334795000
# ================================================================================
# Clock: 1 | Reset: 1
# 
# STATUS INTERFACE:
#   Busy:   0
#   Idle:   1
#   ebreak: 1
#   Cycles: 333094
#   Instrs: 35848
#   IPC:    0.1076 (calculated)
# 
# AXI INTERFACE:
#   AW: valid=0 ready=1 addr=0x00000000
#   W:  valid=0 ready=0 last=1
#   B:  valid=0 ready=1
#   AR: valid=0 ready=1 addr=0x00000000
#   R:  valid=0 ready=1 last=0
# 
# MEMORY INTERFACE:
#   Req: valid=x ready=x rw=x addr=0xxxxxxxx
#   Rsp: valid=x ready=x
# 
# DCR INTERFACE:
#   Write: valid=0 addr=0x002 data=0x00000000
# ================================================================================
# UVM_INFO /home/samuel_ubuntu22/Vortex_UVM_GP/Vortex/sim/uvmsim/uvm_tests/vortex_base_test.svh(269) @ 3334795000: uvm_test_top [kernel_launch_test] EBREAK detected and processed
# UVM_INFO /home/samuel_ubuntu22/Vortex_UVM_GP/Vortex/sim/uvmsim/uvm_tests/kernel_launch_test.svh(203) @ 3334795000: uvm_test_top [kernel_launch_test] ----------------------------------------------------------------
# UVM_INFO /home/samuel_ubuntu22/Vortex_UVM_GP/Vortex/sim/uvmsim/uvm_tests/kernel_launch_test.svh(204) @ 3334795000: uvm_test_top [kernel_launch_test]  KERNEL LAUNCH TEST â RESULT VALIDATION                        
# UVM_INFO /home/samuel_ubuntu22/Vortex_UVM_GP/Vortex/sim/uvmsim/uvm_tests/kernel_launch_test.svh(205) @ 3334795000: uvm_test_top [kernel_launch_test] ----------------------------------------------------------------
# UVM_INFO /home/samuel_ubuntu22/Vortex_UVM_GP/Vortex/sim/uvmsim/uvm_tests/kernel_launch_test.svh(277) @ 3334795000: uvm_test_top [kernel_launch_test] PASS â verified against SimX (mem comparisons=2124 passed, console checks=0 passed)                                            
# UVM_INFO /home/samuel_ubuntu22/Vortex_UVM_GP/Vortex/sim/uvmsim/uvm_tests/kernel_launch_test.svh(289) @ 3334795000: uvm_test_top [kernel_launch_test] ----------------------------------------------------------------
# UVM_INFO /home/samuel_ubuntu22/Vortex_UVM_GP/Vortex/sim/uvmsim/uvm_tests/vortex_base_test.svh(170) @ 3334795000: uvm_test_top [kernel_launch_test] Test execution complete
# UVM_INFO /opt/questa_sim-2021.2_1/questasim/verilog_src/uvm-1.2/src/base/uvm_objection.svh(1270) @ 3334795000: reporter [TEST_DONE] 'run' phase is ready to proceed to the 'extract' phase
# UVM_INFO /home/samuel_ubuntu22/Vortex_UVM_GP/Vortex/sim/uvmsim/uvm_env/ral/vortex_dcr_ral_pkg.sv(347) @ 3334795000: uvm_test_top.env.m_dcr_ral_checker [DCR_RAL] DCR backdoor check: observations=1 checked=1 failed=0 unmapped(not built in this config)=0 cores_observed=1
# UVM_INFO /home/samuel_ubuntu22/Vortex_UVM_GP/Vortex/sim/uvmsim/uvm_env/ral/vortex_dcr_ral_pkg.sv(369) @ 3334795000: uvm_test_top.env.m_dcr_ral_checker [DCR_RAL] DCR probe completeness OK: all 1 core(s) reported
# UVM_INFO /home/samuel_ubuntu22/Vortex_UVM_GP/Vortex/sim/uvmsim/uvm_env/agents/axi_agent/axi_driver.svh(375) @ 3334795000: uvm_test_top.env.m_axi_agent.m_driver [AXI_DRV] 
# ========================================
#     AXI Slave Responder Statistics      
# ========================================
#   Total Write Requests Served: 9121
#   Total Read Requests Served:  392
# ========================================
# UVM_INFO /home/samuel_ubuntu22/Vortex_UVM_GP/Vortex/sim/uvmsim/uvm_env/agents/axi_agent/axi_monitor.svh(811) @ 3334795000: uvm_test_top.env.m_axi_agent.m_monitor [AXI_MON] 
# ========================================
#     AXI Monitor Statistics
# ========================================
#   Write Addresses:     9121
#   Write Data Beats:    9121
#   Write Responses:     9121
#   Read Addresses:      392
#   Read Data Beats:     392
#   Protocol Violations: 0
#   R-beat Mismatches:   0
#   mem_model active:    YES
#   Pending AW (no W):   0
#   Pending B:           0
#   Pending R:           0
# ========================================
# UVM_INFO /home/samuel_ubuntu22/Vortex_UVM_GP/Vortex/sim/uvmsim/uvm_env/vortex_coverage_collector.svh(925) @ 3334795000: uvm_test_top.env.m_coverage [COVERAGE] Coverage cfg: enable_coverage=1, axi_agent_enable=1, mem_agent_enable=0
# UVM_INFO /home/samuel_ubuntu22/Vortex_UVM_GP/Vortex/sim/uvmsim/uvm_env/vortex_coverage_collector.svh(926) @ 3334795000: uvm_test_top.env.m_coverage [COVERAGE] Sample counts: mem=0, axi=9513, dcr=7, host=11, status=33348
# UVM_INFO /home/samuel_ubuntu22/Vortex_UVM_GP/Vortex/sim/uvmsim/uvm_env/vortex_coverage_collector.svh(935) @ 3334795000: uvm_test_top.env.m_coverage [COVERAGE] Raw coverage: mem=  0.00, axi= 94.23, dcr= 68.75, host= 89.33, status= 93.20
# UVM_INFO /home/samuel_ubuntu22/Vortex_UVM_GP/Vortex/sim/uvmsim/uvm_env/vortex_coverage_collector.svh(938) @ 3334795000: uvm_test_top.env.m_coverage [COVERAGE] Per-bin hit summary:
# UVM_INFO /home/samuel_ubuntu22/Vortex_UVM_GP/Vortex/sim/uvmsim/uvm_env/vortex_coverage_collector.svh(940) @ 3334795000: uvm_test_top.env.m_coverage [COVERAGE]   AXI addr:high = 9449
# UVM_INFO /home/samuel_ubuntu22/Vortex_UVM_GP/Vortex/sim/uvmsim/uvm_env/vortex_coverage_collector.svh(940) @ 3334795000: uvm_test_top.env.m_coverage [COVERAGE]   AXI addr:low = 64
# UVM_INFO /home/samuel_ubuntu22/Vortex_UVM_GP/Vortex/sim/uvmsim/uvm_env/vortex_coverage_collector.svh(940) @ 3334795000: uvm_test_top.env.m_coverage [COVERAGE]   AXI id:0-63 = 1
# UVM_INFO /home/samuel_ubuntu22/Vortex_UVM_GP/Vortex/sim/uvmsim/uvm_env/vortex_coverage_collector.svh(940) @ 3334795000: uvm_test_top.env.m_coverage [COVERAGE]   AXI id:192-255 = 9512
# UVM_INFO /home/samuel_ubuntu22/Vortex_UVM_GP/Vortex/sim/uvmsim/uvm_env/vortex_coverage_collector.svh(940) @ 3334795000: uvm_test_top.env.m_coverage [COVERAGE]   AXI len:single = 9513
# UVM_INFO /home/samuel_ubuntu22/Vortex_UVM_GP/Vortex/sim/uvmsim/uvm_env/vortex_coverage_collector.svh(940) @ 3334795000: uvm_test_top.env.m_coverage [COVERAGE]   AXI type:0 = 392
# UVM_INFO /home/samuel_ubuntu22/Vortex_UVM_GP/Vortex/sim/uvmsim/uvm_env/vortex_coverage_collector.svh(940) @ 3334795000: uvm_test_top.env.m_coverage [COVERAGE]   AXI type:1 = 9121
# UVM_INFO /home/samuel_ubuntu22/Vortex_UVM_GP/Vortex/sim/uvmsim/uvm_env/vortex_coverage_collector.svh(943) @ 3334795000: uvm_test_top.env.m_coverage [COVERAGE]   DCR addr:argv0 = 1
# UVM_INFO /home/samuel_ubuntu22/Vortex_UVM_GP/Vortex/sim/uvmsim/uvm_env/vortex_coverage_collector.svh(943) @ 3334795000: uvm_test_top.env.m_coverage [COVERAGE]   DCR addr:argv1 = 1
# UVM_INFO /home/samuel_ubuntu22/Vortex_UVM_GP/Vortex/sim/uvmsim/uvm_env/vortex_coverage_collector.svh(943) @ 3334795000: uvm_test_top.env.m_coverage [COVERAGE]   DCR addr:mpm_class = 1
# UVM_INFO /home/samuel_ubuntu22/Vortex_UVM_GP/Vortex/sim/uvmsim/uvm_env/vortex_coverage_collector.svh(943) @ 3334795000: uvm_test_top.env.m_coverage [COVERAGE]   DCR addr:startup0 = 2
# UVM_INFO /home/samuel_ubuntu22/Vortex_UVM_GP/Vortex/sim/uvmsim/uvm_env/vortex_coverage_collector.svh(943) @ 3334795000: uvm_test_top.env.m_coverage [COVERAGE]   DCR addr:startup1 = 2
# UVM_INFO /home/samuel_ubuntu22/Vortex_UVM_GP/Vortex/sim/uvmsim/uvm_env/vortex_coverage_collector.svh(943) @ 3334795000: uvm_test_top.env.m_coverage [COVERAGE]   DCR data:hi_code = 2
# UVM_INFO /home/samuel_ubuntu22/Vortex_UVM_GP/Vortex/sim/uvmsim/uvm_env/vortex_coverage_collector.svh(943) @ 3334795000: uvm_test_top.env.m_coverage [COVERAGE]   DCR data:zero = 5
# UVM_INFO /home/samuel_ubuntu22/Vortex_UVM_GP/Vortex/sim/uvmsim/uvm_env/vortex_coverage_collector.svh(946) @ 3334795000: uvm_test_top.env.m_coverage [COVERAGE]   HOST op:2 = 7
# UVM_INFO /home/samuel_ubuntu22/Vortex_UVM_GP/Vortex/sim/uvmsim/uvm_env/vortex_coverage_collector.svh(946) @ 3334795000: uvm_test_top.env.m_coverage [COVERAGE]   HOST op:3 = 2
# UVM_INFO /home/samuel_ubuntu22/Vortex_UVM_GP/Vortex/sim/uvmsim/uvm_env/vortex_coverage_collector.svh(946) @ 3334795000: uvm_test_top.env.m_coverage [COVERAGE]   HOST op:4 = 2
# UVM_INFO /home/samuel_ubuntu22/Vortex_UVM_GP/Vortex/sim/uvmsim/uvm_env/vortex_coverage_collector.svh(946) @ 3334795000: uvm_test_top.env.m_coverage [COVERAGE]   HOST threads:4 = 2
# UVM_INFO /home/samuel_ubuntu22/Vortex_UVM_GP/Vortex/sim/uvmsim/uvm_env/vortex_coverage_collector.svh(946) @ 3334795000: uvm_test_top.env.m_coverage [COVERAGE]   HOST timeout:high = 1
# UVM_INFO /home/samuel_ubuntu22/Vortex_UVM_GP/Vortex/sim/uvmsim/uvm_env/vortex_coverage_collector.svh(946) @ 3334795000: uvm_test_top.env.m_coverage [COVERAGE]   HOST timeout:mid = 10
# UVM_INFO /home/samuel_ubuntu22/Vortex_UVM_GP/Vortex/sim/uvmsim/uvm_env/vortex_coverage_collector.svh(949) @ 3334795000: uvm_test_top.env.m_coverage [COVERAGE]   STATUS busy:0 = 49
# UVM_INFO /home/samuel_ubuntu22/Vortex_UVM_GP/Vortex/sim/uvmsim/uvm_env/vortex_coverage_collector.svh(949) @ 3334795000: uvm_test_top.env.m_coverage [COVERAGE]   STATUS busy:1 = 33299
# UVM_INFO /home/samuel_ubuntu22/Vortex_UVM_GP/Vortex/sim/uvmsim/uvm_env/vortex_coverage_collector.svh(949) @ 3334795000: uvm_test_top.env.m_coverage [COVERAGE]   STATUS ebreak:0 = 33347
# UVM_INFO /home/samuel_ubuntu22/Vortex_UVM_GP/Vortex/sim/uvmsim/uvm_env/vortex_coverage_collector.svh(949) @ 3334795000: uvm_test_top.env.m_coverage [COVERAGE]   STATUS ebreak:1 = 1
# UVM_INFO /home/samuel_ubuntu22/Vortex_UVM_GP/Vortex/sim/uvmsim/uvm_env/vortex_coverage_collector.svh(949) @ 3334795000: uvm_test_top.env.m_coverage [COVERAGE]   STATUS ipc:0 = 47
# UVM_INFO /home/samuel_ubuntu22/Vortex_UVM_GP/Vortex/sim/uvmsim/uvm_env/vortex_coverage_collector.svh(949) @ 3334795000: uvm_test_top.env.m_coverage [COVERAGE]   STATUS ipc:1 = 33010
# UVM_INFO /home/samuel_ubuntu22/Vortex_UVM_GP/Vortex/sim/uvmsim/uvm_env/vortex_coverage_collector.svh(949) @ 3334795000: uvm_test_top.env.m_coverage [COVERAGE]   STATUS ipc:2 = 291
# UVM_INFO /home/samuel_ubuntu22/Vortex_UVM_GP/Vortex/sim/uvmsim/uvm_env/vortex_coverage_collector.svh(949) @ 3334795000: uvm_test_top.env.m_coverage [COVERAGE]   STATUS pc:text_high = 43
# UVM_INFO /home/samuel_ubuntu22/Vortex_UVM_GP/Vortex/sim/uvmsim/uvm_env/vortex_coverage_collector.svh(949) @ 3334795000: uvm_test_top.env.m_coverage [COVERAGE]   STATUS pc:text_low = 32070
# UVM_INFO /home/samuel_ubuntu22/Vortex_UVM_GP/Vortex/sim/uvmsim/uvm_env/vortex_coverage_collector.svh(949) @ 3334795000: uvm_test_top.env.m_coverage [COVERAGE]   STATUS pc:text_mid = 1235
# UVM_INFO /home/samuel_ubuntu22/Vortex_UVM_GP/Vortex/sim/uvmsim/uvm_env/vortex_coverage_collector.svh(949) @ 3334795000: uvm_test_top.env.m_coverage [COVERAGE]   STATUS stall:decode = 131
# UVM_INFO /home/samuel_ubuntu22/Vortex_UVM_GP/Vortex/sim/uvmsim/uvm_env/vortex_coverage_collector.svh(949) @ 3334795000: uvm_test_top.env.m_coverage [COVERAGE]   STATUS stall:execute = 265
# UVM_INFO /home/samuel_ubuntu22/Vortex_UVM_GP/Vortex/sim/uvmsim/uvm_env/vortex_coverage_collector.svh(949) @ 3334795000: uvm_test_top.env.m_coverage [COVERAGE]   STATUS stall:fetch = 57
# UVM_INFO /home/samuel_ubuntu22/Vortex_UVM_GP/Vortex/sim/uvmsim/uvm_env/vortex_coverage_collector.svh(949) @ 3334795000: uvm_test_top.env.m_coverage [COVERAGE]   STATUS stall:issue = 131
# UVM_INFO /home/samuel_ubuntu22/Vortex_UVM_GP/Vortex/sim/uvmsim/uvm_env/vortex_coverage_collector.svh(949) @ 3334795000: uvm_test_top.env.m_coverage [COVERAGE]   STATUS stall:memory = 13
# UVM_INFO /home/samuel_ubuntu22/Vortex_UVM_GP/Vortex/sim/uvmsim/uvm_env/vortex_coverage_collector.svh(981) @ 3334795000: uvm_test_top.env.m_coverage [COVERAGE] 
# ââââââââââââââââââââââââââââââââââââââââââââ
# â   Vortex Interface (Bus) Coverage        â
# â   â sanity check only, NOT sign-off â    â
# â âââââââââââââââââââââââââââââââââââââââââââ£
# â  AXI Transactions  :  94.23%             â
# â  DCR Configuration  :  68.75%             â
# â  Host Operations    :  89.33%             â
# â  Status/Performance :  93.20%             â
# â âââââââââââââââââââââââââââââââââââââââââââ£
# â  INTERFACE SUBTOTAL :  86.38%             â
# ââââââââââââââââââââââââââââââââââââââââââââ
# 
# UVM_INFO /home/samuel_ubuntu22/Vortex_UVM_GP/Vortex/sim/uvmsim/uvm_env/vortex_coverage_collector.svh(1000) @ 3334795000: uvm_test_top.env.m_coverage [COVERAGE] Interface-only subtotal above. Authoritative coverage = merged UCDB via merge_coverage.sh (adds instr_class_cg + code coverage).
# UVM_INFO /home/samuel_ubuntu22/Vortex_UVM_GP/Vortex/sim/uvmsim/uvm_env/agents/dcr_agent/dcr_driver.svh(253) @ 3334795000: uvm_test_top.env.m_dcr_agent.m_driver [DCR_DRV] 
# ========================================
#     DCR Driver Statistics
# ========================================
#   Total Writes:       5
#   Startup Configs:    0
#   Perf Configs:       0
#   Unique DCRs:        5
# ========================================
#   DCR Shadow State:
# 
# UVM_INFO /home/samuel_ubuntu22/Vortex_UVM_GP/Vortex/sim/uvmsim/uvm_env/agents/dcr_agent/dcr_driver.svh(269) @ 3334795000: uvm_test_top.env.m_dcr_agent.m_driver [DCR_DRV]     STARTUP_ADDR0 = 0x80000000
# UVM_INFO /home/samuel_ubuntu22/Vortex_UVM_GP/Vortex/sim/uvmsim/uvm_env/agents/dcr_agent/dcr_driver.svh(269) @ 3334795000: uvm_test_top.env.m_dcr_agent.m_driver [DCR_DRV]     STARTUP_ADDR1 = 0x00000000
# UVM_INFO /home/samuel_ubuntu22/Vortex_UVM_GP/Vortex/sim/uvmsim/uvm_env/agents/dcr_agent/dcr_driver.svh(269) @ 3334795000: uvm_test_top.env.m_dcr_agent.m_driver [DCR_DRV]     ARGV_PTR0 = 0x00000000
# UVM_INFO /home/samuel_ubuntu22/Vortex_UVM_GP/Vortex/sim/uvmsim/uvm_env/agents/dcr_agent/dcr_driver.svh(269) @ 3334795000: uvm_test_top.env.m_dcr_agent.m_driver [DCR_DRV]     ARGV_PTR1 = 0x00000000
# UVM_INFO /home/samuel_ubuntu22/Vortex_UVM_GP/Vortex/sim/uvmsim/uvm_env/agents/dcr_agent/dcr_driver.svh(269) @ 3334795000: uvm_test_top.env.m_dcr_agent.m_driver [DCR_DRV]     MPM_CLASS = 0x00000000
# UVM_INFO /home/samuel_ubuntu22/Vortex_UVM_GP/Vortex/sim/uvmsim/uvm_env/agents/dcr_agent/dcr_monitor.svh(230) @ 3334795000: uvm_test_top.env.m_dcr_agent.m_monitor [DCR_MON] 
# ========================================
#     DCR Monitor Statistics
# ========================================
#   Total Writes:       7
#   Startup Configs:    6
#   Perf Configs:       1
#   Protocol Violations:0
#   Unique DCRs:        5
#   Startup Complete:   YES
# ========================================
# UVM_INFO /home/samuel_ubuntu22/Vortex_UVM_GP/Vortex/sim/uvmsim/uvm_env/agents/host_agent/host_driver.svh(270) @ 3334795000: uvm_test_top.env.m_host_agent.m_driver [HOST_DRV] 
# ========================================
#     Host Driver Statistics
# ========================================
#   Programs Loaded:   0
#   DCR Writes:        2
#   Kernels Launched:  1
#   Completions:       1
#   Timeouts:          0
# ========================================
# UVM_INFO /home/samuel_ubuntu22/Vortex_UVM_GP/Vortex/sim/uvmsim/uvm_env/agents/host_agent/host_monitor.svh(319) @ 3334795000: uvm_test_top.env.m_host_agent.m_monitor [HOST_MON] 
# ========================================
#     Host Monitor Statistics
# ========================================
#   DCR Writes:        7
#   Kernel Launches:   1
#   Kernel Completions:1
# ========================================
# UVM_INFO /home/samuel_ubuntu22/Vortex_UVM_GP/Vortex/sim/uvmsim/uvm_env/vortex_scoreboard.svh(993) @ 3334795000: uvm_test_top.env.m_scoreboard [SCOREBOARD] 
# ââââââââââââââââââââââââââââââââââââââââââââ
# â        Vortex Scoreboard Results         â
# â âââââââââââââââââââââââââââââââââââââââââââ£
# â  Transactions       : 9531               â
# â  DCR Writes         : 7                  â
# â  Memory checks      : 2124               â
# â    Passed           : 2124               â
# â    Failed           : 0                  â
# â  Console checks     : 0                  â
# â    Passed           : 0                  â
# â    Failed           : 0                  â
# â  Total Passed       : 2124               â
# â  Total Failed       : 0                  â
# â  Skipped            : 140                â
# â  Pass Rate          : 100.00           % â
# â  SimX Enabled       : YES                â
# â  SimX Ran           : YES                â
# ââââââââââââââââââââââââââââââââââââââââââââ
# 
# UVM_INFO /home/samuel_ubuntu22/Vortex_UVM_GP/Vortex/sim/uvmsim/uvm_env/vortex_scoreboard.svh(1069) @ 3334795000: uvm_test_top.env.m_scoreboard [SCOREBOARD] SIMULATION PASSED â all checks matched!
# UVM_INFO /home/samuel_ubuntu22/Vortex_UVM_GP/Vortex/sim/uvmsim/uvm_env/agents/status_agent/status_monitor.svh(367) @ 3334795000: uvm_test_top.env.m_status_agent.m_monitor [STATUS_MON] 
# ========================================
#     Status Monitor Statistics
# ========================================
#   Busy Transitions:    1
#   Idle Transitions:    1
#   Execution Started:   YES
#   Execution Completed: YES
#   Total Cycles:        333085
#   Total Instructions:  35848
#   Average IPC:         0.108
#   Peak IPC:            0.310
#   Stall Cycles:        0 (0.00%)
#   Execution Time:      3330850000
# ========================================
# UVM_INFO /home/samuel_ubuntu22/Vortex_UVM_GP/Vortex/sim/uvmsim/uvm_env/vortex_env.svh(405) @ 3334795000: uvm_test_top.env [VORTEX_ENV] Environment report phase complete
# UVM_INFO /home/samuel_ubuntu22/Vortex_UVM_GP/Vortex/sim/uvmsim/uvm_tests/vortex_base_test.svh(316) @ 3334795000: uvm_test_top [kernel_launch_test] 
# ================================================================================
#                               TEST SUMMARY
# ================================================================================
#   Test:         kernel_launch_test
#   Status:       PASSED â
#   Errors:       0
#   Warnings:     0
# --------------------------------------------------------------------------------
#   Cycles:       333095
#   Instructions: 35848
#   IPC:          0.108
# ================================================================================
# UVM_INFO /home/samuel_ubuntu22/Vortex_UVM_GP/Vortex/sim/uvmsim/uvm_tests/vortex_base_test.svh(332) @ 3334795000: uvm_test_top [kernel_launch_test] 
# *** TEST PASSED ***
# 
# UVM_INFO /home/samuel_ubuntu22/Vortex_UVM_GP/Vortex/sim/uvmsim/uvm_env/vortex_scoreboard.svh(965) @ 3334795000: uvm_test_top.env.m_scoreboard [SCOREBOARD] Cleaning up SimX
# [SimX-DPI] ========================================
# [SimX-DPI] Cleaning up SimX...
# [SimX-DPI] Processor deleted
# [SimX-DPI] RAM deleted
# [SimX-DPI] Arch deleted
# [SimX-DPI] Cleanup complete
# [SimX-DPI] ========================================
# UVM_INFO /opt/questa_sim-2021.2_1/questasim/verilog_src/uvm-1.2/src/base/uvm_report_server.svh(847) @ 3334795000: reporter [UVM/REPORT/SERVER] 
# --- UVM Report Summary ---
# 
# ** Report counts by severity
# UVM_INFO :  141
# UVM_WARNING :    0
# UVM_ERROR :    0
# UVM_FATAL :    0
# ** Report counts by id
# [AXI_AGENT]     1
# [AXI_DRV]     3
# [AXI_MON]     2
# [COVERAGE]    43
# [DCR_AGENT]     1
# [DCR_DRV]     9
# [DCR_MON]     2
# [DCR_RAL]     2
# [DCR_SQCR]     1
# [HOST_AGENT]     1
# [HOST_DRV]    10
# [HOST_MON]     5
# [HOST_SEQ]     3
# [HOST_SQCR]     1
# [RNTST]     1
# [SCOREBOARD]    10
# [STATUS_AGENT]     2
# [STATUS_MON]     4
# [TEST_DONE]     1
# [UVM/RELNOTES]     1
# [VIRT_SQCR]     1
# [VORTEX_ENV]    15
# [kernel_launch_test]    20
# [kernel_launch_vseq]     2
# 
# ** Note: $finish    : /opt/questa_sim-2021.2_1/questasim/verilog_src/uvm-1.2/src/base/uvm_root.svh(517)
#    Time: 3334795 ns  Iteration: 69  Instance: /vortex_tb_top
# Break in Task uvm_pkg/uvm_root::run_test at /opt/questa_sim-2021.2_1/questasim/verilog_src/uvm-1.2/src/base/uvm_root.svh line 517
# Stopped at /opt/questa_sim-2021.2_1/questasim/verilog_src/uvm-1.2/src/base/uvm_root.svh line 517
#  coverage save -testname kernel_launch_test_axi_stress /home/samuel_ubuntu22/Vortex_UVM_GP/vortex_uvm_env/results/20260910/run_183508_kernel_launch_test/reports/coverage.ucdb
#  quit -f
# [P1-PROBE vortex_tb_top.dut.vortex.g_clusters[0].cluster.g_sockets[0].socket.g_cores[0].core.commit.u_commit_probe] retired instructions observed = 35848
# 
# ================================================================================
# [TB_TOP @ 3334795000] Simulation Complete
# Test Result:    PASS
#   Total Cycles: 333095  Instructions: 35848
# ================================================================
#   mem_model statistics
# ----------------------------------------------------------------
#   Reads                 : 92888
#   Writes                : 87508
#   Bytes written         : 87508
#   Allocated byte entries: 43756
# ================================================================
# ================================================================================
# 
# End time: 18:37:06 on Sep 10,2026, Elapsed time: 0:01:56
# Errors: 0, Warnings: 49
